image_id,file_type,file_size,resolution_width,resolution_height,collection_date,collection_state
IMG_00001,jpg,0.2047,1600,902,14-01-2026,Tamil Nadu
IMG_00002,jpg,0.2789,1600,902,14-01-2026,Tamil Nadu
IMG_00003,jpg,0.2113,1600,902,14-01-2026,Tamil Nadu
IMG_00004,jpg,0.1627,1600,902,14-01-2026,Tamil Nadu
IMG_00005,jpg,0.2285,1600,902,14-01-2026,Tamil Nadu
IMG_00006,jpg,0.1763,1600,902,14-01-2026,Tamil Nadu
IMG_00007,jpg,0.2321,1600,902,14-01-2026,Tamil Nadu
IMG_00008,jpg,0.2031,1600,902,14-01-2026,Tamil Nadu
IMG_00009,jpg,0.1947,1600,902,14-01-2026,Tamil Nadu
IMG_00010,jpg,0.1667,1600,902,14-01-2026,Tamil Nadu
IMG_00011,jpg,0.2111,1600,902,14-01-2026,Tamil Nadu
IMG_00012,jpg,0.1996,1600,902,14-01-2026,Tamil Nadu
IMG_00013,jpg,0.7888,4624,2080,15-01-2026,Delhi
IMG_00014,jpg,1.7449,4624,2080,15-01-2026,Delhi
IMG_00015,jpg,1.7366,4624,2080,15-01-2026,Delhi
IMG_00016,jpg,1.9054,4624,2080,15-01-2026,Delhi
IMG_00017,jpg,1.8628,4624,2080,15-01-2026,Delhi
IMG_00018,jpg,2.1323,4624,2080,15-01-2026,Delhi
IMG_00019,jpg,2.1954,4624,2080,15-01-2026,Delhi
IMG_00020,jpg,1.1753,4624,2080,16-01-2026,Delhi
IMG_00021,jpg,1.3404,4624,2080,16-01-2026,Delhi
IMG_00022,jpg,1.0053,4624,2080,16-01-2026,Delhi
IMG_00023,jpg,1.1536,4624,2080,16-01-2026,Delhi
IMG_00024,jpg,1.1416,4624,2080,16-01-2026,Delhi
IMG_00025,jpg,1.0385,4624,2080,16-01-2026,Delhi
IMG_00026,jpg,1.4159,4624,2080,16-01-2026,Delhi
IMG_00027,jpg,1.5369,4624,2080,17-01-2026,Delhi
IMG_00028,jpg,1.4958,4624,2080,17-01-2026,Delhi
IMG_00029,jpg,0.9591,4624,2080,17-01-2026,Delhi
IMG_00030,jpg,1.5459,4624,2080,17-01-2026,Delhi
IMG_00031,jpg,1.3063,4624,2080,17-01-2026,Delhi
IMG_00032,jpg,1.1919,4624,2080,17-01-2026,Delhi
IMG_00033,jpg,1.2973,4624,2080,17-01-2026,Delhi
IMG_00034,jpg,0.9345,4624,2080,17-01-2026,Delhi
IMG_00035,jpg,1.1969,4624,2080,18-01-2026,Delhi
IMG_00036,jpg,1.3715,4624,2080,18-01-2026,Delhi
IMG_00037,jpg,1.6152,4624,2080,18-01-2026,Delhi
IMG_00038,jpg,1.5059,4624,2080,18-01-2026,Delhi
IMG_00039,jpg,1.6838,4624,2080,18-01-2026,Delhi
IMG_00040,jpg,1.4814,4624,2080,18-01-2026,Delhi
IMG_00041,jpg,1.8748,4624,2080,18-01-2026,Delhi
IMG_00042,jpg,1.782,4624,2080,18-01-2026,Delhi
IMG_00043,jpg,1.6862,4624,2080,18-01-2026,Delhi
IMG_00044,jpg,1.6147,4624,2080,19-01-2026,Delhi
IMG_00045,jpg,1.6239,4624,2080,19-01-2026,Delhi
IMG_00046,jpg,1.4274,4624,2080,19-01-2026,Delhi
IMG_00047,jpg,1.8571,4624,2080,19-01-2026,Delhi
IMG_00048,jpg,1.865,4624,2080,19-01-2026,Delhi
IMG_00049,jpg,1.9543,4624,2080,19-01-2026,Delhi
IMG_00050,jpg,1.6414,4624,2080,19-01-2026,Delhi
IMG_00051,jpg,1.5961,4624,2080,19-01-2026,Delhi
IMG_00052,jpg,1.7383,4624,2080,20-01-2026,Delhi
IMG_00053,jpg,1.9003,4624,2080,20-01-2026,Delhi
IMG_00054,jpg,2.0157,4624,2080,20-01-2026,Delhi
IMG_00055,jpg,1.5308,4624,2080,20-01-2026,Delhi
IMG_00056,jpg,1.997,4624,2080,20-01-2026,Delhi
IMG_00057,jpg,1.7267,4624,2080,20-01-2026,Delhi
IMG_00058,jpg,1.9507,4624,2080,20-01-2026,Delhi
IMG_00059,jpg,2.1108,4624,2080,20-01-2026,Delhi
IMG_00060,jpg,1.6988,4624,2080,20-01-2026,Delhi
IMG_00061,jpg,1.9744,4624,2080,20-01-2026,Delhi
IMG_00062,jpg,1.7697,4624,2080,20-01-2026,Delhi
IMG_00063,jpg,1.7184,4624,2080,20-01-2026,Delhi
IMG_00064,jpg,1.9072,4624,2080,20-01-2026,Delhi
IMG_00065,jpg,1.749,4624,2080,20-01-2026,Delhi
IMG_00066,jpg,1.9128,4624,2080,20-01-2026,Delhi
IMG_00067,jpg,2.0526,4624,2080,21-01-2026,Delhi
IMG_00068,jpg,1.707,4624,2080,21-01-2026,Delhi
IMG_00069,jpg,1.6577,4624,2080,21-01-2026,Delhi
IMG_00070,jpg,1.444,4624,2080,21-01-2026,Delhi
IMG_00071,jpg,1.5614,4624,2080,21-01-2026,Delhi
IMG_00072,jpg,1.5984,4624,2080,21-01-2026,Delhi
IMG_00073,jpg,1.8102,4624,2080,21-01-2026,Delhi
IMG_00074,jpg,1.7616,4624,2080,21-01-2026,Delhi
IMG_00075,jpg,1.4514,4624,2080,21-01-2026,Delhi
IMG_00076,jpg,1.6134,4624,2080,21-01-2026,Delhi
IMG_00077,jpg,1.5629,4624,2080,21-01-2026,Delhi
IMG_00078,jpg,1.5929,4624,2080,21-01-2026,Delhi
IMG_00079,jpg,1.4409,4624,2080,22-01-2026,Delhi
IMG_00080,jpg,1.2953,4624,2080,22-01-2026,Delhi
IMG_00081,jpg,1.6695,4624,2080,22-01-2026,Delhi
IMG_00082,jpg,1.4924,4624,2080,22-01-2026,Delhi
IMG_00083,jpg,1.6331,4624,2080,22-01-2026,Delhi
IMG_00084,jpg,1.0831,4624,2080,22-01-2026,Delhi
IMG_00085,jpg,1.2813,4624,2080,22-01-2026,Delhi
IMG_00086,jpg,2.0856,4000,2256,22-01-2026,Delhi
IMG_00087,jpg,2.1564,4000,2256,23-01-2026,Delhi
IMG_00088,jpg,2.117,4000,2256,23-01-2026,Delhi
IMG_00089,jpg,1.9337,4000,2256,23-01-2026,Delhi
IMG_00090,jpg,1.8211,4000,2256,23-01-2026,Delhi
IMG_00091,jpg,2.2703,4000,2256,23-01-2026,Delhi
IMG_00092,jpg,1.4842,4000,2256,23-01-2026,Delhi
IMG_00093,jpg,2.0602,4000,2256,23-01-2026,Delhi
IMG_00094,jpg,2.6364,4000,2256,23-01-2026,Delhi
IMG_00095,jpg,2.2096,4000,2256,23-01-2026,Delhi
IMG_00096,jpg,2.0927,4000,2256,23-01-2026,Delhi
IMG_00097,jpg,2.0801,4000,2256,23-01-2026,Delhi
IMG_00098,jpg,2.2477,4000,2256,23-01-2026,Delhi
IMG_00099,jpg,2.7318,4000,2256,24-01-2026,Delhi
IMG_00100,jpg,1.6782,4000,2256,24-01-2026,Delhi
IMG_00101,jpg,2.1795,4000,2256,24-01-2026,Delhi
IMG_00102,jpg,2.4482,4000,2256,24-01-2026,Delhi
IMG_00103,jpg,1.3831,4000,2256,24-01-2026,Delhi
IMG_00104,jpg,2.2066,4000,2256,24-01-2026,Delhi
IMG_00105,jpg,1.1134,4000,2256,24-01-2026,Delhi
IMG_00106,jpg,1.8759,4000,2256,24-01-2026,Delhi
IMG_00107,jpg,0.8132,4000,2256,24-01-2026,Delhi
IMG_00108,jpg,2.3732,4000,2256,24-01-2026,Delhi
IMG_00109,jpg,1.8942,4000,2256,24-01-2026,Delhi
IMG_00110,jpg,2.2477,4000,2256,24-01-2026,Delhi
IMG_00111,jpg,1.835,4000,2256,24-01-2026,Delhi
IMG_00112,jpg,2.2845,4000,2256,25-01-2026,Delhi
IMG_00113,jpg,2.7219,4000,2256,25-01-2026,Delhi
IMG_00114,jpg,1.8467,4000,2256,25-01-2026,Delhi
IMG_00115,jpg,2.5812,4000,2256,25-01-2026,Delhi
IMG_00116,jpg,1.4763,4000,2256,25-01-2026,Delhi
IMG_00117,jpg,2.161,4000,2256,25-01-2026,Delhi
IMG_00118,jpg,2.0838,4000,2256,25-01-2026,Delhi
IMG_00119,jpg,2.4057,4000,2256,25-01-2026,Delhi
IMG_00120,jpg,2.7131,4000,2256,25-01-2026,Delhi
IMG_00121,jpg,2.3296,4000,2256,25-01-2026,Delhi
IMG_00122,jpg,1.8915,4000,2256,25-01-2026,Delhi
IMG_00123,jpg,1.8723,4000,2256,25-01-2026,Delhi
IMG_00124,jpg,2.094,4000,2256,25-01-2026,Delhi
IMG_00125,jpg,1.4579,4000,2256,25-01-2026,Delhi
IMG_00126,jpg,1.6551,4000,2256,25-01-2026,Delhi
IMG_00127,jpg,1.3201,4000,2256,26-01-2026,Delhi
IMG_00128,jpg,1.284,4000,2256,26-01-2026,Delhi
IMG_00129,jpg,1.5533,4000,2256,26-01-2026,Delhi
IMG_00130,jpg,1.8142,4000,2256,26-01-2026,Delhi
IMG_00131,jpg,2.2851,4000,2256,26-01-2026,Delhi
IMG_00132,jpg,1.785,4000,2256,26-01-2026,Delhi
IMG_00133,jpg,1.5646,4000,2256,26-01-2026,Delhi
IMG_00134,jpg,1.6319,4000,2256,26-01-2026,Delhi
IMG_00135,jpg,1.5228,4000,2256,26-01-2026,Delhi
IMG_00136,jpg,1.9641,4000,2256,26-01-2026,Delhi
IMG_00137,jpg,2.0412,4000,2256,27-01-2026,Delhi
IMG_00138,jpg,1.1309,4000,2256,27-01-2026,Delhi
IMG_00139,jpg,1.1623,4000,2256,27-01-2026,Delhi
IMG_00140,jpg,1.3118,4000,2256,27-01-2026,Delhi
IMG_00141,jpg,1.8586,4000,2256,27-01-2026,Delhi
IMG_00142,jpg,1.4469,4000,2256,27-01-2026,Delhi
IMG_00143,jpg,1.48,4000,2256,27-01-2026,Delhi
IMG_00144,jpg,1.6746,4000,2256,27-01-2026,Delhi
IMG_00145,jpg,1.6003,4000,2256,27-01-2026,Delhi
IMG_00146,jpg,1.9528,4000,2256,27-01-2026,Delhi
IMG_00147,jpg,1.7891,4000,2256,27-01-2026,Delhi
IMG_00148,jpg,1.3871,4000,2256,27-01-2026,Delhi
IMG_00149,jpg,1.3688,4000,2256,27-01-2026,Delhi
IMG_00150,jpg,0.8552,4000,2256,27-01-2026,Delhi
IMG_00151,jpg,2.5265,4000,2256,28-01-2026,Delhi
IMG_00152,jpg,2.1717,4000,2256,28-01-2026,Delhi
IMG_00153,jpg,1.6401,4000,2256,28-01-2026,Delhi
IMG_00154,jpg,2.0677,4000,2256,28-01-2026,Delhi
IMG_00155,jpg,1.7712,4000,2256,28-01-2026,Delhi
IMG_00156,jpg,1.6305,4000,2256,28-01-2026,Delhi
IMG_00157,jpg,1.5914,4000,2256,28-01-2026,Delhi
IMG_00158,jpg,1.2614,4000,2256,28-01-2026,Delhi
IMG_00159,jpg,1.8076,4000,2256,28-01-2026,Delhi
IMG_00160,jpg,2.2423,4000,2256,28-01-2026,Delhi
IMG_00161,jpg,1.7828,4000,2256,28-01-2026,Delhi
IMG_00162,jpg,1.9374,4000,2256,29-01-2026,Delhi
IMG_00163,jpg,2.2257,4000,2256,29-01-2026,Delhi
IMG_00164,jpg,1.8479,4000,2256,29-01-2026,Delhi
IMG_00165,jpg,1.4252,4000,2256,29-01-2026,Delhi
IMG_00166,jpg,1.2424,4000,2256,29-01-2026,Delhi
IMG_00167,jpg,1.2484,4000,2256,29-01-2026,Delhi
IMG_00168,jpg,1.1609,4000,2256,29-01-2026,Delhi
IMG_00169,jpg,1.4036,4000,2256,29-01-2026,Delhi
IMG_00170,jpg,1.8601,4000,2256,29-01-2026,Delhi
IMG_00171,jpg,1.0824,4000,2256,29-01-2026,Delhi
IMG_00172,jpg,1.2232,4000,2256,29-01-2026,Delhi
IMG_00173,jpg,1.2708,4000,2256,30-01-2026,Delhi
IMG_00174,jpg,1.3419,4000,2256,30-01-2026,Delhi
IMG_00175,jpg,1.5757,4000,2256,30-01-2026,Delhi
IMG_00176,jpg,2.0398,4000,2256,30-01-2026,Delhi
IMG_00177,jpg,1.2444,4000,2256,30-01-2026,Delhi
IMG_00178,jpg,1.2161,4000,2256,30-01-2026,Delhi
IMG_00179,jpg,1.0012,4000,2256,30-01-2026,Delhi
IMG_00180,jpg,1.0967,4000,2256,30-01-2026,Delhi
IMG_00181,jpg,1.2219,4000,2256,30-01-2026,Delhi
IMG_00182,jpg,1.267,4000,2256,30-01-2026,Delhi
IMG_00183,jpg,1.4904,4000,2256,30-01-2026,Delhi
IMG_00184,jpg,2.175,4000,2256,30-01-2026,Delhi
IMG_00185,jpg,1.9442,4000,2256,30-01-2026,Delhi
IMG_00186,jpg,2.0381,4000,2256,31-01-2026,Delhi
IMG_00187,jpg,2.3061,4000,2256,31-01-2026,Delhi
IMG_00188,jpg,1.9078,4000,2256,31-01-2026,Delhi
IMG_00189,jpg,2.2857,4000,2256,31-01-2026,Delhi
IMG_00190,jpg,2.535,4000,2256,31-01-2026,Delhi
IMG_00191,jpg,1.9234,4000,2256,31-01-2026,Delhi
IMG_00192,jpg,2.1667,4000,2256,31-01-2026,Delhi
IMG_00193,jpg,2.0116,4000,2256,31-01-2026,Delhi
IMG_00194,jpg,2.6164,4000,2256,31-01-2026,Delhi
IMG_00195,jpg,2.2877,4000,2256,31-01-2026,Delhi
IMG_00196,jpg,1.5888,4000,2256,31-01-2026,Delhi
IMG_00197,jpg,1.7533,4000,2256,31-01-2026,Delhi
IMG_00198,jpg,1.565,4000,2256,31-01-2026,Delhi
IMG_00199,jpg,1.2755,4000,2256,31-01-2026,Delhi
IMG_00200,jpg,1.8509,4000,2256,31-01-2026,Delhi
IMG_00201,jpg,1.9379,4000,2256,31-01-2026,Delhi
IMG_00202,jpg,2.3171,4000,2256,31-01-2026,Delhi
IMG_00203,jpg,2.0821,4000,2256,31-01-2026,Delhi
IMG_00204,jpg,1.3246,4000,2256,31-01-2026,Delhi
IMG_00205,jpg,1.5762,4000,2256,01-02-2026,Delhi
IMG_00206,jpg,2.105,4000,2256,01-02-2026,Delhi
IMG_00207,jpg,1.9429,4000,2256,01-02-2026,Delhi
IMG_00208,jpg,2.5363,4000,2256,01-02-2026,Delhi
IMG_00209,jpg,2.2925,4000,2256,01-02-2026,Delhi
IMG_00210,jpg,2.0962,4000,2256,01-02-2026,Delhi
IMG_00211,jpg,1.634,4000,2256,01-02-2026,Delhi
IMG_00212,jpg,1.9321,4000,2256,01-02-2026,Delhi
IMG_00213,jpg,1.9255,4000,2256,01-02-2026,Delhi
IMG_00214,jpg,2.3582,4000,2256,01-02-2026,Delhi
IMG_00215,jpg,2.2439,4000,2256,01-02-2026,Delhi
IMG_00216,jpg,2.2888,4000,2256,01-02-2026,Delhi
IMG_00217,jpg,2.3245,4000,2256,01-02-2026,Delhi
IMG_00218,jpg,2.0458,4000,2256,01-02-2026,Delhi
IMG_00219,jpg,2.2204,4000,2256,01-02-2026,Delhi
IMG_00220,jpg,2.2105,4000,2256,01-02-2026,Delhi
IMG_00221,jpg,2.4399,4000,2256,02-02-2026,Delhi
IMG_00222,jpg,2.0548,4000,2256,02-02-2026,Delhi
IMG_00223,jpg,2.0463,4000,2256,02-02-2026,Delhi
IMG_00224,jpg,2.3668,4000,2256,02-02-2026,Delhi
IMG_00225,jpg,2.2246,4000,2256,02-02-2026,Delhi
IMG_00226,jpg,2.1382,4000,2256,02-02-2026,Delhi
IMG_00227,jpg,1.4142,4000,2256,02-02-2026,Delhi
IMG_00228,jpg,1.8801,4000,2256,02-02-2026,Delhi
IMG_00229,jpg,2.2337,4000,2256,02-02-2026,Delhi
IMG_00230,jpg,1.7198,4000,2256,02-02-2026,Delhi
IMG_00231,jpg,1.8582,4000,2256,02-02-2026,Delhi
IMG_00232,jpg,2.2245,4000,2256,02-02-2026,Delhi
IMG_00233,jpg,2.153,4000,2256,02-02-2026,Delhi
IMG_00234,jpg,1.8376,4000,2256,02-02-2026,Delhi
IMG_00235,jpg,1.5954,4000,2256,03-02-2026,Delhi
IMG_00236,jpg,2.9003,4000,2256,03-02-2026,Delhi
IMG_00237,jpg,3.0048,4000,2256,03-02-2026,Delhi
IMG_00238,jpg,3.0173,4000,2256,03-02-2026,Delhi
IMG_00239,jpg,2.8772,4000,2256,03-02-2026,Delhi
IMG_00240,jpg,2.9353,4000,2256,03-02-2026,Delhi
IMG_00241,jpg,2.5876,4000,2256,03-02-2026,Delhi
IMG_00242,jpg,2.3173,4000,2256,03-02-2026,Delhi
IMG_00243,jpg,2.4194,4000,2256,03-02-2026,Delhi
IMG_00244,jpg,1.885,4000,2256,03-02-2026,Delhi
IMG_00245,jpg,2.205,4000,2256,03-02-2026,Delhi
IMG_00246,jpg,2.4508,4000,2256,03-02-2026,Delhi
IMG_00247,jpg,2.3378,4000,2256,03-02-2026,Delhi
IMG_00248,jpg,2.6754,4000,2256,03-02-2026,Delhi
IMG_00249,jpg,2.3596,4000,2256,03-02-2026,Delhi
IMG_00250,jpg,2.5991,4000,2256,03-02-2026,Delhi
IMG_00251,jpg,2.5519,4000,2256,03-02-2026,Delhi
IMG_00252,jpg,2.7187,4000,2256,03-02-2026,Delhi
IMG_00253,jpg,2.6641,4000,2256,03-02-2026,Delhi
IMG_00254,jpg,2.5401,4000,2256,04-02-2026,Delhi
IMG_00255,jpg,2.3471,4000,2256,04-02-2026,Delhi
IMG_00256,jpg,2.4473,4000,2256,04-02-2026,Delhi
IMG_00257,jpg,2.3391,4000,2256,04-02-2026,Delhi
IMG_00258,jpg,2.0126,4000,2256,04-02-2026,Delhi
IMG_00259,jpg,1.7336,4000,2256,04-02-2026,Delhi
IMG_00260,jpg,2.3466,4000,2256,04-02-2026,Delhi
IMG_00261,jpg,2.4675,4000,2256,04-02-2026,Delhi
IMG_00262,jpg,2.3485,4000,2256,04-02-2026,Delhi
IMG_00263,jpg,1.9825,4000,2256,04-02-2026,Delhi
IMG_00264,jpg,2.2262,4000,2256,04-02-2026,Delhi
IMG_00265,jpg,1.3092,4000,2256,04-02-2026,Delhi
IMG_00266,jpg,1.4448,4000,2256,05-02-2026,Delhi
IMG_00267,jpg,2.4294,4000,2256,05-02-2026,Delhi
IMG_00268,jpg,2.0331,4000,2256,05-02-2026,Delhi
IMG_00269,jpg,2.4189,4000,2256,05-02-2026,Delhi
IMG_00270,jpg,2.1214,4000,2256,05-02-2026,Delhi
IMG_00271,jpg,2.4701,4000,2256,05-02-2026,Delhi
IMG_00272,jpg,1.9013,4000,2256,06-02-2026,Delhi
IMG_00273,jpg,2.1773,4000,2256,06-02-2026,Delhi
IMG_00274,jpg,1.5075,4000,2256,06-02-2026,Delhi
IMG_00275,jpg,3.0036,4000,2256,06-02-2026,Delhi
IMG_00276,jpg,1.1619,4000,2256,06-02-2026,Delhi
IMG_00277,jpg,2.5885,4000,2256,06-02-2026,Delhi
IMG_00278,jpg,2.423,4000,2256,06-02-2026,Delhi
IMG_00279,jpg,2.5496,4000,2256,06-02-2026,Delhi
IMG_00280,jpg,2.273,4000,2256,06-02-2026,Delhi
IMG_00281,jpg,2.8413,4000,2256,06-02-2026,Delhi
IMG_00282,jpg,2.3609,4000,2256,06-02-2026,Delhi
IMG_00283,jpg,1.8823,4000,2256,06-02-2026,Delhi
IMG_00284,jpg,2.0772,4000,2256,06-02-2026,Delhi
IMG_00285,jpg,2.2194,4000,2256,06-02-2026,Delhi
IMG_00286,jpg,1.387,4000,2256,06-02-2026,Delhi
IMG_00287,jpg,1.9251,4000,2256,06-02-2026,Delhi
IMG_00288,jpg,2.1101,4000,2256,06-02-2026,Delhi
IMG_00289,jpg,1.4181,4000,2256,06-02-2026,Delhi
IMG_00290,jpg,2.1169,4000,2256,06-02-2026,Delhi
IMG_00291,jpg,2.0594,4000,2256,06-02-2026,Delhi
IMG_00292,jpg,2.1142,4000,2256,07-02-2026,Delhi
IMG_00293,jpg,0.9869,4000,2256,07-02-2026,Delhi
IMG_00294,jpg,1.8248,4000,2256,07-02-2026,Delhi
IMG_00295,jpg,1.9373,4000,2256,07-02-2026,Delhi
IMG_00296,jpg,2.1208,4000,2256,07-02-2026,Delhi
IMG_00297,jpg,2.3573,4000,2256,07-02-2026,Delhi
IMG_00298,jpg,2.4779,4000,2256,07-02-2026,Delhi
IMG_00299,jpg,2.1586,4000,2256,07-02-2026,Delhi
IMG_00300,jpg,2.1403,4000,2256,08-02-2026,Delhi
IMG_00301,jpg,1.8266,4000,2256,08-02-2026,Delhi
IMG_00302,jpg,1.1607,4000,2256,08-02-2026,Delhi
IMG_00303,jpg,1.3511,4000,2256,08-02-2026,Delhi
IMG_00304,jpg,1.9863,4000,2256,08-02-2026,Delhi
IMG_00305,jpg,1.782,4000,2256,08-02-2026,Delhi
IMG_00306,jpg,1.9461,4000,2256,08-02-2026,Delhi
IMG_00307,jpg,1.7403,4000,2256,08-02-2026,Delhi
IMG_00308,jpg,1.6627,4000,2256,08-02-2026,Delhi
IMG_00309,jpg,2.125,4000,2256,08-02-2026,Delhi
IMG_00310,jpg,1.5935,4000,2256,08-02-2026,Delhi
IMG_00311,jpg,0.9757,4000,2256,08-02-2026,Delhi
IMG_00312,jpg,1.5891,4000,2256,08-02-2026,Delhi
IMG_00313,jpg,0.9725,4000,2256,08-02-2026,Delhi
IMG_00314,jpg,1.325,4000,2256,08-02-2026,Delhi
IMG_00315,jpg,0.4458,4000,2256,09-02-2026,Delhi
IMG_00316,jpg,1.4471,4000,2256,09-02-2026,Delhi
IMG_00317,jpg,0.9665,4000,2256,09-02-2026,Delhi
IMG_00318,jpg,1.1219,4000,2256,09-02-2026,Delhi
IMG_00319,jpg,1.7142,4000,2256,09-02-2026,Delhi
IMG_00320,jpg,1.5452,4000,2256,09-02-2026,Delhi
IMG_00321,jpg,1.2811,4000,2256,09-02-2026,Delhi
IMG_00322,jpg,0.5946,4000,2256,09-02-2026,Delhi
IMG_00323,jpg,0.558,4000,2256,09-02-2026,Delhi
IMG_00324,jpg,2.9741,4624,3468,09-02-2026,Delhi
IMG_00325,jpg,1.3015,4624,2080,09-02-2026,Delhi
IMG_00326,jpg,1.2162,4624,2080,09-02-2026,Delhi
IMG_00327,jpg,1.8092,4624,2080,09-02-2026,Delhi
IMG_00328,jpg,1.165,4624,2080,10-02-2026,Delhi
IMG_00329,jpg,1.1984,4624,2080,10-02-2026,Delhi
IMG_00330,jpg,1.0035,4624,2080,10-02-2026,Delhi
IMG_00331,jpg,1.4857,4624,2080,10-02-2026,Delhi
IMG_00332,jpg,1.3228,4624,2080,10-02-2026,Delhi
IMG_00333,jpg,1.6787,4624,2080,10-02-2026,Delhi
IMG_00334,jpg,1.2749,4624,2080,10-02-2026,Delhi
IMG_00335,jpg,1.3083,4624,2080,10-02-2026,Delhi
IMG_00336,jpg,1.2496,4624,2080,10-02-2026,Delhi
IMG_00337,jpg,1.1776,4624,2080,10-02-2026,Delhi
IMG_00338,jpg,1.2591,4624,2080,10-02-2026,Delhi
IMG_00339,jpg,1.4094,4624,2080,10-02-2026,Delhi
IMG_00340,jpg,1.2647,4624,2080,10-02-2026,Delhi
IMG_00341,jpg,1.6616,4624,2080,10-02-2026,Delhi
IMG_00342,jpg,1.583,4624,2080,11-02-2026,Delhi
IMG_00343,jpg,1.3711,4624,2080,11-02-2026,Delhi
IMG_00344,jpg,1.4597,4624,2080,11-02-2026,Delhi
IMG_00345,jpg,1.1739,4624,2080,11-02-2026,Delhi
IMG_00346,jpg,1.3223,4624,2080,11-02-2026,Delhi
IMG_00347,jpg,1.2686,4624,2080,11-02-2026,Delhi
IMG_00348,jpg,1.3141,4624,2080,11-02-2026,Delhi
IMG_00349,jpg,1.2814,4624,2080,11-02-2026,Delhi
IMG_00350,jpg,1.5434,4624,2080,11-02-2026,Delhi
IMG_00351,jpg,1.5693,4624,2080,12-02-2026,Delhi
IMG_00352,jpg,0.6903,4624,2080,12-02-2026,Delhi
IMG_00353,jpg,1.3367,4624,2080,12-02-2026,Delhi
IMG_00354,jpg,1.1769,4624,2080,12-02-2026,Delhi
IMG_00355,jpg,1.4802,4624,2080,12-02-2026,Delhi
IMG_00356,jpg,1.189,4624,2080,12-02-2026,Delhi
IMG_00357,jpg,1.2759,4624,2080,12-02-2026,Delhi
IMG_00358,jpg,1.3269,4624,2080,12-02-2026,Delhi
IMG_00359,jpg,1.2217,4624,2080,12-02-2026,Delhi
IMG_00360,jpg,0.9288,4624,2080,12-02-2026,Delhi
IMG_00361,jpg,1.1579,4624,2080,12-02-2026,Delhi
IMG_00362,jpg,1.1002,4624,2080,12-02-2026,Delhi
IMG_00363,jpg,1.0213,4624,2080,12-02-2026,Delhi
IMG_00364,jpg,1.2108,4624,2080,12-02-2026,Delhi
IMG_00365,jpg,0.6913,4624,2080,12-02-2026,Delhi
IMG_00366,jpg,1.0563,4624,2080,12-02-2026,Delhi
IMG_00367,jpg,1.2012,4624,2080,12-02-2026,Delhi
IMG_00368,jpg,1.4028,4624,2080,12-02-2026,Delhi
IMG_00369,jpg,1.3632,4624,2080,12-02-2026,Delhi
IMG_00370,jpg,1.5928,4624,2080,12-02-2026,Delhi
IMG_00371,jpg,1.5742,4624,2080,13-02-2026,Delhi
IMG_00372,jpg,1.5593,4624,2080,13-02-2026,Delhi
IMG_00373,jpg,1.1214,4624,2080,13-02-2026,Delhi
IMG_00374,jpg,0.9991,4624,2080,13-02-2026,Delhi
IMG_00375,jpg,1.2156,4624,2080,13-02-2026,Delhi
IMG_00376,jpg,0.8614,4624,2080,13-02-2026,Delhi
IMG_00377,jpg,1.249,4624,2080,13-02-2026,Delhi
IMG_00378,jpg,1.072,4624,2080,13-02-2026,Delhi
IMG_00379,jpg,1.3134,4624,2080,13-02-2026,Delhi
IMG_00380,jpg,1.1491,4624,2080,14-02-2026,Delhi
IMG_00381,jpg,1.159,4624,2080,14-02-2026,Delhi
IMG_00382,jpg,1.2415,4624,2080,14-02-2026,Delhi
IMG_00383,jpg,1.6719,4624,2080,14-02-2026,Delhi
IMG_00384,jpg,0.9633,4624,2080,14-02-2026,Delhi
IMG_00385,jpg,1.1956,4624,2080,14-02-2026,Delhi
IMG_00386,jpg,1.033,4624,2080,14-02-2026,Delhi
IMG_00387,jpg,1.0597,4624,2080,14-02-2026,Delhi
IMG_00388,jpg,1.1906,4624,2080,14-02-2026,Delhi
IMG_00389,jpg,1.1613,4624,2080,14-02-2026,Delhi
IMG_00390,jpg,1.0616,4624,2080,14-02-2026,Delhi
IMG_00391,jpg,1.1594,4624,2080,14-02-2026,Delhi
IMG_00392,jpg,1.2843,4624,2080,14-02-2026,Delhi
IMG_00393,jpg,1.3935,4624,2080,14-02-2026,Delhi
IMG_00394,jpg,1.1906,4624,2080,15-02-2026,Delhi
IMG_00395,jpg,1.1088,4624,2080,15-02-2026,Delhi
IMG_00396,jpg,1.2016,4624,2080,15-02-2026,Delhi
IMG_00397,jpg,1.2958,4624,2080,15-02-2026,Delhi
IMG_00398,jpg,1.256,4624,2080,15-02-2026,Delhi
IMG_00399,jpg,1.5311,4624,2080,15-02-2026,Delhi
IMG_00400,jpg,1.6225,4624,2080,15-02-2026,Delhi
IMG_00401,jpg,1.22,4624,2080,15-02-2026,Delhi
IMG_00402,jpg,1.0828,4624,2080,15-02-2026,Delhi
IMG_00403,jpg,1.3045,4624,2080,15-02-2026,Delhi
IMG_00404,jpg,1.2512,4624,2080,15-02-2026,Delhi
IMG_00405,jpg,1.585,4624,2080,15-02-2026,Delhi
IMG_00406,jpg,1.4217,4624,2080,15-02-2026,Delhi
IMG_00407,jpg,1.3586,4624,2080,15-02-2026,Delhi
IMG_00408,jpg,1.3517,4624,2080,15-02-2026,Delhi
IMG_00409,jpg,0.8023,4624,2080,15-02-2026,Delhi
IMG_00410,jpg,0.7632,4624,2080,16-02-2026,Delhi
IMG_00411,jpg,0.7647,4624,2080,16-02-2026,Delhi
IMG_00412,jpg,1.4686,4624,2080,16-02-2026,Delhi
IMG_00413,jpg,1.4389,4624,2080,16-02-2026,Delhi
IMG_00414,jpg,1.518,4624,2080,16-02-2026,Delhi
IMG_00415,jpg,1.5662,4624,2080,16-02-2026,Delhi
IMG_00416,jpg,1.3906,4624,2080,16-02-2026,Delhi
IMG_00417,jpg,1.1727,4624,2080,16-02-2026,Delhi
IMG_00418,jpg,1.2815,4624,2080,16-02-2026,Delhi
IMG_00419,jpg,1.1629,4624,2080,16-02-2026,Delhi
IMG_00420,jpg,1.0823,4624,2080,16-02-2026,Delhi
IMG_00421,jpg,1.1026,4624,2080,16-02-2026,Delhi
IMG_00422,jpg,1.5546,4624,2080,16-02-2026,Delhi
IMG_00423,jpg,1.5524,4624,2080,16-02-2026,Delhi
IMG_00424,jpg,1.2285,4624,2080,16-02-2026,Delhi
IMG_00425,jpg,1.3349,4624,2080,17-02-2026,Delhi
IMG_00426,jpg,1.3098,4624,2080,17-02-2026,Delhi
IMG_00427,jpg,1.3741,4624,2080,17-02-2026,Delhi
IMG_00428,jpg,1.2614,4624,2080,17-02-2026,Delhi
IMG_00429,jpg,1.2732,4624,2080,17-02-2026,Delhi
IMG_00430,jpg,1.3198,4624,2080,17-02-2026,Delhi
IMG_00431,jpg,1.1929,4624,2080,17-02-2026,Delhi
IMG_00432,jpg,1.2631,4624,2080,17-02-2026,Delhi
IMG_00433,jpg,1.4332,4624,2080,18-02-2026,Delhi
IMG_00434,jpg,1.3186,4624,2080,18-02-2026,Delhi
IMG_00435,jpg,1.4227,4624,2080,18-02-2026,Delhi
IMG_00436,jpg,1.3455,4624,2080,18-02-2026,Delhi
IMG_00437,jpg,1.2293,4624,2080,18-02-2026,Delhi
IMG_00438,jpg,1.3366,4624,2080,18-02-2026,Delhi
IMG_00439,jpg,1.2541,4624,2080,18-02-2026,Delhi
IMG_00440,jpg,1.336,4624,2080,18-02-2026,Delhi
IMG_00441,jpg,1.0179,4624,2080,18-02-2026,Delhi
IMG_00442,jpg,1.334,4624,2080,18-02-2026,Delhi
IMG_00443,jpg,0.8747,4624,2080,18-02-2026,Delhi
IMG_00444,jpg,1.0984,4624,2080,18-02-2026,Delhi
IMG_00445,jpg,1.0624,4624,2080,18-02-2026,Delhi
IMG_00446,jpg,1.5237,4624,2080,18-02-2026,Delhi
IMG_00447,jpg,1.2632,4624,2080,19-02-2026,Delhi
IMG_00448,jpg,1.2484,4624,2080,19-02-2026,Delhi
IMG_00449,jpg,1.3232,4624,2080,19-02-2026,Delhi
IMG_00450,jpg,1.1562,4624,2080,19-02-2026,Delhi
IMG_00451,jpg,1.2664,4624,2080,19-02-2026,Delhi
IMG_00452,jpg,1.6267,4624,2080,19-02-2026,Delhi
IMG_00453,jpg,1.0197,4624,2080,19-02-2026,Delhi
IMG_00454,jpg,1.5221,4624,2080,19-02-2026,Delhi
IMG_00455,jpg,1.5462,4624,2080,19-02-2026,Delhi
IMG_00456,jpg,1.3402,4624,2080,19-02-2026,Delhi
IMG_00457,jpg,1.2672,4624,2080,20-02-2026,Delhi
IMG_00458,jpg,1.3301,4624,2080,20-02-2026,Delhi
IMG_00459,jpg,1.7069,4624,2080,20-02-2026,Delhi
IMG_00460,jpg,1.9602,4624,2080,20-02-2026,Delhi
IMG_00461,jpg,1.996,4624,2080,20-02-2026,Delhi
IMG_00462,jpg,1.4185,4624,2080,20-02-2026,Delhi
IMG_00463,jpg,2.0477,4624,2080,20-02-2026,Delhi
IMG_00464,jpg,1.1916,4624,2080,20-02-2026,Delhi
IMG_00465,jpg,1.2255,4624,2080,20-02-2026,Delhi
IMG_00466,jpg,1.1181,4624,2080,20-02-2026,Delhi
IMG_00467,jpg,0.9247,4624,2080,20-02-2026,Delhi
IMG_00468,jpg,1.5404,4624,2080,20-02-2026,Delhi
IMG_00469,jpg,1.3975,4624,2080,21-02-2026,Delhi
IMG_00470,jpg,1.0033,4624,2080,21-02-2026,Delhi
IMG_00471,jpg,1.0032,4624,2080,21-02-2026,Delhi
IMG_00472,jpg,1.2295,4624,2080,21-02-2026,Delhi
IMG_00473,jpg,1.3474,4624,2080,21-02-2026,Delhi
IMG_00474,jpg,1.8129,4624,2080,21-02-2026,Delhi
IMG_00475,jpg,1.6046,4624,2080,21-02-2026,Delhi
IMG_00476,jpg,1.5654,4624,2080,21-02-2026,Delhi
IMG_00477,jpg,1.6217,4624,2080,21-02-2026,Delhi
IMG_00478,jpg,1.1763,4624,2080,21-02-2026,Delhi
IMG_00479,jpg,0.7608,4624,2080,21-02-2026,Delhi
IMG_00480,jpg,1.6644,4624,2080,22-02-2026,Delhi
IMG_00481,jpg,1.2722,4624,2080,22-02-2026,Delhi
IMG_00482,jpg,1.188,4624,2080,22-02-2026,Delhi
IMG_00483,jpg,1.4457,4624,2080,22-02-2026,Delhi
IMG_00484,jpg,2.0207,4624,2080,22-02-2026,Delhi
IMG_00485,jpg,1.3554,4624,2080,22-02-2026,Delhi
IMG_00486,jpg,1.7135,4624,2080,22-02-2026,Delhi
IMG_00487,jpg,1.3286,4624,2080,22-02-2026,Delhi
IMG_00488,jpg,1.7137,4624,2080,22-02-2026,Delhi
IMG_00489,jpg,1.6066,4624,2080,22-02-2026,Delhi
IMG_00490,jpg,1.4986,4624,2080,22-02-2026,Delhi
IMG_00491,jpg,1.7737,4624,2080,22-02-2026,Delhi
IMG_00492,jpg,1.3137,4624,2080,22-02-2026,Delhi
IMG_00493,jpg,1.1052,4624,2080,22-02-2026,Delhi
IMG_00494,jpg,1.4212,4624,2080,22-02-2026,Delhi
IMG_00495,jpg,1.1984,4624,2080,22-02-2026,Delhi
IMG_00496,jpg,1.3346,4624,2080,22-02-2026,Delhi
IMG_00497,jpg,1.3229,4624,2080,22-02-2026,Delhi
IMG_00498,jpg,1.3056,4624,2080,22-02-2026,Delhi
IMG_00499,jpg,1.1064,4624,2080,23-02-2026,Delhi
IMG_00500,jpg,1.1614,4624,2080,23-02-2026,Delhi
IMG_00501,jpg,1.1666,4624,2080,23-02-2026,Delhi
IMG_00502,jpg,1.931,4624,2080,23-02-2026,Delhi
IMG_00503,jpg,1.8321,4624,2080,23-02-2026,Delhi
IMG_00504,jpg,1.8152,4624,2080,23-02-2026,Delhi
IMG_00505,jpg,1.6098,4624,2080,23-02-2026,Delhi
IMG_00506,jpg,1.4675,4624,2080,23-02-2026,Delhi
IMG_00507,jpg,1.8217,4624,2080,23-02-2026,Delhi
IMG_00508,jpg,1.4877,4624,2080,23-02-2026,Delhi
IMG_00509,jpg,1.808,4624,2080,23-02-2026,Delhi
IMG_00510,jpg,1.6012,4624,2080,23-02-2026,Delhi
IMG_00511,jpg,1.7571,4624,2080,23-02-2026,Delhi
IMG_00512,jpg,1.2596,4624,2080,23-02-2026,Delhi
IMG_00513,jpg,1.5515,4624,2080,23-02-2026,Delhi
IMG_00514,jpg,1.6825,4624,2080,23-02-2026,Delhi
IMG_00515,jpg,1.3225,4624,2080,24-02-2026,Delhi
IMG_00516,jpg,1.488,4624,2080,24-02-2026,Delhi
IMG_00517,jpg,1.8795,4624,2080,24-02-2026,Delhi
IMG_00518,jpg,1.6283,4624,2080,24-02-2026,Delhi
IMG_00519,jpg,1.5707,4624,2080,24-02-2026,Delhi
IMG_00520,jpg,1.4735,4624,2080,24-02-2026,Delhi
IMG_00521,jpg,1.5225,4624,2080,24-02-2026,Delhi
IMG_00522,jpg,1.2414,4624,2080,24-02-2026,Delhi
IMG_00523,jpg,1.2995,4624,2080,24-02-2026,Delhi
IMG_00524,jpg,1.5266,4624,2080,24-02-2026,Delhi
IMG_00525,jpg,1.6798,4624,2080,25-02-2026,Delhi
IMG_00526,jpg,1.507,4624,2080,25-02-2026,Delhi
IMG_00527,jpg,1.7502,4624,2080,25-02-2026,Delhi
IMG_00528,jpg,1.6146,4624,2080,25-02-2026,Delhi
IMG_00529,jpg,1.6895,4624,2080,25-02-2026,Delhi
IMG_00530,jpg,1.5117,4624,2080,25-02-2026,Delhi
IMG_00531,jpg,1.7149,4624,2080,25-02-2026,Delhi
IMG_00532,jpg,1.6852,4624,2080,25-02-2026,Delhi
IMG_00533,jpg,1.4023,4624,2080,25-02-2026,Delhi
IMG_00534,jpg,1.1479,4624,2080,25-02-2026,Delhi
IMG_00535,jpg,1.6252,4624,2080,26-02-2026,Delhi
IMG_00536,jpg,1.4973,4624,2080,26-02-2026,Delhi
IMG_00537,jpg,1.4351,4624,2080,26-02-2026,Delhi
IMG_00538,jpg,1.8081,4624,2080,26-02-2026,Delhi
IMG_00539,jpg,1.4502,4624,2080,26-02-2026,Delhi
IMG_00540,jpg,1.7736,4624,2080,27-02-2026,Delhi
IMG_00541,jpg,1.3068,4624,2080,27-02-2026,Delhi
IMG_00542,jpg,1.5087,4624,2080,27-02-2026,Delhi
IMG_00543,jpg,1.1509,4624,2080,27-02-2026,Delhi
IMG_00544,jpg,1.6059,4624,2080,27-02-2026,Delhi
IMG_00545,jpg,1.7766,4624,2080,27-02-2026,Delhi
IMG_00546,jpg,1.3696,4624,2080,27-02-2026,Delhi
IMG_00547,jpg,1.7615,4624,2080,27-02-2026,Delhi
IMG_00548,jpg,1.5258,4624,2080,27-02-2026,Delhi
IMG_00549,jpg,1.663,4624,2080,27-02-2026,Delhi
IMG_00550,jpg,1.7635,4624,2080,27-02-2026,Delhi
IMG_00551,jpg,1.4445,4624,2080,27-02-2026,Delhi
IMG_00552,jpg,1.2933,4624,2080,27-02-2026,Delhi
IMG_00553,jpg,1.1981,4624,2080,28-02-2026,Delhi
IMG_00554,jpg,1.1821,4624,2080,28-02-2026,Delhi
IMG_00555,jpg,1.2832,4624,2080,28-02-2026,Delhi
IMG_00556,jpg,1.3016,4624,2080,28-02-2026,Delhi
IMG_00557,jpg,1.6373,4624,2080,28-02-2026,Delhi
IMG_00558,jpg,1.4722,4624,2080,28-02-2026,Delhi
IMG_00559,jpg,1.7271,4624,2080,28-02-2026,Delhi
IMG_00560,jpg,1.4808,4624,2080,28-02-2026,Delhi
IMG_00561,jpg,1.7075,4624,2080,01-03-2026,Delhi
IMG_00562,jpg,2.05,4624,2080,01-03-2026,Delhi
IMG_00563,jpg,1.7957,4624,2080,01-03-2026,Delhi
IMG_00564,jpg,1.6331,4624,2080,01-03-2026,Delhi
IMG_00565,jpg,1.6331,4624,2080,01-03-2026,Delhi
IMG_00566,jpg,1.6546,4624,2080,01-03-2026,Delhi
IMG_00567,jpg,1.3051,4624,2080,01-03-2026,Delhi
IMG_00568,jpg,1.241,4624,2080,01-03-2026,Delhi
IMG_00569,jpg,1.5068,4624,2080,01-03-2026,Delhi
IMG_00570,jpg,1.5859,4624,2080,01-03-2026,Delhi
IMG_00571,jpg,1.3519,4624,2080,01-03-2026,Delhi
IMG_00572,jpg,1.6384,4624,2080,01-03-2026,Delhi
IMG_00573,jpg,1.9905,4624,2080,02-03-2026,Delhi
IMG_00574,jpg,1.639,4624,2080,02-03-2026,Delhi
IMG_00575,jpg,1.3432,4624,2080,02-03-2026,Delhi
IMG_00576,jpg,1.2464,4624,2080,02-03-2026,Delhi
IMG_00577,jpg,1.412,4624,2080,02-03-2026,Delhi
IMG_00578,jpg,1.4326,4624,2080,02-03-2026,Delhi
IMG_00579,jpg,1.8256,4624,2080,03-03-2026,Delhi
IMG_00580,jpg,1.4,4624,2080,03-03-2026,Delhi
IMG_00581,jpg,1.8248,4624,2080,03-03-2026,Delhi
IMG_00582,jpg,1.5614,4624,2080,03-03-2026,Delhi
IMG_00583,jpg,1.7665,4624,2080,03-03-2026,Delhi
IMG_00584,jpg,1.4532,4624,2080,03-03-2026,Delhi
IMG_00585,jpg,1.4021,4624,2080,03-03-2026,Delhi
IMG_00586,jpg,1.4616,4624,2080,03-03-2026,Delhi
IMG_00587,jpg,1.6898,4624,2080,03-03-2026,Delhi
IMG_00588,jpg,1.7346,4624,2080,03-03-2026,Delhi
IMG_00589,jpg,1.5598,4624,2080,03-03-2026,Delhi
IMG_00590,jpg,1.7297,4624,2080,03-03-2026,Delhi
IMG_00591,jpg,1.4045,4624,2080,04-03-2026,Delhi
IMG_00592,jpg,1.7403,4624,2080,04-03-2026,Delhi
IMG_00593,jpg,1.5293,4624,2080,04-03-2026,Delhi
IMG_00594,jpg,1.6093,4624,2080,04-03-2026,Delhi
IMG_00595,jpg,2.0207,4624,2080,04-03-2026,Delhi
IMG_00596,jpg,1.8058,4624,2080,04-03-2026,Delhi
IMG_00597,jpg,1.8248,4624,2080,04-03-2026,Delhi
IMG_00598,jpg,2.1628,4624,2080,04-03-2026,Delhi
IMG_00599,jpg,1.9197,4624,2080,04-03-2026,Delhi
IMG_00600,jpg,1.7075,4624,2080,04-03-2026,Delhi
IMG_00601,jpg,1.3069,4624,2080,04-03-2026,Delhi
IMG_00602,jpg,1.3333,4624,2080,05-03-2026,Delhi
IMG_00603,jpg,1.2949,4624,2080,05-03-2026,Delhi
IMG_00604,jpg,1.0436,4624,2080,05-03-2026,Delhi
IMG_00605,jpg,1.618,4624,2080,05-03-2026,Delhi
IMG_00606,jpg,1.375,4624,2080,05-03-2026,Delhi
IMG_00607,jpg,1.1919,4624,2080,05-03-2026,Delhi
IMG_00608,jpg,1.4802,4624,2080,05-03-2026,Delhi
IMG_00609,jpg,1.3155,4624,2080,05-03-2026,Delhi
IMG_00610,jpg,1.2471,4624,2080,06-03-2026,Delhi
IMG_00611,jpg,1.3146,4624,2080,06-03-2026,Delhi
IMG_00612,jpg,1.3497,4624,2080,06-03-2026,Delhi
IMG_00613,jpg,1.3841,4624,2080,06-03-2026,Delhi
IMG_00614,jpg,1.4726,4624,2080,06-03-2026,Delhi
IMG_00615,jpg,1.318,4624,2080,06-03-2026,Delhi
IMG_00616,jpg,1.6991,4624,2080,06-03-2026,Delhi
IMG_00617,jpg,1.4012,4624,2080,06-03-2026,Delhi
IMG_00618,jpg,1.5601,4624,2080,06-03-2026,Delhi
IMG_00619,jpg,1.3398,4624,2080,07-03-2026,Delhi
IMG_00620,jpg,1.2374,4624,2080,07-03-2026,Delhi
IMG_00621,jpg,1.4378,4624,2080,07-03-2026,Delhi
IMG_00622,jpg,1.2289,4624,2080,07-03-2026,Delhi
IMG_00623,jpg,1.121,4624,2080,07-03-2026,Delhi
IMG_00624,jpg,1.8175,4624,2080,07-03-2026,Delhi
IMG_00625,jpg,1.1137,4624,2080,08-03-2026,Delhi
IMG_00626,jpg,1.3163,4624,2080,08-03-2026,Delhi
IMG_00627,jpg,1.6521,4624,2080,08-03-2026,Delhi
IMG_00628,jpg,1.6381,4624,2080,08-03-2026,Delhi
IMG_00629,jpg,1.5186,4624,2080,08-03-2026,Delhi
IMG_00630,jpg,1.6758,4624,2080,08-03-2026,Delhi
IMG_00631,jpg,1.779,4624,2080,09-03-2026,Delhi
IMG_00632,jpg,1.8447,4624,2080,09-03-2026,Delhi
IMG_00633,jpg,1.8736,4624,2080,09-03-2026,Delhi
IMG_00634,jpg,1.4386,4624,2080,09-03-2026,Delhi
IMG_00635,jpg,1.1241,4624,2080,09-03-2026,Delhi
IMG_00636,jpg,1.1822,4624,2080,09-03-2026,Delhi
IMG_00637,jpg,1.1549,4624,2080,09-03-2026,Delhi
IMG_00638,jpg,1.2422,4624,2080,09-03-2026,Delhi
IMG_00639,jpg,1.6179,4624,2080,09-03-2026,Delhi
IMG_00640,jpg,1.6901,4624,2080,09-03-2026,Delhi
IMG_00641,jpg,1.3522,4624,2080,09-03-2026,Delhi
IMG_00642,jpg,1.4434,4624,2080,09-03-2026,Delhi
IMG_00643,jpg,1.485,4624,2080,09-03-2026,Delhi
IMG_00644,jpg,1.5583,4624,2080,09-03-2026,Delhi
IMG_00645,jpg,1.4697,4624,2080,09-03-2026,Delhi
IMG_00646,jpg,1.776,4624,2080,09-03-2026,Delhi
IMG_00647,jpg,1.754,4624,2080,10-03-2026,Delhi
IMG_00648,jpg,0.5682,4624,2080,10-03-2026,Delhi
IMG_00649,jpg,0.4131,4624,2080,10-03-2026,Delhi
IMG_00650,jpg,1.3329,4624,2080,10-03-2026,Delhi
IMG_00651,jpg,1.2593,4624,2080,10-03-2026,Delhi
IMG_00652,jpg,1.4294,4624,2080,10-03-2026,Delhi
IMG_00653,jpg,1.3936,4624,2080,10-03-2026,Delhi
IMG_00654,jpg,1.4164,4624,2080,10-03-2026,Delhi
IMG_00655,jpg,1.4628,4624,2080,10-03-2026,Delhi
IMG_00656,jpg,1.0525,4624,2080,10-03-2026,Delhi
IMG_00657,jpg,1.4523,4624,2080,10-03-2026,Delhi
IMG_00658,jpg,1.6417,4624,2080,11-03-2026,Delhi
IMG_00659,jpg,1.3141,4624,2080,11-03-2026,Delhi
IMG_00660,jpg,1.6487,4624,2080,11-03-2026,Delhi
IMG_00661,jpg,1.7904,4624,2080,11-03-2026,Delhi
IMG_00662,jpg,1.5898,4624,2080,11-03-2026,Delhi
IMG_00663,jpg,1.7943,4624,2080,11-03-2026,Delhi
IMG_00664,jpg,1.8006,4624,2080,11-03-2026,Delhi
IMG_00665,jpg,1.6926,4624,2080,11-03-2026,Delhi
IMG_00666,jpg,1.7905,4624,2080,11-03-2026,Delhi
IMG_00667,jpg,1.8186,4624,2080,11-03-2026,Delhi
IMG_00668,jpg,1.6699,4624,2080,11-03-2026,Delhi
IMG_00669,jpg,1.6885,4624,2080,11-03-2026,Delhi
IMG_00670,jpg,1.8744,4624,2080,11-03-2026,Delhi
IMG_00671,jpg,1.4857,4624,2080,11-03-2026,Delhi
IMG_00672,jpg,1.5784,4624,2080,11-03-2026,Delhi
IMG_00673,jpg,1.6962,4624,2080,12-03-2026,Delhi
IMG_00674,jpg,1.7898,4624,2080,12-03-2026,Delhi
IMG_00675,jpg,1.6488,4624,2080,12-03-2026,Delhi
IMG_00676,jpg,1.1306,4624,2080,12-03-2026,Delhi
IMG_00677,jpg,1.2274,4624,2080,12-03-2026,Delhi
IMG_00678,jpg,1.3499,4624,2080,12-03-2026,Delhi
IMG_00679,jpg,1.9078,4624,2080,12-03-2026,Delhi
IMG_00680,jpg,1.6686,4624,2080,12-03-2026,Delhi
IMG_00681,jpg,1.2126,4624,2080,12-03-2026,Delhi
IMG_00682,jpg,1.4987,4624,2080,12-03-2026,Delhi
IMG_00683,jpg,0.8972,4624,2080,12-03-2026,Delhi
IMG_00684,jpg,1.1949,4000,2256,12-03-2026,Delhi
IMG_00685,jpg,1.1648,4000,2256,12-03-2026,Delhi
IMG_00686,jpg,1.5076,4000,2256,12-03-2026,Delhi
IMG_00687,jpg,1.3248,4000,2256,13-03-2026,Delhi
IMG_00688,jpg,1.5108,4000,2256,13-03-2026,Delhi
IMG_00689,jpg,1.672,4000,2256,13-03-2026,Delhi
IMG_00690,jpg,1.7832,4000,2256,13-03-2026,Delhi
IMG_00691,jpg,1.4762,4000,2256,13-03-2026,Delhi
IMG_00692,jpg,1.2744,4000,2256,13-03-2026,Delhi
IMG_00693,jpg,1.6533,4000,2256,13-03-2026,Delhi
IMG_00694,jpg,1.3967,4000,2256,13-03-2026,Delhi
IMG_00695,jpg,1.5451,4000,2256,13-03-2026,Delhi
IMG_00696,jpg,1.4049,4000,2256,13-03-2026,Delhi
IMG_00697,jpg,0.9424,4000,2256,13-03-2026,Delhi
IMG_00698,jpg,1.929,4000,2256,14-03-2026,Delhi
IMG_00699,jpg,2.2718,4000,2256,14-03-2026,Delhi
IMG_00700,jpg,2.7526,4000,2256,14-03-2026,Delhi
IMG_00701,jpg,1.9199,4000,2256,14-03-2026,Delhi
IMG_00702,jpg,2.4286,4000,2256,14-03-2026,Delhi
IMG_00703,jpg,2.187,4000,2256,14-03-2026,Delhi
IMG_00704,jpg,2.0862,4000,2256,14-03-2026,Delhi
IMG_00705,jpg,2.0839,4000,2256,14-03-2026,Delhi
IMG_00706,jpg,1.7078,4000,2256,14-03-2026,Delhi
IMG_00707,jpg,1.6973,4000,2256,14-03-2026,Delhi
IMG_00708,jpg,1.307,4000,2256,14-03-2026,Delhi
IMG_00709,jpg,2.2418,4000,2256,15-03-2026,Delhi
IMG_00710,jpg,1.8155,4000,2256,15-03-2026,Delhi
IMG_00711,jpg,1.4128,4000,2256,15-03-2026,Delhi
IMG_00712,jpg,1.4232,4000,2256,15-03-2026,Delhi
IMG_00713,jpg,0.9072,4000,2256,15-03-2026,Delhi
IMG_00714,jpg,1.0084,4000,2256,15-03-2026,Delhi
IMG_00715,jpg,1.3758,4000,2256,15-03-2026,Delhi
IMG_00716,jpg,1.4251,4000,2256,15-03-2026,Delhi
IMG_00717,jpg,1.0521,4000,2256,15-03-2026,Delhi
IMG_00718,jpg,1.0587,4000,2256,15-03-2026,Delhi
IMG_00719,jpg,1.5793,4000,2256,15-03-2026,Delhi
IMG_00720,jpg,1.6638,4000,2256,15-03-2026,Delhi
IMG_00721,jpg,1.0726,4000,2256,15-03-2026,Delhi
IMG_00722,jpg,1.2418,4000,2256,15-03-2026,Delhi
IMG_00723,jpg,3.1106,4000,2256,15-03-2026,Delhi
IMG_00724,jpg,3.1268,4000,2256,15-03-2026,Delhi
IMG_00725,jpg,2.8833,4000,2256,15-03-2026,Delhi
IMG_00726,jpg,3.0672,4000,2256,16-03-2026,Delhi
IMG_00727,jpg,1.9127,4000,2256,16-03-2026,Delhi
IMG_00728,jpg,0.9404,4000,2256,16-03-2026,Delhi
IMG_00729,jpg,0.754,4000,2256,16-03-2026,Delhi
IMG_00730,jpg,1.3231,4000,2256,16-03-2026,Delhi
IMG_00731,jpg,1.444,4000,2256,16-03-2026,Delhi
IMG_00732,jpg,1.1157,4000,2256,16-03-2026,Delhi
IMG_00733,jpg,1.2061,4000,2256,16-03-2026,Delhi
IMG_00734,jpg,1.146,4000,2256,16-03-2026,Delhi
IMG_00735,jpg,1.9497,4000,2256,16-03-2026,Delhi
IMG_00736,jpg,1.4704,4000,2256,16-03-2026,Delhi
IMG_00737,jpg,1.6802,4000,2256,16-03-2026,Delhi
IMG_00738,jpg,1.3691,4000,2256,16-03-2026,Delhi
IMG_00739,jpg,0.7972,4000,2256,16-03-2026,Delhi
IMG_00740,jpg,1.8786,4000,2256,16-03-2026,Delhi
IMG_00741,jpg,1.8181,4000,2256,16-03-2026,Delhi
IMG_00742,jpg,1.6921,4000,2256,17-03-2026,Delhi
IMG_00743,jpg,1.0256,4000,2256,17-03-2026,Delhi
IMG_00744,jpg,1.3228,4000,2256,17-03-2026,Delhi
IMG_00745,jpg,1.5445,4000,2256,17-03-2026,Delhi
IMG_00746,jpg,1.349,4000,2256,17-03-2026,Delhi
IMG_00747,jpg,1.1116,4000,2256,17-03-2026,Delhi
IMG_00748,jpg,1.4134,4000,2256,17-03-2026,Delhi
IMG_00749,jpg,1.3925,4000,2256,17-03-2026,Delhi
IMG_00750,jpg,0.9712,4000,2256,17-03-2026,Delhi
IMG_00751,jpg,1.2058,4000,2256,17-03-2026,Delhi
IMG_00752,jpg,1.1622,4000,2256,17-03-2026,Delhi
IMG_00753,jpg,1.0414,4000,2256,17-03-2026,Delhi
IMG_00754,jpg,1.3906,4000,2256,17-03-2026,Delhi
IMG_00755,jpg,1.4683,4000,2256,17-03-2026,Delhi
IMG_00756,jpg,1.4299,4000,2256,18-03-2026,Delhi
IMG_00757,jpg,1.5889,4000,2256,18-03-2026,Delhi
IMG_00758,jpg,1.5737,4000,2256,18-03-2026,Delhi
IMG_00759,jpg,1.8385,4000,2256,18-03-2026,Delhi
IMG_00760,jpg,1.6744,4000,2256,18-03-2026,Delhi
IMG_00761,jpg,0.6536,4000,2256,18-03-2026,Delhi
IMG_00762,jpg,1.2879,4000,2256,18-03-2026,Delhi
IMG_00763,jpg,1.1817,4000,2256,18-03-2026,Delhi
IMG_00764,jpg,1.1876,4000,2256,18-03-2026,Delhi
IMG_00765,jpg,1.3007,4000,2256,18-03-2026,Delhi
IMG_00766,jpg,0.8491,4000,2256,18-03-2026,Delhi
IMG_00767,jpg,1.26,4000,2256,18-03-2026,Delhi
IMG_00768,jpg,1.3246,4000,2256,18-03-2026,Delhi
IMG_00769,jpg,1.0656,4000,2256,19-03-2026,Delhi
IMG_00770,jpg,0.9442,4000,2256,19-03-2026,Delhi
IMG_00771,jpg,1.5603,4000,2256,19-03-2026,Delhi
IMG_00772,jpg,1.7085,4000,2256,19-03-2026,Delhi
IMG_00773,jpg,1.8197,4000,2256,19-03-2026,Delhi
IMG_00774,jpg,1.6481,4000,2256,19-03-2026,Delhi
IMG_00775,jpg,1.9197,4000,2256,19-03-2026,Delhi
IMG_00776,jpg,1.778,4000,2256,19-03-2026,Delhi
IMG_00777,jpg,1.4943,4000,2256,19-03-2026,Delhi
IMG_00778,jpg,2.1608,4000,2256,19-03-2026,Delhi
IMG_00779,jpg,1.3753,4000,2256,19-03-2026,Delhi
IMG_00780,jpg,1.5257,4000,2256,19-03-2026,Delhi
IMG_00781,jpg,1.4689,4000,2256,19-03-2026,Delhi
IMG_00782,jpg,1.2151,4000,2256,19-03-2026,Delhi
IMG_00783,jpg,2.4312,4000,2256,20-03-2026,Delhi
IMG_00784,jpg,2.1237,4000,2256,20-03-2026,Delhi
IMG_00785,jpg,1.5606,4000,2256,20-03-2026,Delhi
IMG_00786,jpg,1.6725,4000,2256,20-03-2026,Delhi
IMG_00787,jpg,2.0422,4000,2256,20-03-2026,Delhi
IMG_00788,jpg,1.935,4000,2256,20-03-2026,Delhi
IMG_00789,jpg,1.247,4000,2256,20-03-2026,Delhi
IMG_00790,jpg,2.3776,4000,2256,20-03-2026,Delhi
IMG_00791,jpg,2.0912,4000,2256,20-03-2026,Delhi
IMG_00792,jpg,1.835,3000,4000,21-03-2026,Maharashtra
IMG_00793,jpg,1.7299,3000,4000,21-03-2026,Maharashtra
IMG_00794,jpg,1.8939,3000,4000,21-03-2026,Maharashtra
IMG_00795,jpg,0.8908,3000,4000,21-03-2026,Maharashtra
IMG_00796,jpg,1.564,3000,4000,21-03-2026,Maharashtra
IMG_00797,jpg,1.6873,3000,4000,21-03-2026,Maharashtra
IMG_00798,jpg,1.3232,3000,4000,22-03-2026,Maharashtra
IMG_00799,jpg,1.4756,3000,4000,22-03-2026,Maharashtra
IMG_00800,jpg,1.684,3000,4000,22-03-2026,Maharashtra
IMG_00801,jpg,1.2229,4000,3000,22-03-2026,Maharashtra
IMG_00802,jpg,1.9404,3000,4000,22-03-2026,Maharashtra
IMG_00803,jpg,1.1909,3000,4000,22-03-2026,Maharashtra
IMG_00804,jpg,1.5728,3000,4000,22-03-2026,Maharashtra
IMG_00805,jpg,1.393,3000,4000,22-03-2026,Maharashtra
IMG_00806,jpg,1.2985,3000,4000,22-03-2026,Maharashtra
IMG_00807,jpg,1.2444,3000,4000,22-03-2026,Maharashtra
IMG_00808,jpg,1.2533,3000,4000,22-03-2026,Maharashtra
IMG_00809,jpg,1.2234,3000,4000,22-03-2026,Maharashtra
IMG_00810,jpg,1.2968,3000,4000,22-03-2026,Maharashtra
IMG_00811,jpg,1.6148,3000,4000,22-03-2026,Maharashtra
IMG_00812,jpg,0.9403,3000,4000,22-03-2026,Maharashtra
IMG_00813,jpg,0.4439,3000,4000,22-03-2026,Maharashtra
IMG_00814,jpg,1.4481,3000,4000,22-03-2026,Maharashtra
IMG_00815,jpg,1.2131,3000,4000,22-03-2026,Maharashtra
IMG_00816,jpg,1.3194,3000,4000,22-03-2026,Maharashtra
IMG_00817,jpg,1.5928,3000,4000,23-03-2026,Maharashtra
IMG_00818,jpg,1.1206,3000,4000,23-03-2026,Maharashtra
IMG_00819,jpg,1.3728,3000,4000,23-03-2026,Maharashtra
IMG_00820,jpg,0.922,3000,4000,23-03-2026,Maharashtra
IMG_00821,jpg,1.8536,3000,4000,23-03-2026,Maharashtra
IMG_00822,jpg,1.7007,3000,4000,23-03-2026,Maharashtra
IMG_00823,jpg,1.3754,3000,4000,23-03-2026,Maharashtra
IMG_00824,jpg,1.6269,3000,4000,23-03-2026,Maharashtra
IMG_00825,jpg,1.5103,3000,4000,23-03-2026,Maharashtra
IMG_00826,jpg,1.4003,3000,4000,23-03-2026,Maharashtra
IMG_00827,jpg,1.7257,4000,3000,23-03-2026,Maharashtra
IMG_00828,jpg,1.4731,3000,4000,24-03-2026,Maharashtra
IMG_00829,jpg,0.7648,3000,4000,24-03-2026,Maharashtra
IMG_00830,jpg,1.2561,3000,4000,24-03-2026,Maharashtra
IMG_00831,jpg,1.1879,3000,4000,24-03-2026,Maharashtra
IMG_00832,jpg,1.2012,3000,4000,24-03-2026,Maharashtra
IMG_00833,jpg,1.276,3000,4000,24-03-2026,Maharashtra
IMG_00834,jpg,1.244,3000,4000,24-03-2026,Maharashtra
IMG_00835,jpg,1.0633,4000,3000,24-03-2026,Maharashtra
IMG_00836,jpg,1.21,3000,4000,24-03-2026,Maharashtra
IMG_00837,jpg,1.1631,3000,4000,24-03-2026,Maharashtra
IMG_00838,jpg,1.7636,3000,4000,24-03-2026,Maharashtra
IMG_00839,jpg,1.4418,3000,4000,24-03-2026,Maharashtra
IMG_00840,jpg,1.3159,3000,4000,24-03-2026,Maharashtra
IMG_00841,jpg,1.0722,4000,3000,24-03-2026,Maharashtra
IMG_00842,jpg,1.3702,3000,4000,25-03-2026,Maharashtra
IMG_00843,jpg,1.3257,3000,4000,25-03-2026,Maharashtra
IMG_00844,jpg,1.292,3000,4000,25-03-2026,Maharashtra
IMG_00845,jpg,1.9977,4000,3000,25-03-2026,Maharashtra
IMG_00846,jpg,1.9077,4000,3000,25-03-2026,Maharashtra
IMG_00847,jpg,1.927,4000,3000,25-03-2026,Maharashtra
IMG_00848,jpg,1.7201,3000,4000,25-03-2026,Maharashtra
IMG_00849,jpg,1.3165,3000,4000,25-03-2026,Maharashtra
IMG_00850,jpg,1.3558,4000,3000,25-03-2026,Maharashtra
IMG_00851,jpg,1.764,3000,4000,25-03-2026,Maharashtra
IMG_00852,jpg,1.7248,3000,4000,25-03-2026,Maharashtra
IMG_00853,jpg,1.42,4000,3000,25-03-2026,Maharashtra
IMG_00854,jpg,0.979,3000,4000,25-03-2026,Maharashtra
IMG_00855,jpg,1.8726,3000,4000,25-03-2026,Maharashtra
IMG_00856,jpg,1.2814,4000,3000,26-03-2026,Maharashtra
IMG_00857,jpg,1.7441,3000,4000,26-03-2026,Maharashtra
IMG_00858,jpg,1.2576,3000,4000,26-03-2026,Maharashtra
IMG_00859,jpg,1.5,3000,4000,26-03-2026,Maharashtra
IMG_00860,jpg,2.0047,3000,4000,26-03-2026,Maharashtra
IMG_00861,jpg,2.0788,3000,4000,26-03-2026,Maharashtra
IMG_00862,jpg,1.0553,3000,4000,26-03-2026,Maharashtra
IMG_00863,jpg,1.861,3000,4000,26-03-2026,Maharashtra
IMG_00864,jpg,1.3198,3000,4000,26-03-2026,Maharashtra
IMG_00865,jpg,1.4398,3000,4000,26-03-2026,Maharashtra
IMG_00866,jpg,0.7692,3000,4000,26-03-2026,Maharashtra
IMG_00867,jpg,1.0309,3000,4000,26-03-2026,Maharashtra
IMG_00868,jpg,1.4286,3000,4000,26-03-2026,Maharashtra
IMG_00869,jpg,1.2372,3000,4000,26-03-2026,Maharashtra
IMG_00870,jpg,1.9222,3000,4000,27-03-2026,Maharashtra
IMG_00871,jpg,1.6634,3000,4000,27-03-2026,Maharashtra
IMG_00872,jpg,1.2448,3000,4000,27-03-2026,Maharashtra
IMG_00873,jpg,0.9651,3000,4000,27-03-2026,Maharashtra
IMG_00874,jpg,1.3581,3000,4000,27-03-2026,Maharashtra
IMG_00875,jpg,1.4754,3000,4000,27-03-2026,Maharashtra
IMG_00876,jpg,1.0855,3000,4000,27-03-2026,Maharashtra
IMG_00877,jpg,1.6286,3000,4000,27-03-2026,Maharashtra
IMG_00878,jpg,1.4611,4000,3000,27-03-2026,Maharashtra
IMG_00879,jpg,2.0154,3000,4000,27-03-2026,Maharashtra
IMG_00880,jpg,1.9518,3000,4000,27-03-2026,Maharashtra
IMG_00881,jpg,1.6161,3000,4000,27-03-2026,Maharashtra
IMG_00882,jpg,1.423,3000,4000,27-03-2026,Maharashtra
IMG_00883,jpg,1.5232,3000,4000,28-03-2026,Maharashtra
IMG_00884,jpg,1.3425,3000,4000,28-03-2026,Maharashtra
IMG_00885,jpg,1.2314,3000,4000,28-03-2026,Maharashtra
IMG_00886,jpg,1.3686,3000,4000,28-03-2026,Maharashtra
IMG_00887,jpg,1.9292,3000,4000,28-03-2026,Maharashtra
IMG_00888,jpg,1.5761,3000,4000,28-03-2026,Maharashtra
IMG_00889,jpg,1.5637,3000,4000,28-03-2026,Maharashtra
IMG_00890,jpg,1.582,3000,4000,28-03-2026,Maharashtra
IMG_00891,jpg,1.1931,3000,4000,28-03-2026,Maharashtra
IMG_00892,jpg,1.3283,3000,4000,28-03-2026,Maharashtra
IMG_00893,jpg,1.3213,3000,4000,28-03-2026,Maharashtra
IMG_00894,jpg,1.1326,3000,4000,28-03-2026,Maharashtra
IMG_00895,jpg,1.156,3000,4000,28-03-2026,Maharashtra
IMG_00896,jpg,1.0172,3000,4000,28-03-2026,Maharashtra
IMG_00897,jpg,1.9731,4000,3000,28-03-2026,Maharashtra
IMG_00898,jpg,1.6894,3000,4000,28-03-2026,Maharashtra
IMG_00899,jpg,1.636,4000,3000,29-03-2026,Maharashtra
IMG_00900,jpg,1.1693,4000,3000,29-03-2026,Maharashtra
IMG_00901,jpg,1.2918,3000,4000,29-03-2026,Maharashtra
IMG_00902,jpg,1.1234,3000,4000,29-03-2026,Maharashtra
IMG_00903,jpg,1.6513,3000,4000,29-03-2026,Maharashtra
IMG_00904,jpg,1.4107,3000,4000,29-03-2026,Maharashtra
IMG_00905,jpg,1.4193,3000,4000,29-03-2026,Maharashtra
IMG_00906,jpg,1.2847,3000,4000,29-03-2026,Maharashtra
IMG_00907,jpg,1.344,3000,4000,30-03-2026,Maharashtra
IMG_00908,jpg,1.5479,3000,4000,30-03-2026,Maharashtra
IMG_00909,jpg,0.9231,3000,4000,30-03-2026,Maharashtra
IMG_00910,jpg,1.7045,3000,4000,30-03-2026,Maharashtra
IMG_00911,jpg,1.0454,3000,4000,30-03-2026,Maharashtra
IMG_00912,jpg,1.8019,3000,4000,30-03-2026,Maharashtra
IMG_00913,jpg,1.3694,3000,4000,30-03-2026,Maharashtra
IMG_00914,jpg,1.4682,3000,4000,30-03-2026,Maharashtra
IMG_00915,jpg,1.4414,3000,4000,30-03-2026,Maharashtra
IMG_00916,jpg,1.309,3000,4000,30-03-2026,Maharashtra
IMG_00917,jpg,1.2829,3000,4000,30-03-2026,Maharashtra
IMG_00918,jpg,1.1149,3000,4000,30-03-2026,Maharashtra
IMG_00919,jpg,1.2453,3000,4000,30-03-2026,Maharashtra
IMG_00920,jpg,1.5203,3000,4000,30-03-2026,Maharashtra
IMG_00921,jpg,1.698,3000,4000,30-03-2026,Maharashtra
IMG_00922,jpg,1.1192,3000,4000,30-03-2026,Maharashtra
IMG_00923,jpg,1.3959,3000,4000,31-03-2026,Maharashtra
IMG_00924,jpg,1.1921,3000,4000,31-03-2026,Maharashtra
IMG_00925,jpg,1.1099,3000,4000,31-03-2026,Maharashtra
IMG_00926,jpg,1.5729,4000,3000,31-03-2026,Maharashtra
IMG_00927,jpg,1.1646,3000,4000,31-03-2026,Maharashtra
IMG_00928,jpg,1.3303,3000,4000,31-03-2026,Maharashtra
IMG_00929,jpg,1.45,3000,4000,31-03-2026,Maharashtra
IMG_00930,jpg,1.1345,3000,4000,31-03-2026,Maharashtra
IMG_00931,jpg,0.9393,3000,4000,31-03-2026,Maharashtra
IMG_00932,jpg,1.6173,3120,4160,31-03-2026,Maharashtra
IMG_00933,jpg,1.5804,3120,4160,01-04-2026,Maharashtra
IMG_00934,jpg,1.9851,3120,4160,01-04-2026,Maharashtra
IMG_00935,jpg,1.4038,3120,4160,01-04-2026,Maharashtra
IMG_00936,jpg,1.3232,3120,4160,01-04-2026,Maharashtra
IMG_00937,jpg,1.1229,3120,4160,01-04-2026,Maharashtra
IMG_00938,jpg,1.6135,3120,4160,01-04-2026,Maharashtra
IMG_00939,jpg,1.3346,3120,4160,01-04-2026,Maharashtra
IMG_00940,jpg,1.6847,3120,4160,01-04-2026,Maharashtra
IMG_00941,jpg,1.7515,3120,4160,01-04-2026,Maharashtra
IMG_00942,jpg,1.7498,3120,4160,01-04-2026,Maharashtra
IMG_00943,jpg,1.6145,3120,4160,01-04-2026,Maharashtra
IMG_00944,jpg,1.2239,3120,4160,01-04-2026,Maharashtra
IMG_00945,jpg,1.5887,3120,4160,01-04-2026,Maharashtra
IMG_00946,jpg,1.6648,3120,4160,01-04-2026,Maharashtra
IMG_00947,jpg,1.779,3120,4160,02-04-2026,Maharashtra
IMG_00948,jpg,1.7939,3120,4160,02-04-2026,Maharashtra
IMG_00949,jpg,1.3201,3120,4160,02-04-2026,Maharashtra
IMG_00950,jpg,2.4455,3120,4160,02-04-2026,Maharashtra
IMG_00951,jpg,1.8176,3120,4160,02-04-2026,Maharashtra
IMG_00952,jpg,1.5704,3120,4160,02-04-2026,Maharashtra
IMG_00953,jpg,1.5092,3120,4160,02-04-2026,Maharashtra
IMG_00954,jpg,1.9605,3120,4160,02-04-2026,Maharashtra
IMG_00955,jpg,1.7384,3120,4160,02-04-2026,Maharashtra
IMG_00956,jpg,1.8949,3120,4160,03-04-2026,Maharashtra
IMG_00957,jpg,1.7747,3120,4160,03-04-2026,Maharashtra
IMG_00958,jpg,1.2684,3120,4160,03-04-2026,Maharashtra
IMG_00959,jpg,1.6134,3120,4160,03-04-2026,Maharashtra
IMG_00960,jpg,1.3703,3120,4160,03-04-2026,Maharashtra
IMG_00961,jpg,1.3681,3120,4160,03-04-2026,Maharashtra
IMG_00962,jpg,1.6754,3120,4160,03-04-2026,Maharashtra
IMG_00963,jpg,1.5843,3120,4160,03-04-2026,Maharashtra
IMG_00964,jpg,1.1316,3120,4160,03-04-2026,Maharashtra
IMG_00965,jpg,1.3402,3120,4160,03-04-2026,Maharashtra
IMG_00966,jpg,1.3369,3120,4160,03-04-2026,Maharashtra
IMG_00967,jpg,1.8665,3120,4160,03-04-2026,Maharashtra
IMG_00968,jpg,1.2683,3120,4160,03-04-2026,Maharashtra
IMG_00969,jpg,1.45,3120,4160,03-04-2026,Maharashtra
IMG_00970,jpg,1.3736,3120,4160,03-04-2026,Maharashtra
IMG_00971,jpg,1.3678,3120,4160,03-04-2026,Maharashtra
IMG_00972,jpg,0.9825,3120,4160,03-04-2026,Maharashtra
IMG_00973,jpg,1.9969,3120,4160,03-04-2026,Maharashtra
IMG_00974,jpg,1.6503,3120,4160,04-04-2026,Maharashtra
IMG_00975,jpg,1.2827,3120,4160,04-04-2026,Maharashtra
IMG_00976,jpg,1.1796,3120,4160,04-04-2026,Maharashtra
IMG_00977,jpg,1.9506,3120,4160,04-04-2026,Maharashtra
IMG_00978,jpg,1.2704,3120,4160,04-04-2026,Maharashtra
IMG_00979,jpg,1.9084,3120,4160,04-04-2026,Maharashtra
IMG_00980,jpg,2.6902,3120,4160,04-04-2026,Maharashtra
IMG_00981,jpg,1.8528,3120,4160,04-04-2026,Maharashtra
IMG_00982,jpg,1.6561,3120,4160,04-04-2026,Maharashtra
IMG_00983,jpg,1.5186,3120,4160,04-04-2026,Maharashtra
IMG_00984,jpg,1.0312,3120,4160,04-04-2026,Maharashtra
IMG_00985,jpg,1.2582,3120,4160,04-04-2026,Maharashtra
IMG_00986,jpg,1.9433,3120,4160,04-04-2026,Maharashtra
IMG_00987,jpg,1.8808,3120,4160,04-04-2026,Maharashtra
IMG_00988,jpg,1.7545,3120,4160,04-04-2026,Maharashtra
IMG_00989,jpg,1.2482,3120,4160,04-04-2026,Maharashtra
IMG_00990,jpg,1.2864,3120,4160,05-04-2026,Maharashtra
IMG_00991,jpg,1.1394,3120,4160,05-04-2026,Maharashtra
IMG_00992,jpg,1.3043,3120,4160,05-04-2026,Maharashtra
IMG_00993,jpg,1.3599,3120,4160,05-04-2026,Maharashtra
IMG_00994,jpg,1.4676,3120,4160,05-04-2026,Maharashtra
IMG_00995,jpg,1.9402,3120,4160,05-04-2026,Maharashtra
IMG_00996,jpg,0.976,3120,4160,05-04-2026,Maharashtra
IMG_00997,jpg,1.4434,3120,4160,06-04-2026,Maharashtra
IMG_00998,jpg,1.2823,3120,4160,06-04-2026,Maharashtra
IMG_00999,jpg,1.2623,3120,4160,06-04-2026,Maharashtra
IMG_01000,jpg,0.8297,3120,4160,06-04-2026,Maharashtra
IMG_01001,jpg,0.7766,3120,4160,06-04-2026,Maharashtra
IMG_01002,jpg,1.3606,3120,4160,06-04-2026,Maharashtra
IMG_01003,jpg,1.3736,3120,4160,06-04-2026,Maharashtra
IMG_01004,jpg,0.776,3120,4160,06-04-2026,Maharashtra
IMG_01005,jpg,0.9556,3120,4160,06-04-2026,Maharashtra
IMG_01006,jpg,1.2303,3120,4160,06-04-2026,Maharashtra
IMG_01007,jpg,0.9493,3120,4160,06-04-2026,Maharashtra
IMG_01008,jpg,0.4311,2448,3264,06-04-2026,Maharashtra
IMG_01009,jpg,0.5557,2448,3264,07-04-2026,Maharashtra
IMG_01010,jpg,0.3512,2448,3264,07-04-2026,Maharashtra
IMG_01011,jpg,0.5483,2448,3264,07-04-2026,Maharashtra
IMG_01012,jpg,0.3846,2448,3264,07-04-2026,Maharashtra
IMG_01013,jpg,0.3792,2448,3264,07-04-2026,Maharashtra
IMG_01014,jpg,0.2658,2448,3264,07-04-2026,Maharashtra
IMG_01015,jpg,0.3167,2448,3264,07-04-2026,Maharashtra
IMG_01016,jpg,0.5256,2448,3264,07-04-2026,Maharashtra
IMG_01017,jpg,0.6107,2448,3264,07-04-2026,Maharashtra
IMG_01018,jpg,0.6035,2448,3264,07-04-2026,Maharashtra
IMG_01019,jpg,2.6551,4032,3024,08-04-2026,Tamil Nadu
IMG_01020,jpg,2.4596,4032,3024,08-04-2026,Tamil Nadu
IMG_01021,jpg,2.4306,4032,3024,08-04-2026,Tamil Nadu
IMG_01022,jpg,2.0187,4032,3024,08-04-2026,Tamil Nadu
IMG_01023,jpg,2.0756,4032,3024,08-04-2026,Tamil Nadu
IMG_01024,jpg,1.6386,4032,3024,08-04-2026,Tamil Nadu
IMG_01025,jpg,1.7094,4032,3024,08-04-2026,Tamil Nadu
IMG_01026,jpg,1.6353,4032,3024,08-04-2026,Tamil Nadu
IMG_01027,jpg,2.2841,4032,3024,08-04-2026,Tamil Nadu
IMG_01028,jpg,2.3086,4032,3024,08-04-2026,Tamil Nadu
IMG_01029,jpg,2.2941,4032,3024,08-04-2026,Tamil Nadu
IMG_01030,jpg,2.4805,4032,3024,08-04-2026,Tamil Nadu
IMG_01031,jpg,2.1411,4032,3024,08-04-2026,Tamil Nadu
IMG_01032,jpg,1.9825,4032,3024,08-04-2026,Tamil Nadu
IMG_01033,jpg,2.2185,4032,3024,08-04-2026,Tamil Nadu
IMG_01034,jpg,1.9862,4032,3024,08-04-2026,Tamil Nadu
IMG_01035,jpg,1.5472,3024,4032,08-04-2026,Tamil Nadu
IMG_01036,jpg,1.6141,3024,4032,09-04-2026,Tamil Nadu
IMG_01037,jpg,1.1302,3024,4032,09-04-2026,Tamil Nadu
IMG_01038,jpg,1.1502,3024,4032,09-04-2026,Tamil Nadu
IMG_01039,jpg,1.3981,3024,4032,09-04-2026,Tamil Nadu
IMG_01040,jpg,1.3017,3024,4032,09-04-2026,Tamil Nadu
IMG_01041,jpg,2.9465,3024,4032,09-04-2026,Tamil Nadu
IMG_01042,jpg,3.0318,3024,4032,09-04-2026,Tamil Nadu
IMG_01043,jpg,1.8733,3024,4032,09-04-2026,Tamil Nadu
IMG_01044,jpg,2.4189,3024,4032,09-04-2026,Tamil Nadu
IMG_01045,jpg,2.3106,3024,4032,09-04-2026,Tamil Nadu
IMG_01046,jpg,2.1348,3024,4032,09-04-2026,Tamil Nadu
IMG_01047,jpg,2.0936,3024,4032,09-04-2026,Tamil Nadu
IMG_01048,jpg,2.2695,3024,4032,10-04-2026,Tamil Nadu
IMG_01049,jpg,2.475,3024,4032,10-04-2026,Tamil Nadu
IMG_01050,jpg,2.4529,3024,4032,10-04-2026,Tamil Nadu
IMG_01051,jpg,2.1767,3024,4032,10-04-2026,Tamil Nadu
IMG_01052,jpg,1.2233,3024,4032,10-04-2026,Tamil Nadu
IMG_01053,jpg,1.3457,3024,4032,10-04-2026,Tamil Nadu
IMG_01054,jpg,2.025,3024,4032,10-04-2026,Tamil Nadu
IMG_01055,jpg,1.7137,3024,4032,10-04-2026,Tamil Nadu
IMG_01056,jpg,1.9767,3024,4032,10-04-2026,Tamil Nadu
IMG_01057,jpg,1.7781,3024,4032,10-04-2026,Tamil Nadu
IMG_01058,jpg,1.9207,3024,4032,10-04-2026,Tamil Nadu
IMG_01059,jpg,1.7492,3024,4032,10-04-2026,Tamil Nadu
IMG_01060,jpg,1.84,3024,4032,10-04-2026,Tamil Nadu
IMG_01061,jpg,1.811,3024,4032,10-04-2026,Tamil Nadu
IMG_01062,jpg,2.0062,3024,4032,10-04-2026,Tamil Nadu
IMG_01063,jpg,2.4445,3024,4032,11-04-2026,Tamil Nadu
IMG_01064,jpg,1.6605,3024,4032,11-04-2026,Tamil Nadu
IMG_01065,jpg,1.5553,3024,4032,11-04-2026,Tamil Nadu
IMG_01066,jpg,2.1753,3024,4032,11-04-2026,Tamil Nadu
IMG_01067,jpg,1.8364,3024,4032,11-04-2026,Tamil Nadu
IMG_01068,jpg,1.3934,3024,4032,11-04-2026,Tamil Nadu
IMG_01069,jpg,1.5363,3024,4032,11-04-2026,Tamil Nadu
IMG_01070,jpg,1.2084,3024,4032,11-04-2026,Tamil Nadu
IMG_01071,jpg,1.4574,3024,4032,11-04-2026,Tamil Nadu
IMG_01072,jpg,1.5457,3024,4032,11-04-2026,Tamil Nadu
IMG_01073,jpg,1.6693,3024,4032,12-04-2026,Tamil Nadu
IMG_01074,jpg,2.0675,3024,4032,12-04-2026,Tamil Nadu
IMG_01075,jpg,2.0958,3024,4032,12-04-2026,Tamil Nadu
IMG_01076,jpg,2.0383,4032,3024,12-04-2026,Tamil Nadu
IMG_01077,jpg,1.9646,4032,3024,12-04-2026,Tamil Nadu
IMG_01078,jpg,1.87,3024,4032,12-04-2026,Tamil Nadu
IMG_01079,jpg,1.9069,3024,4032,12-04-2026,Tamil Nadu
IMG_01080,jpg,2.1871,3024,4032,12-04-2026,Tamil Nadu
IMG_01081,jpg,1.8435,3024,4032,12-04-2026,Tamil Nadu
IMG_01082,jpg,2.3431,3024,4032,12-04-2026,Tamil Nadu
IMG_01083,jpg,2.038,3024,4032,13-04-2026,Tamil Nadu
IMG_01084,jpg,2.4276,3024,4032,13-04-2026,Tamil Nadu
IMG_01085,jpg,1.8026,3024,4032,13-04-2026,Tamil Nadu
IMG_01086,jpg,1.8207,3024,4032,13-04-2026,Tamil Nadu
IMG_01087,jpg,2.0561,3024,4032,13-04-2026,Tamil Nadu
IMG_01088,jpg,1.7897,3024,4032,13-04-2026,Tamil Nadu
IMG_01089,jpg,1.7604,3024,4032,13-04-2026,Tamil Nadu
IMG_01090,jpg,1.9092,3024,4032,13-04-2026,Tamil Nadu
IMG_01091,jpg,2.0828,3024,4032,13-04-2026,Tamil Nadu
IMG_01092,jpg,2.3823,3024,4032,13-04-2026,Tamil Nadu
IMG_01093,jpg,2.1706,3024,4032,13-04-2026,Tamil Nadu
IMG_01094,jpg,2.0405,3024,4032,13-04-2026,Tamil Nadu
IMG_01095,jpg,2.003,3024,4032,14-04-2026,Tamil Nadu
IMG_01096,jpg,2.0716,3024,4032,14-04-2026,Tamil Nadu
IMG_01097,jpg,1.9353,3024,4032,14-04-2026,Tamil Nadu
IMG_01098,jpg,1.7541,3024,4032,14-04-2026,Tamil Nadu
IMG_01099,jpg,2.3367,3024,4032,14-04-2026,Tamil Nadu
IMG_01100,jpg,2.5599,3024,4032,14-04-2026,Tamil Nadu
IMG_01101,jpg,2.2737,3024,4032,14-04-2026,Tamil Nadu
IMG_01102,jpg,2.5512,3024,4032,14-04-2026,Tamil Nadu
IMG_01103,jpg,2.1796,3024,4032,14-04-2026,Tamil Nadu
IMG_01104,jpg,2.0036,3024,4032,14-04-2026,Tamil Nadu
IMG_01105,jpg,2.155,3024,4032,14-04-2026,Tamil Nadu
IMG_01106,jpg,1.8718,3024,4032,14-04-2026,Tamil Nadu
IMG_01107,jpg,2.8874,3024,4032,14-04-2026,Tamil Nadu
IMG_01108,jpg,2.5094,3024,4032,14-04-2026,Tamil Nadu
IMG_01109,jpg,2.6049,3024,4032,15-04-2026,Tamil Nadu
IMG_01110,jpg,2.327,3024,4032,15-04-2026,Tamil Nadu
IMG_01111,jpg,2.1185,3024,4032,15-04-2026,Tamil Nadu
IMG_01112,jpg,2.0575,3024,4032,15-04-2026,Tamil Nadu
IMG_01113,jpg,2.3253,3024,4032,15-04-2026,Tamil Nadu
IMG_01114,jpg,1.9107,3024,4032,15-04-2026,Tamil Nadu
IMG_01115,jpg,2.2178,3024,4032,15-04-2026,Tamil Nadu
IMG_01116,jpg,2.0925,3024,4032,15-04-2026,Tamil Nadu
IMG_01117,jpg,2.0833,3024,4032,16-04-2026,Tamil Nadu
IMG_01118,jpg,2.0707,3024,4032,16-04-2026,Tamil Nadu
IMG_01119,jpg,2.4762,3024,4032,16-04-2026,Tamil Nadu
IMG_01120,jpg,2.9744,3024,4032,16-04-2026,Tamil Nadu
IMG_01121,jpg,2.4779,3024,4032,16-04-2026,Tamil Nadu
IMG_01122,jpg,2.5742,3024,4032,16-04-2026,Tamil Nadu
IMG_01123,jpg,2.5073,3024,4032,16-04-2026,Tamil Nadu
IMG_01124,jpg,2.1752,3024,4032,16-04-2026,Tamil Nadu
IMG_01125,jpg,2.1506,3024,4032,16-04-2026,Tamil Nadu
IMG_01126,jpg,2.5465,3024,4032,16-04-2026,Tamil Nadu
IMG_01127,jpg,3.0178,3024,4032,16-04-2026,Tamil Nadu
IMG_01128,jpg,2.4604,3024,4032,16-04-2026,Tamil Nadu
IMG_01129,jpg,2.8154,3024,4032,16-04-2026,Tamil Nadu
IMG_01130,jpg,2.5248,3024,4032,16-04-2026,Tamil Nadu
IMG_01131,jpg,2.2263,3024,4032,16-04-2026,Tamil Nadu
IMG_01132,jpg,2.4557,3024,4032,17-04-2026,Tamil Nadu
IMG_01133,jpg,2.1221,3024,4032,17-04-2026,Tamil Nadu
IMG_01134,jpg,2.0192,3024,4032,17-04-2026,Tamil Nadu
IMG_01135,jpg,2.3304,3024,4032,17-04-2026,Tamil Nadu
IMG_01136,jpg,2.2379,3024,4032,17-04-2026,Tamil Nadu
IMG_01137,jpg,2.1661,3024,4032,17-04-2026,Tamil Nadu
IMG_01138,jpg,2.2553,3024,4032,17-04-2026,Tamil Nadu
IMG_01139,jpg,2.5847,3024,4032,17-04-2026,Tamil Nadu
IMG_01140,jpg,1.8923,3024,4032,17-04-2026,Tamil Nadu
IMG_01141,jpg,2.9627,3024,4032,17-04-2026,Tamil Nadu
IMG_01142,jpg,2.2921,3024,4032,17-04-2026,Tamil Nadu
IMG_01143,jpg,2.077,3024,4032,18-04-2026,Tamil Nadu
IMG_01144,heic,1.4079,3024,4032,18-04-2026,Tamil Nadu
IMG_01145,heic,1.3437,3024,4032,18-04-2026,Tamil Nadu
IMG_01146,heic,1.2892,3024,4032,18-04-2026,Tamil Nadu
IMG_01147,heic,1.4745,3024,4032,18-04-2026,Tamil Nadu
IMG_01148,heic,1.3289,3024,4032,18-04-2026,Tamil Nadu
IMG_01149,heic,1.6293,3024,4032,18-04-2026,Tamil Nadu
IMG_01150,heic,1.4874,3024,4032,18-04-2026,Tamil Nadu
IMG_01151,heic,1.7157,4032,3024,18-04-2026,Tamil Nadu
IMG_01152,heic,1.6721,3024,4032,18-04-2026,Tamil Nadu
IMG_01153,heic,3.8182,3024,4032,18-04-2026,Tamil Nadu
IMG_01154,heic,1.8732,3024,4032,18-04-2026,Tamil Nadu
IMG_01155,heic,2.2831,3024,4032,18-04-2026,Tamil Nadu
IMG_01156,heic,2.0756,3024,4032,18-04-2026,Tamil Nadu
IMG_01157,heic,2.0082,3024,4032,18-04-2026,Tamil Nadu
IMG_01158,heic,2.1313,3024,4032,18-04-2026,Tamil Nadu
IMG_01159,heic,1.9071,3024,4032,18-04-2026,Tamil Nadu
IMG_01160,heic,2.2124,3024,4032,18-04-2026,Tamil Nadu
IMG_01161,heic,1.8421,3024,4032,19-04-2026,Tamil Nadu
IMG_01162,heic,2.0215,3024,4032,19-04-2026,Tamil Nadu
IMG_01163,heic,2.5503,3024,4032,19-04-2026,Tamil Nadu
IMG_01164,heic,2.4211,3024,4032,19-04-2026,Tamil Nadu
IMG_01165,heic,1.7256,3024,4032,19-04-2026,Tamil Nadu
IMG_01166,heic,2.248,3024,4032,19-04-2026,Tamil Nadu
IMG_01167,heic,1.3622,3024,4032,19-04-2026,Tamil Nadu
IMG_01168,heic,1.3226,3024,4032,19-04-2026,Tamil Nadu
IMG_01169,heic,1.8633,3024,4032,19-04-2026,Tamil Nadu
IMG_01170,heic,1.613,3024,4032,19-04-2026,Tamil Nadu
IMG_01171,heic,1.7064,3024,4032,19-04-2026,Tamil Nadu
IMG_01172,heic,1.9588,3024,4032,19-04-2026,Tamil Nadu
IMG_01173,heic,1.6632,3024,4032,20-04-2026,Tamil Nadu
IMG_01174,heic,1.9889,3024,4032,20-04-2026,Tamil Nadu
IMG_01175,heic,1.7591,3024,4032,20-04-2026,Tamil Nadu
IMG_01176,heic,1.4005,3024,4032,20-04-2026,Tamil Nadu
IMG_01177,heic,1.6924,3024,4032,20-04-2026,Tamil Nadu
IMG_01178,heic,1.8564,3024,4032,20-04-2026,Tamil Nadu
IMG_01179,heic,1.8234,3024,4032,21-04-2026,Tamil Nadu
IMG_01180,heic,1.6881,3024,4032,21-04-2026,Tamil Nadu
IMG_01181,heic,1.8499,3024,4032,21-04-2026,Tamil Nadu
IMG_01182,heic,1.8144,3024,4032,21-04-2026,Tamil Nadu
IMG_01183,heic,1.7523,3024,4032,21-04-2026,Tamil Nadu
IMG_01184,heic,1.4254,3024,4032,21-04-2026,Tamil Nadu
IMG_01185,heic,1.4126,3024,4032,21-04-2026,Tamil Nadu
IMG_01186,heic,1.8936,3024,4032,21-04-2026,Tamil Nadu
IMG_01187,heic,1.7638,3024,4032,21-04-2026,Tamil Nadu
IMG_01188,heic,2.3485,3024,4032,21-04-2026,Tamil Nadu
IMG_01189,heic,2.1832,3024,4032,21-04-2026,Tamil Nadu
IMG_01190,heic,1.5717,3024,4032,21-04-2026,Tamil Nadu
IMG_01191,heic,2.0102,3024,4032,21-04-2026,Tamil Nadu
IMG_01192,heic,1.961,3024,4032,21-04-2026,Tamil Nadu
IMG_01193,heic,2.0916,3024,4032,21-04-2026,Tamil Nadu
IMG_01194,heic,1.8795,3024,4032,21-04-2026,Tamil Nadu
IMG_01195,heic,2.0119,3024,4032,21-04-2026,Tamil Nadu
IMG_01196,heic,2.0337,3024,4032,21-04-2026,Tamil Nadu
IMG_01197,heic,2.3136,3024,4032,21-04-2026,Tamil Nadu
IMG_01198,heic,1.8244,3024,4032,21-04-2026,Tamil Nadu
IMG_01199,heic,1.8052,3024,4032,22-04-2026,Tamil Nadu
IMG_01200,heic,2.1081,3024,4032,22-04-2026,Tamil Nadu
IMG_01201,heic,1.7883,3024,4032,22-04-2026,Tamil Nadu
IMG_01202,heic,1.4366,3024,4032,22-04-2026,Tamil Nadu
IMG_01203,heic,2.469,3024,4032,22-04-2026,Tamil Nadu
IMG_01204,heic,1.5927,3024,4032,22-04-2026,Tamil Nadu
IMG_01205,heic,1.5772,3024,4032,22-04-2026,Tamil Nadu
IMG_01206,heic,1.428,3024,4032,22-04-2026,Tamil Nadu
IMG_01207,heic,1.2145,3024,4032,22-04-2026,Tamil Nadu
IMG_01208,heic,1.9191,3024,4032,22-04-2026,Tamil Nadu
IMG_01209,heic,1.6486,3024,4032,22-04-2026,Tamil Nadu
IMG_01210,heic,1.6458,3024,4032,22-04-2026,Tamil Nadu
IMG_01211,heic,1.6984,3024,4032,22-04-2026,Tamil Nadu
IMG_01212,heic,1.2245,3024,4032,23-04-2026,Tamil Nadu
IMG_01213,heic,1.3896,3024,4032,23-04-2026,Tamil Nadu
IMG_01214,heic,1.7107,3024,4032,23-04-2026,Tamil Nadu
IMG_01215,heic,1.5136,3024,4032,23-04-2026,Tamil Nadu
IMG_01216,heic,1.4761,3024,4032,23-04-2026,Tamil Nadu
IMG_01217,heic,1.7427,3024,4032,23-04-2026,Tamil Nadu
IMG_01218,heic,1.9281,3024,4032,23-04-2026,Tamil Nadu
IMG_01219,heic,1.2851,3024,4032,23-04-2026,Tamil Nadu
IMG_01220,heic,1.4466,3024,4032,23-04-2026,Tamil Nadu
IMG_01221,heic,1.1905,3024,4032,24-04-2026,Tamil Nadu
IMG_01222,heic,2.2165,3024,4032,24-04-2026,Tamil Nadu
IMG_01223,heic,1.7204,3024,4032,25-04-2026,Tamil Nadu
IMG_01224,heic,1.663,3024,4032,25-04-2026,Tamil Nadu
IMG_01225,heic,1.4655,3024,4032,25-04-2026,Tamil Nadu
IMG_01226,heic,1.4593,3024,4032,25-04-2026,Tamil Nadu
IMG_01227,heic,1.3506,3024,4032,25-04-2026,Tamil Nadu
IMG_01228,heic,1.5957,3024,4032,25-04-2026,Tamil Nadu
IMG_01229,heic,1.5188,3024,4032,25-04-2026,Tamil Nadu
IMG_01230,heic,1.561,3024,4032,25-04-2026,Tamil Nadu
IMG_01231,heic,1.7926,3024,4032,25-04-2026,Tamil Nadu
IMG_01232,heic,1.9541,3024,4032,25-04-2026,Tamil Nadu
IMG_01233,heic,1.7983,3024,4032,25-04-2026,Tamil Nadu
IMG_01234,heic,2.4733,3024,4032,25-04-2026,Tamil Nadu
IMG_01235,heic,2.3483,3024,4032,25-04-2026,Tamil Nadu
IMG_01236,heic,2.0368,3024,4032,25-04-2026,Tamil Nadu
IMG_01237,heic,1.6259,3024,4032,25-04-2026,Tamil Nadu
IMG_01238,heic,1.4446,3024,4032,26-04-2026,Tamil Nadu
IMG_01239,heic,1.4506,3024,4032,26-04-2026,Tamil Nadu
IMG_01240,heic,1.7614,3024,4032,26-04-2026,Tamil Nadu
IMG_01241,heic,1.4506,3024,4032,26-04-2026,Tamil Nadu
IMG_01242,heic,1.8221,3024,4032,26-04-2026,Tamil Nadu
IMG_01243,heic,1.5022,3024,4032,26-04-2026,Tamil Nadu
IMG_01244,heic,1.5218,3024,4032,26-04-2026,Tamil Nadu
IMG_01245,heic,1.9539,3024,4032,26-04-2026,Tamil Nadu
IMG_01246,heic,1.2397,3024,4032,26-04-2026,Tamil Nadu
IMG_01247,heic,1.5396,3024,4032,26-04-2026,Tamil Nadu
IMG_01248,heic,1.2714,3024,4032,26-04-2026,Tamil Nadu
IMG_01249,heic,1.2813,3024,4032,26-04-2026,Tamil Nadu
IMG_01250,heic,1.4311,3024,4032,26-04-2026,Tamil Nadu
IMG_01251,heic,1.2486,3024,4032,26-04-2026,Tamil Nadu
IMG_01252,heic,1.3102,3024,4032,27-04-2026,Tamil Nadu
IMG_01253,heic,1.4295,3024,4032,27-04-2026,Tamil Nadu
IMG_01254,heic,1.6252,3024,4032,27-04-2026,Tamil Nadu
IMG_01255,heic,1.8234,3024,4032,27-04-2026,Tamil Nadu
IMG_01256,heic,1.9859,3024,4032,27-04-2026,Tamil Nadu
IMG_01257,heic,1.6673,3024,4032,27-04-2026,Tamil Nadu
IMG_01258,heic,2.1064,3024,4032,27-04-2026,Tamil Nadu
IMG_01259,heic,2.1592,3024,4032,27-04-2026,Tamil Nadu
IMG_01260,heic,2.0324,3024,4032,27-04-2026,Tamil Nadu
IMG_01261,heic,1.8472,3024,4032,27-04-2026,Tamil Nadu
IMG_01262,heic,1.577,3024,4032,27-04-2026,Tamil Nadu
IMG_01263,heic,1.532,3024,4032,28-04-2026,Tamil Nadu
IMG_01264,heic,1.4543,3024,4032,28-04-2026,Tamil Nadu
IMG_01265,heic,1.7862,3024,4032,28-04-2026,Tamil Nadu
IMG_01266,heic,1.5043,3024,4032,28-04-2026,Tamil Nadu
IMG_01267,heic,2.0636,3024,4032,28-04-2026,Tamil Nadu
IMG_01268,heic,1.8855,3024,4032,28-04-2026,Tamil Nadu
IMG_01269,heic,1.7179,3024,4032,28-04-2026,Tamil Nadu
IMG_01270,heic,1.9673,3024,4032,28-04-2026,Tamil Nadu
IMG_01271,heic,2.0835,3024,4032,28-04-2026,Tamil Nadu
IMG_01272,heic,1.9113,3024,4032,28-04-2026,Tamil Nadu
IMG_01273,heic,2.5922,3024,4032,28-04-2026,Tamil Nadu
IMG_01274,heic,1.9308,3024,4032,28-04-2026,Tamil Nadu
IMG_01275,heic,1.9823,3024,4032,28-04-2026,Tamil Nadu
IMG_01276,heic,1.3164,3024,4032,28-04-2026,Tamil Nadu
IMG_01277,heic,1.3101,3024,4032,29-04-2026,Tamil Nadu
IMG_01278,heic,1.3291,3024,4032,29-04-2026,Tamil Nadu
IMG_01279,heic,1.4776,3024,4032,29-04-2026,Tamil Nadu
IMG_01280,heic,1.2508,3024,4032,29-04-2026,Tamil Nadu
IMG_01281,heic,1.2772,3024,4032,29-04-2026,Tamil Nadu
IMG_01282,heic,1.6562,3024,4032,29-04-2026,Tamil Nadu
IMG_01283,heic,1.8582,3024,4032,29-04-2026,Tamil Nadu
IMG_01284,heic,1.803,3024,4032,29-04-2026,Tamil Nadu
IMG_01285,heic,1.6443,3024,4032,29-04-2026,Tamil Nadu
IMG_01286,heic,1.8557,3024,4032,29-04-2026,Tamil Nadu
IMG_01287,heic,1.4016,3024,4032,29-04-2026,Tamil Nadu
IMG_01288,heic,1.9749,3024,4032,30-04-2026,Tamil Nadu
IMG_01289,heic,1.7621,3024,4032,30-04-2026,Tamil Nadu
IMG_01290,heic,1.4971,3024,4032,30-04-2026,Tamil Nadu
IMG_01291,heic,1.8286,3024,4032,30-04-2026,Tamil Nadu
IMG_01292,heic,1.9597,3024,4032,30-04-2026,Tamil Nadu
IMG_01293,heic,1.3197,3024,4032,30-04-2026,Tamil Nadu
IMG_01294,heic,1.1994,3024,4032,30-04-2026,Tamil Nadu
IMG_01295,heic,1.5047,3024,4032,30-04-2026,Tamil Nadu
IMG_01296,heic,1.353,3024,4032,30-04-2026,Tamil Nadu
IMG_01297,heic,1.5183,3024,4032,30-04-2026,Tamil Nadu
IMG_01298,heic,1.3945,3024,4032,30-04-2026,Tamil Nadu
IMG_01299,heic,1.6739,3024,4032,30-04-2026,Tamil Nadu
IMG_01300,heic,1.6895,3024,4032,30-04-2026,Tamil Nadu
IMG_01301,heic,1.6719,3024,4032,01-05-2026,Tamil Nadu
IMG_01302,heic,1.4266,3024,4032,01-05-2026,Tamil Nadu
IMG_01303,heic,1.7084,3024,4032,01-05-2026,Tamil Nadu
IMG_01304,heic,2.0902,3024,4032,01-05-2026,Tamil Nadu
IMG_01305,heic,1.9619,3024,4032,01-05-2026,Tamil Nadu
IMG_01306,heic,2.0944,3024,4032,01-05-2026,Tamil Nadu
IMG_01307,heic,2.0088,3024,4032,01-05-2026,Tamil Nadu
IMG_01308,heic,1.7649,3024,4032,01-05-2026,Tamil Nadu
IMG_01309,heic,1.7863,3024,4032,01-05-2026,Tamil Nadu
IMG_01310,heic,1.5213,3024,4032,01-05-2026,Tamil Nadu
IMG_01311,heic,1.6696,3024,4032,01-05-2026,Tamil Nadu
IMG_01312,heic,1.7204,3024,4032,01-05-2026,Tamil Nadu
IMG_01313,heic,2.1312,3024,4032,02-05-2026,Tamil Nadu
IMG_01314,heic,1.968,3024,4032,02-05-2026,Tamil Nadu
IMG_01315,heic,2.0601,3024,4032,02-05-2026,Tamil Nadu
IMG_01316,heic,1.8142,3024,4032,02-05-2026,Tamil Nadu
IMG_01317,heic,1.818,3024,4032,02-05-2026,Tamil Nadu
IMG_01318,heic,1.9956,3024,4032,02-05-2026,Tamil Nadu
IMG_01319,heic,2.2052,3024,4032,02-05-2026,Tamil Nadu
IMG_01320,heic,1.8383,3024,4032,02-05-2026,Tamil Nadu
IMG_01321,heic,1.7293,3024,4032,02-05-2026,Tamil Nadu
IMG_01322,heic,1.8882,3024,4032,02-05-2026,Tamil Nadu
IMG_01323,heic,1.7381,3024,4032,02-05-2026,Tamil Nadu
IMG_01324,heic,2.0013,3024,4032,02-05-2026,Tamil Nadu
IMG_01325,heic,1.4233,3024,4032,02-05-2026,Tamil Nadu
IMG_01326,heic,1.2565,3024,4032,02-05-2026,Tamil Nadu
IMG_01327,heic,1.5629,3024,4032,02-05-2026,Tamil Nadu
IMG_01328,heic,1.3834,3024,4032,02-05-2026,Tamil Nadu
IMG_01329,heic,1.4424,3024,4032,02-05-2026,Tamil Nadu
IMG_01330,heic,1.3969,3024,4032,03-05-2026,Tamil Nadu
IMG_01331,heic,1.2579,3024,4032,03-05-2026,Tamil Nadu
IMG_01332,heic,1.3057,3024,4032,03-05-2026,Tamil Nadu
IMG_01333,heic,1.3552,3024,4032,03-05-2026,Tamil Nadu
IMG_01334,heic,1.5419,3024,4032,03-05-2026,Tamil Nadu
IMG_01335,heic,1.8161,3024,4032,03-05-2026,Tamil Nadu
IMG_01336,heic,1.7776,3024,4032,03-05-2026,Tamil Nadu
IMG_01337,heic,1.2866,3024,4032,03-05-2026,Tamil Nadu
IMG_01338,heic,1.9455,3024,4032,03-05-2026,Tamil Nadu
IMG_01339,heic,1.5192,3024,4032,03-05-2026,Tamil Nadu
IMG_01340,heic,1.4644,3024,4032,03-05-2026,Tamil Nadu
IMG_01341,heic,1.4235,3024,4032,03-05-2026,Tamil Nadu
IMG_01342,heic,1.741,3024,4032,04-05-2026,Tamil Nadu
IMG_01343,heic,1.6906,3024,4032,04-05-2026,Tamil Nadu
IMG_01344,heic,1.4277,3024,4032,04-05-2026,Tamil Nadu
IMG_01345,heic,1.4776,3024,4032,04-05-2026,Tamil Nadu
IMG_01346,heic,1.6795,3024,4032,04-05-2026,Tamil Nadu
IMG_01347,heic,1.3515,3024,4032,04-05-2026,Tamil Nadu
IMG_01348,heic,1.0995,3024,4032,04-05-2026,Tamil Nadu
IMG_01349,heic,1.2264,3024,4032,04-05-2026,Tamil Nadu
IMG_01350,heic,1.4113,3024,4032,04-05-2026,Tamil Nadu
IMG_01351,heic,1.464,3024,4032,04-05-2026,Tamil Nadu
IMG_01352,heic,1.1816,3024,4032,04-05-2026,Tamil Nadu
IMG_01353,heic,1.3922,3024,4032,04-05-2026,Tamil Nadu
IMG_01354,heic,1.2499,3024,4032,04-05-2026,Tamil Nadu
IMG_01355,heic,1.7016,3024,4032,04-05-2026,Tamil Nadu
IMG_01356,heic,1.4763,3024,4032,05-05-2026,Tamil Nadu
IMG_01357,heic,1.4539,3024,4032,05-05-2026,Tamil Nadu
IMG_01358,heic,1.4031,3024,4032,05-05-2026,Tamil Nadu
IMG_01359,heic,1.3994,3024,4032,05-05-2026,Tamil Nadu
IMG_01360,heic,1.4132,3024,4032,05-05-2026,Tamil Nadu
IMG_01361,heic,1.6732,3024,4032,05-05-2026,Tamil Nadu
IMG_01362,heic,1.6726,3024,4032,05-05-2026,Tamil Nadu
IMG_01363,heic,1.7966,3024,4032,05-05-2026,Tamil Nadu
IMG_01364,heic,1.6163,3024,4032,05-05-2026,Tamil Nadu
IMG_01365,heic,1.6789,3024,4032,05-05-2026,Tamil Nadu
IMG_01366,heic,1.4611,3024,4032,05-05-2026,Tamil Nadu
IMG_01367,heic,1.496,3024,4032,05-05-2026,Tamil Nadu
IMG_01368,heic,1.5904,3024,4032,05-05-2026,Tamil Nadu
IMG_01369,heic,1.3746,3024,4032,05-05-2026,Tamil Nadu
IMG_01370,heic,1.4708,3024,4032,05-05-2026,Tamil Nadu
IMG_01371,heic,1.405,3024,4032,06-05-2026,Tamil Nadu
IMG_01372,heic,1.4606,3024,4032,06-05-2026,Tamil Nadu
IMG_01373,heic,1.3975,3024,4032,06-05-2026,Tamil Nadu
IMG_01374,heic,1.5466,3024,4032,06-05-2026,Tamil Nadu
IMG_01375,heic,1.5662,3024,4032,06-05-2026,Tamil Nadu
IMG_01376,heic,2.2649,3024,4032,06-05-2026,Tamil Nadu
IMG_01377,heic,1.5989,3024,4032,06-05-2026,Tamil Nadu
IMG_01378,heic,1.3979,3024,4032,06-05-2026,Tamil Nadu
IMG_01379,heic,1.6702,3024,4032,06-05-2026,Tamil Nadu
IMG_01380,heic,1.5068,3024,4032,06-05-2026,Tamil Nadu
IMG_01381,heic,1.6393,3024,4032,06-05-2026,Tamil Nadu
IMG_01382,heic,1.7524,3024,4032,06-05-2026,Tamil Nadu
IMG_01383,heic,1.4295,3024,4032,06-05-2026,Tamil Nadu
IMG_01384,heic,1.454,3024,4032,06-05-2026,Tamil Nadu
IMG_01385,heic,1.7459,3024,4032,06-05-2026,Tamil Nadu
IMG_01386,heic,1.2537,3024,4032,06-05-2026,Tamil Nadu
IMG_01387,heic,1.5255,3024,4032,07-05-2026,Tamil Nadu
IMG_01388,heic,1.3777,3024,4032,07-05-2026,Tamil Nadu
IMG_01389,heic,1.5668,3024,4032,07-05-2026,Tamil Nadu
IMG_01390,heic,1.4999,3024,4032,07-05-2026,Tamil Nadu
IMG_01391,heic,1.4208,3024,4032,07-05-2026,Tamil Nadu
IMG_01392,heic,1.3307,3024,4032,07-05-2026,Tamil Nadu
IMG_01393,heic,1.8121,3024,4032,07-05-2026,Tamil Nadu
IMG_01394,heic,1.3726,3024,4032,07-05-2026,Tamil Nadu
IMG_01395,heic,1.3503,3024,4032,07-05-2026,Tamil Nadu
IMG_01396,heic,1.4395,3024,4032,07-05-2026,Tamil Nadu
IMG_01397,heic,1.2557,3024,4032,07-05-2026,Tamil Nadu
IMG_01398,heic,1.9908,3024,4032,07-05-2026,Tamil Nadu
IMG_01399,heic,1.7687,3024,4032,07-05-2026,Tamil Nadu
IMG_01400,heic,1.5181,3024,4032,07-05-2026,Tamil Nadu
IMG_01401,heic,1.4032,3024,4032,07-05-2026,Tamil Nadu
IMG_01402,heic,1.7714,3024,4032,07-05-2026,Tamil Nadu
IMG_01403,heic,1.9201,3024,4032,07-05-2026,Tamil Nadu
IMG_01404,heic,1.8283,3024,4032,07-05-2026,Tamil Nadu
IMG_01405,heic,2.0237,3024,4032,07-05-2026,Tamil Nadu
IMG_01406,heic,1.9386,3024,4032,07-05-2026,Tamil Nadu
IMG_01407,heic,1.5144,3024,4032,08-05-2026,Tamil Nadu
IMG_01408,heic,1.5504,3024,4032,08-05-2026,Tamil Nadu
IMG_01409,heic,2.0389,3024,4032,08-05-2026,Tamil Nadu
IMG_01410,heic,1.9162,3024,4032,08-05-2026,Tamil Nadu
IMG_01411,heic,1.8931,3024,4032,08-05-2026,Tamil Nadu
IMG_01412,heic,1.6913,3024,4032,08-05-2026,Tamil Nadu
IMG_01413,heic,1.5136,3024,4032,08-05-2026,Tamil Nadu
IMG_01414,heic,1.3771,3024,4032,08-05-2026,Tamil Nadu
IMG_01415,heic,1.5625,3024,4032,08-05-2026,Tamil Nadu
IMG_01416,heic,1.1295,3024,4032,08-05-2026,Tamil Nadu
IMG_01417,heic,1.4678,3024,4032,08-05-2026,Tamil Nadu
IMG_01418,heic,1.255,3024,4032,08-05-2026,Tamil Nadu
IMG_01419,heic,1.3583,3024,4032,09-05-2026,Tamil Nadu
IMG_01420,heic,1.3201,3024,4032,09-05-2026,Tamil Nadu
IMG_01421,heic,1.966,3024,4032,09-05-2026,Tamil Nadu
IMG_01422,heic,1.8274,3024,4032,09-05-2026,Tamil Nadu
IMG_01423,heic,1.9813,3024,4032,09-05-2026,Tamil Nadu
IMG_01424,heic,2.1805,3024,4032,09-05-2026,Tamil Nadu
IMG_01425,heic,1.844,3024,4032,09-05-2026,Tamil Nadu
IMG_01426,heic,1.9291,3024,4032,09-05-2026,Tamil Nadu
IMG_01427,heic,2.1431,3024,4032,09-05-2026,Tamil Nadu
IMG_01428,heic,1.9012,3024,4032,09-05-2026,Tamil Nadu
IMG_01429,heic,1.9341,3024,4032,09-05-2026,Tamil Nadu
IMG_01430,heic,1.6292,3024,4032,09-05-2026,Tamil Nadu
IMG_01431,heic,2.6919,3024,4032,09-05-2026,Tamil Nadu
IMG_01432,heic,1.8773,3024,4032,09-05-2026,Tamil Nadu
IMG_01433,heic,1.2858,3024,4032,09-05-2026,Tamil Nadu
IMG_01434,heic,1.5485,3024,4032,10-05-2026,Tamil Nadu
IMG_01435,heic,1.9385,3024,4032,10-05-2026,Tamil Nadu
IMG_01436,heic,2.019,3024,4032,10-05-2026,Tamil Nadu
IMG_01437,heic,1.2879,3024,4032,10-05-2026,Tamil Nadu
IMG_01438,heic,1.2365,3024,4032,10-05-2026,Tamil Nadu
IMG_01439,heic,1.9401,3024,4032,10-05-2026,Tamil Nadu
IMG_01440,heic,1.8206,3024,4032,10-05-2026,Tamil Nadu
IMG_01441,heic,2.5722,3024,4032,10-05-2026,Tamil Nadu
IMG_01442,heic,2.3924,3024,4032,10-05-2026,Tamil Nadu
IMG_01443,heic,2.6114,3024,4032,10-05-2026,Tamil Nadu
IMG_01444,heic,2.6765,3024,4032,10-05-2026,Tamil Nadu
IMG_01445,heic,2.7167,3024,4032,10-05-2026,Tamil Nadu
IMG_01446,heic,2.4443,3024,4032,10-05-2026,Tamil Nadu
IMG_01447,heic,2.6445,3024,4032,10-05-2026,Tamil Nadu
IMG_01448,heic,2.8943,3024,4032,10-05-2026,Tamil Nadu
IMG_01449,heic,2.8666,3024,4032,10-05-2026,Tamil Nadu
IMG_01450,heic,2.9289,3024,4032,10-05-2026,Tamil Nadu
IMG_01451,heic,2.7691,3024,4032,10-05-2026,Tamil Nadu
IMG_01452,heic,3.1599,3024,4032,10-05-2026,Tamil Nadu
IMG_01453,heic,2.5308,3024,4032,11-05-2026,Tamil Nadu
IMG_01454,heic,2.4874,3024,4032,11-05-2026,Tamil Nadu
IMG_01455,heic,2.7571,3024,4032,11-05-2026,Tamil Nadu
IMG_01456,heic,2.4844,3024,4032,11-05-2026,Tamil Nadu
IMG_01457,heic,2.9259,3024,4032,11-05-2026,Tamil Nadu
IMG_01458,heic,2.9716,3024,4032,11-05-2026,Tamil Nadu
IMG_01459,png,0.908,400,400,11-05-2026,Tamil Nadu
IMG_01460,png,0.8699,400,400,11-05-2026,Tamil Nadu
IMG_01461,png,0.915,400,400,11-05-2026,Tamil Nadu
IMG_01462,png,0.885,400,400,11-05-2026,Tamil Nadu
IMG_01463,png,0.8033,400,400,11-05-2026,Tamil Nadu
IMG_01464,png,0.8997,400,400,11-05-2026,Tamil Nadu
IMG_01465,png,0.8422,400,400,12-05-2026,Tamil Nadu
IMG_01466,png,0.9139,400,400,12-05-2026,Tamil Nadu
IMG_01467,png,0.8902,400,400,12-05-2026,Tamil Nadu
IMG_01468,png,0.8429,400,400,12-05-2026,Tamil Nadu
IMG_01469,png,0.8862,400,400,12-05-2026,Tamil Nadu
IMG_01470,png,0.8805,400,400,12-05-2026,Tamil Nadu
IMG_01471,png,0.9,400,400,12-05-2026,Tamil Nadu
IMG_01472,png,0.9209,400,400,12-05-2026,Tamil Nadu
IMG_01473,png,0.82,400,400,12-05-2026,Tamil Nadu
IMG_01474,png,0.9184,400,400,12-05-2026,Tamil Nadu
IMG_01475,png,0.801,400,400,12-05-2026,Tamil Nadu
IMG_01476,png,0.8922,400,400,12-05-2026,Tamil Nadu
IMG_01477,png,0.8943,400,400,12-05-2026,Tamil Nadu
IMG_01478,png,0.85,400,400,12-05-2026,Tamil Nadu
IMG_01479,png,0.848,400,400,12-05-2026,Tamil Nadu
IMG_01480,png,0.8554,400,400,13-05-2026,Tamil Nadu
IMG_01481,png,0.8251,400,400,13-05-2026,Tamil Nadu
IMG_01482,png,0.8859,400,400,13-05-2026,Tamil Nadu
IMG_01483,png,0.1969,450,300,13-05-2026,Tamil Nadu
IMG_01484,png,0.8896,400,400,13-05-2026,Tamil Nadu
IMG_01485,png,0.8795,400,400,13-05-2026,Tamil Nadu
IMG_01486,png,0.8863,400,400,13-05-2026,Tamil Nadu
IMG_01487,png,0.9219,400,400,13-05-2026,Tamil Nadu
IMG_01488,png,0.912,400,400,13-05-2026,Tamil Nadu
IMG_01489,png,0.8676,400,400,13-05-2026,Tamil Nadu
IMG_01490,png,0.9041,400,400,13-05-2026,Tamil Nadu
IMG_01491,png,0.8785,400,400,13-05-2026,Tamil Nadu
IMG_01492,png,0.8934,400,400,14-05-2026,Tamil Nadu
IMG_01493,png,0.8638,400,400,14-05-2026,Tamil Nadu
IMG_01494,png,0.9218,400,400,14-05-2026,Tamil Nadu
IMG_01495,png,0.8691,400,400,14-05-2026,Tamil Nadu
IMG_01496,png,0.9154,400,400,14-05-2026,Tamil Nadu
IMG_01497,png,0.9305,400,400,14-05-2026,Tamil Nadu
IMG_01498,png,0.8795,400,400,14-05-2026,Tamil Nadu
IMG_01499,png,0.9281,400,400,14-05-2026,Tamil Nadu
IMG_01500,png,0.9144,400,400,14-05-2026,Tamil Nadu
IMG_01501,png,0.9059,400,400,14-05-2026,Tamil Nadu
IMG_01502,png,0.8124,400,400,14-05-2026,Tamil Nadu
IMG_01503,png,0.8982,400,400,14-05-2026,Tamil Nadu
IMG_01504,png,0.923,400,400,14-05-2026,Tamil Nadu
IMG_01505,png,0.8774,400,400,14-05-2026,Tamil Nadu
IMG_01506,png,0.8892,400,400,15-05-2026,Tamil Nadu
IMG_01507,png,0.9031,400,400,15-05-2026,Tamil Nadu
IMG_01508,png,0.9047,400,400,15-05-2026,Tamil Nadu
IMG_01509,png,0.8487,400,400,15-05-2026,Tamil Nadu
IMG_01510,png,0.8701,400,400,15-05-2026,Tamil Nadu
IMG_01511,png,0.912,400,400,15-05-2026,Tamil Nadu
IMG_01512,png,0.9124,400,400,15-05-2026,Tamil Nadu
IMG_01513,png,0.9014,400,400,15-05-2026,Tamil Nadu
IMG_01514,png,0.9154,400,400,15-05-2026,Tamil Nadu
IMG_01515,png,0.8811,400,400,15-05-2026,Tamil Nadu
IMG_01516,png,0.8206,400,400,15-05-2026,Tamil Nadu
IMG_01517,png,0.9001,400,400,15-05-2026,Tamil Nadu
IMG_01518,png,0.8154,400,400,15-05-2026,Tamil Nadu
IMG_01519,png,0.8903,400,400,15-05-2026,Tamil Nadu
IMG_01520,png,0.8193,400,400,16-05-2026,Tamil Nadu
IMG_01521,png,0.8745,400,400,16-05-2026,Tamil Nadu
IMG_01522,png,0.9007,400,400,16-05-2026,Tamil Nadu
IMG_01523,png,0.7868,400,400,16-05-2026,Tamil Nadu
IMG_01524,png,0.9036,400,400,16-05-2026,Tamil Nadu
IMG_01525,png,0.8757,400,400,16-05-2026,Tamil Nadu
IMG_01526,png,0.9019,400,400,16-05-2026,Tamil Nadu
IMG_01527,png,0.8625,400,400,17-05-2026,Tamil Nadu
IMG_01528,png,0.8062,400,400,17-05-2026,Tamil Nadu
IMG_01529,png,0.856,400,400,17-05-2026,Tamil Nadu
IMG_01530,png,0.9133,400,400,17-05-2026,Tamil Nadu
IMG_01531,png,0.8689,400,400,17-05-2026,Tamil Nadu
IMG_01532,png,0.2315,481,300,17-05-2026,Tamil Nadu
IMG_01533,png,0.8666,400,400,17-05-2026,Tamil Nadu
IMG_01534,png,0.886,400,400,17-05-2026,Tamil Nadu
IMG_01535,png,0.877,400,400,17-05-2026,Tamil Nadu
IMG_01536,png,0.1586,450,300,18-05-2026,Tamil Nadu
IMG_01537,png,0.8694,400,400,18-05-2026,Tamil Nadu
IMG_01538,png,0.844,400,400,18-05-2026,Tamil Nadu
IMG_01539,png,0.9074,400,400,18-05-2026,Tamil Nadu
IMG_01540,png,0.9022,400,400,18-05-2026,Tamil Nadu
IMG_01541,png,0.9171,400,400,18-05-2026,Tamil Nadu
IMG_01542,png,0.8811,400,400,18-05-2026,Tamil Nadu
IMG_01543,png,0.9141,400,400,18-05-2026,Tamil Nadu
IMG_01544,png,0.8936,400,400,18-05-2026,Tamil Nadu
IMG_01545,png,0.8889,400,400,18-05-2026,Tamil Nadu
IMG_01546,png,0.8662,400,400,18-05-2026,Tamil Nadu
IMG_01547,png,0.893,400,400,18-05-2026,Tamil Nadu
IMG_01548,png,0.8929,400,400,18-05-2026,Tamil Nadu
IMG_01549,png,0.9071,400,400,19-05-2026,Tamil Nadu
IMG_01550,png,0.8879,400,400,19-05-2026,Tamil Nadu
IMG_01551,png,0.8829,400,400,19-05-2026,Tamil Nadu
IMG_01552,png,0.8857,400,400,19-05-2026,Tamil Nadu
IMG_01553,png,0.8687,400,400,19-05-2026,Tamil Nadu
IMG_01554,png,0.9186,400,400,19-05-2026,Tamil Nadu
IMG_01555,png,0.9151,400,400,19-05-2026,Tamil Nadu
IMG_01556,png,0.8856,400,400,19-05-2026,Tamil Nadu
IMG_01557,png,0.8296,400,400,19-05-2026,Tamil Nadu
IMG_01558,png,0.8839,400,400,19-05-2026,Tamil Nadu
IMG_01559,png,0.876,400,400,19-05-2026,Tamil Nadu
IMG_01560,png,0.848,400,400,19-05-2026,Tamil Nadu
IMG_01561,png,0.9029,400,400,20-05-2026,Tamil Nadu
IMG_01562,png,0.8799,400,400,20-05-2026,Tamil Nadu
IMG_01563,png,0.8685,400,400,20-05-2026,Tamil Nadu
IMG_01564,png,0.8548,400,400,20-05-2026,Tamil Nadu
IMG_01565,png,0.7439,400,400,20-05-2026,Tamil Nadu
IMG_01566,png,0.8464,400,400,20-05-2026,Tamil Nadu
IMG_01567,png,0.9151,400,400,20-05-2026,Tamil Nadu
IMG_01568,png,0.8897,400,400,20-05-2026,Tamil Nadu
IMG_01569,png,0.9085,400,400,20-05-2026,Tamil Nadu
IMG_01570,png,0.9373,400,400,21-05-2026,Tamil Nadu
IMG_01571,png,0.9028,400,400,21-05-2026,Tamil Nadu
IMG_01572,png,0.8781,400,400,21-05-2026,Tamil Nadu
IMG_01573,png,0.8142,400,400,21-05-2026,Tamil Nadu
IMG_01574,png,0.8934,400,400,21-05-2026,Tamil Nadu
IMG_01575,png,0.7927,400,400,21-05-2026,Tamil Nadu
IMG_01576,png,0.8971,400,400,21-05-2026,Tamil Nadu
IMG_01577,png,0.8422,400,400,21-05-2026,Tamil Nadu
IMG_01578,png,0.8104,400,400,21-05-2026,Tamil Nadu
IMG_01579,png,0.9217,400,400,21-05-2026,Tamil Nadu
IMG_01580,png,0.9165,400,400,22-05-2026,Tamil Nadu
IMG_01581,png,0.2254,536,300,22-05-2026,Tamil Nadu
IMG_01582,png,0.1792,400,300,22-05-2026,Tamil Nadu
IMG_01583,png,0.239,533,300,22-05-2026,Tamil Nadu
IMG_01584,png,0.878,400,400,22-05-2026,Tamil Nadu
IMG_01585,png,0.898,400,400,22-05-2026,Tamil Nadu
IMG_01586,png,0.9049,400,400,22-05-2026,Tamil Nadu
IMG_01587,png,0.7437,400,400,22-05-2026,Tamil Nadu
IMG_01588,png,0.9169,400,400,22-05-2026,Tamil Nadu
IMG_01589,png,0.9035,400,400,22-05-2026,Tamil Nadu
IMG_01590,png,0.9242,400,400,22-05-2026,Tamil Nadu
IMG_01591,png,0.8198,400,400,23-05-2026,Tamil Nadu
IMG_01592,png,0.9159,400,400,23-05-2026,Tamil Nadu
IMG_01593,png,0.8155,400,400,23-05-2026,Tamil Nadu
IMG_01594,png,0.9018,400,400,23-05-2026,Tamil Nadu
IMG_01595,png,0.8876,400,400,23-05-2026,Tamil Nadu
IMG_01596,png,0.9136,400,400,23-05-2026,Tamil Nadu
IMG_01597,png,0.8854,400,400,23-05-2026,Tamil Nadu
IMG_01598,png,0.8901,400,400,23-05-2026,Tamil Nadu
IMG_01599,png,0.2699,533,300,23-05-2026,Tamil Nadu
IMG_01600,png,0.1978,450,300,23-05-2026,Tamil Nadu
IMG_01601,png,0.8831,400,400,23-05-2026,Tamil Nadu
IMG_01602,png,0.1556,300,400,23-05-2026,Tamil Nadu
IMG_01603,png,0.1717,409,300,23-05-2026,Tamil Nadu
IMG_01604,png,0.1697,482,300,23-05-2026,Tamil Nadu
IMG_01605,png,0.3136,453,300,23-05-2026,Tamil Nadu
IMG_01606,png,0.8452,400,400,23-05-2026,Tamil Nadu
IMG_01607,png,0.8667,400,400,23-05-2026,Tamil Nadu
IMG_01608,png,0.8799,400,400,24-05-2026,Tamil Nadu
IMG_01609,png,0.9206,400,400,24-05-2026,Tamil Nadu
IMG_01610,png,0.8856,400,400,24-05-2026,Tamil Nadu
IMG_01611,png,0.9128,400,400,24-05-2026,Tamil Nadu
IMG_01612,png,0.9344,400,400,24-05-2026,Tamil Nadu
IMG_01613,png,0.9044,400,400,24-05-2026,Tamil Nadu
IMG_01614,png,0.9173,400,400,24-05-2026,Tamil Nadu
IMG_01615,png,0.9003,400,400,24-05-2026,Tamil Nadu
IMG_01616,png,0.7312,400,400,24-05-2026,Tamil Nadu
IMG_01617,png,0.8842,400,400,24-05-2026,Tamil Nadu
IMG_01618,png,0.8754,400,400,24-05-2026,Tamil Nadu
IMG_01619,png,0.8715,400,400,25-05-2026,Tamil Nadu
IMG_01620,png,0.8793,400,400,25-05-2026,Tamil Nadu
IMG_01621,png,0.7149,400,400,25-05-2026,Tamil Nadu
IMG_01622,png,0.8065,400,400,25-05-2026,Tamil Nadu
IMG_01623,png,0.9259,400,400,25-05-2026,Tamil Nadu
IMG_01624,png,0.8906,400,400,25-05-2026,Tamil Nadu
IMG_01625,png,0.7981,400,400,25-05-2026,Tamil Nadu
IMG_01626,png,0.8703,400,400,25-05-2026,Tamil Nadu
IMG_01627,png,0.8772,400,400,25-05-2026,Tamil Nadu
IMG_01628,png,0.9011,400,400,26-05-2026,Tamil Nadu
IMG_01629,png,0.8199,400,400,26-05-2026,Tamil Nadu
IMG_01630,png,0.9196,400,400,26-05-2026,Tamil Nadu
IMG_01631,png,0.9007,400,400,26-05-2026,Tamil Nadu
IMG_01632,png,0.9121,400,400,26-05-2026,Tamil Nadu
IMG_01633,png,0.8653,400,400,26-05-2026,Tamil Nadu
IMG_01634,png,0.9057,400,400,26-05-2026,Tamil Nadu
IMG_01635,png,0.8704,400,400,26-05-2026,Tamil Nadu
IMG_01636,png,0.8639,400,400,26-05-2026,Tamil Nadu
IMG_01637,png,0.8244,400,400,27-05-2026,Tamil Nadu
IMG_01638,png,0.9082,400,400,27-05-2026,Tamil Nadu
IMG_01639,png,0.8875,400,400,27-05-2026,Tamil Nadu
IMG_01640,png,0.8157,400,400,27-05-2026,Tamil Nadu
IMG_01641,png,0.9048,400,400,27-05-2026,Tamil Nadu
IMG_01642,png,0.8706,400,400,27-05-2026,Tamil Nadu
IMG_01643,png,0.883,400,400,27-05-2026,Tamil Nadu
IMG_01644,png,0.9315,400,400,28-05-2026,Tamil Nadu
IMG_01645,png,0.8216,400,400,28-05-2026,Tamil Nadu
IMG_01646,png,0.8619,400,400,28-05-2026,Tamil Nadu
IMG_01647,png,0.8596,400,400,28-05-2026,Tamil Nadu
IMG_01648,png,0.8846,400,400,28-05-2026,Tamil Nadu
IMG_01649,png,0.1646,400,300,28-05-2026,Tamil Nadu
IMG_01650,png,0.2242,400,300,28-05-2026,Tamil Nadu
IMG_01651,png,0.1878,450,300,28-05-2026,Tamil Nadu
IMG_01652,png,0.19,400,300,28-05-2026,Tamil Nadu
IMG_01653,png,0.8978,400,400,28-05-2026,Tamil Nadu
IMG_01654,png,0.1989,402,300,28-05-2026,Tamil Nadu
IMG_01655,png,0.2085,300,400,29-05-2026,Tamil Nadu
IMG_01656,png,0.9318,400,400,29-05-2026,Tamil Nadu
IMG_01657,png,0.257,534,300,29-05-2026,Tamil Nadu
IMG_01658,png,0.9274,400,400,29-05-2026,Tamil Nadu
IMG_01659,png,0.7913,400,400,29-05-2026,Tamil Nadu
IMG_01660,png,0.8736,400,400,29-05-2026,Tamil Nadu
IMG_01661,png,0.898,400,400,29-05-2026,Tamil Nadu
IMG_01662,png,0.9092,400,400,29-05-2026,Tamil Nadu
IMG_01663,png,0.8715,400,400,29-05-2026,Tamil Nadu
IMG_01664,png,0.8691,400,400,29-05-2026,Tamil Nadu
IMG_01665,png,0.9158,400,400,29-05-2026,Tamil Nadu
IMG_01666,png,0.1588,400,300,29-05-2026,Tamil Nadu
IMG_01667,png,0.8626,400,400,29-05-2026,Tamil Nadu
IMG_01668,png,0.2704,481,300,29-05-2026,Tamil Nadu
IMG_01669,png,0.1537,400,300,29-05-2026,Tamil Nadu
IMG_01670,png,0.8901,400,400,30-05-2026,Tamil Nadu
IMG_01671,png,0.8919,400,400,30-05-2026,Tamil Nadu
IMG_01672,png,0.899,400,400,30-05-2026,Tamil Nadu
IMG_01673,png,0.8854,400,400,30-05-2026,Tamil Nadu
IMG_01674,png,0.8291,400,400,30-05-2026,Tamil Nadu
IMG_01675,png,0.8487,400,400,30-05-2026,Tamil Nadu
IMG_01676,png,0.882,400,400,30-05-2026,Tamil Nadu
IMG_01677,png,0.8788,400,400,30-05-2026,Tamil Nadu
IMG_01678,png,0.8494,400,400,31-05-2026,Tamil Nadu
IMG_01679,png,0.9005,400,400,31-05-2026,Tamil Nadu
IMG_01680,png,0.9379,400,400,31-05-2026,Tamil Nadu
IMG_01681,png,0.9063,400,400,31-05-2026,Tamil Nadu
IMG_01682,png,0.8832,400,400,31-05-2026,Tamil Nadu
IMG_01683,png,0.8801,400,400,31-05-2026,Tamil Nadu
IMG_01684,png,0.8502,400,400,31-05-2026,Tamil Nadu
IMG_01685,png,0.8954,400,400,31-05-2026,Tamil Nadu
IMG_01686,png,0.8729,400,400,31-05-2026,Tamil Nadu
IMG_01687,png,0.8633,400,400,31-05-2026,Tamil Nadu
IMG_01688,png,0.9057,400,400,31-05-2026,Tamil Nadu
IMG_01689,png,0.8461,400,400,31-05-2026,Tamil Nadu
IMG_01690,png,0.8632,400,400,31-05-2026,Tamil Nadu
IMG_01691,png,0.2251,533,300,31-05-2026,Tamil Nadu
IMG_01692,png,0.892,400,400,01-06-2026,Tamil Nadu
IMG_01693,png,0.9006,400,400,01-06-2026,Tamil Nadu
IMG_01694,png,0.932,400,400,01-06-2026,Tamil Nadu
IMG_01695,png,0.7593,400,400,01-06-2026,Tamil Nadu
IMG_01696,png,0.8022,400,400,01-06-2026,Tamil Nadu
IMG_01697,png,0.8662,400,400,01-06-2026,Tamil Nadu
IMG_01698,png,0.8061,400,400,01-06-2026,Tamil Nadu
IMG_01699,png,0.904,400,400,01-06-2026,Tamil Nadu
IMG_01700,png,0.8768,400,400,01-06-2026,Tamil Nadu
IMG_01701,png,0.2746,600,300,01-06-2026,Tamil Nadu
IMG_01702,png,0.2096,482,300,01-06-2026,Tamil Nadu
IMG_01703,png,0.2293,400,300,01-06-2026,Tamil Nadu
IMG_01704,png,0.1683,300,400,01-06-2026,Tamil Nadu
IMG_01705,png,0.214,533,300,01-06-2026,Tamil Nadu
IMG_01706,png,0.8233,400,400,01-06-2026,Tamil Nadu
IMG_01707,png,0.8133,400,400,01-06-2026,Tamil Nadu
IMG_01708,png,0.8286,400,400,02-06-2026,Tamil Nadu
IMG_01709,png,0.8781,400,400,02-06-2026,Tamil Nadu
IMG_01710,png,0.9177,400,400,02-06-2026,Tamil Nadu
IMG_01711,png,0.8884,400,400,02-06-2026,Tamil Nadu
IMG_01712,png,0.9271,400,400,02-06-2026,Tamil Nadu
IMG_01713,png,0.8668,400,400,02-06-2026,Tamil Nadu
IMG_01714,png,0.9016,400,400,02-06-2026,Tamil Nadu
IMG_01715,png,0.8709,400,400,02-06-2026,Tamil Nadu
IMG_01716,png,0.1999,459,300,02-06-2026,Tamil Nadu
IMG_01717,png,0.88,400,400,02-06-2026,Tamil Nadu
IMG_01718,png,0.8388,400,400,02-06-2026,Tamil Nadu
IMG_01719,png,0.8842,400,400,02-06-2026,Tamil Nadu
IMG_01720,png,0.8754,400,400,02-06-2026,Tamil Nadu
IMG_01721,png,0.8138,400,400,03-06-2026,Tamil Nadu
IMG_01722,png,0.8673,400,400,03-06-2026,Tamil Nadu
IMG_01723,png,0.8861,400,400,03-06-2026,Tamil Nadu
IMG_01724,png,0.8539,400,400,03-06-2026,Tamil Nadu
IMG_01725,png,0.8471,400,400,03-06-2026,Tamil Nadu
IMG_01726,png,0.9075,400,400,03-06-2026,Tamil Nadu
IMG_01727,png,0.831,400,400,03-06-2026,Tamil Nadu
IMG_01728,png,0.873,400,400,03-06-2026,Tamil Nadu
IMG_01729,png,0.8391,400,400,03-06-2026,Tamil Nadu
IMG_01730,png,0.9123,400,400,03-06-2026,Tamil Nadu
IMG_01731,png,0.8818,400,400,04-06-2026,Tamil Nadu
IMG_01732,png,0.9202,400,400,04-06-2026,Tamil Nadu
IMG_01733,png,0.8752,400,400,04-06-2026,Tamil Nadu
IMG_01734,png,0.8433,400,400,04-06-2026,Tamil Nadu
IMG_01735,png,0.9404,400,400,04-06-2026,Tamil Nadu
IMG_01736,png,0.9033,400,400,04-06-2026,Tamil Nadu
IMG_01737,png,0.8932,400,400,04-06-2026,Tamil Nadu
IMG_01738,png,0.202,400,300,04-06-2026,Tamil Nadu
IMG_01739,png,0.882,400,400,04-06-2026,Tamil Nadu
IMG_01740,png,0.9123,400,400,04-06-2026,Tamil Nadu
IMG_01741,png,0.2029,600,300,04-06-2026,Tamil Nadu
IMG_01742,png,0.1894,480,300,04-06-2026,Tamil Nadu
IMG_01743,png,1.5331,741,898,04-06-2026,Tamil Nadu
IMG_01744,png,1.0578,740,714,04-06-2026,Tamil Nadu
IMG_01745,png,0.9661,742,700,04-06-2026,Tamil Nadu
IMG_01746,png,0.7493,741,582,04-06-2026,Tamil Nadu
IMG_01747,png,0.2589,741,353,04-06-2026,Tamil Nadu
IMG_01748,png,0.259,637,405,04-06-2026,Tamil Nadu
IMG_01749,png,0.2389,741,338,04-06-2026,Tamil Nadu
IMG_01750,png,0.9129,624,807,04-06-2026,Tamil Nadu
IMG_01751,png,0.6909,743,530,04-06-2026,Tamil Nadu
IMG_01752,png,0.48,741,813,04-06-2026,Tamil Nadu
IMG_01753,png,0.7031,480,883,04-06-2026,Tamil Nadu
IMG_01754,png,0.5324,646,554,05-06-2026,Tamil Nadu
IMG_01755,png,0.602,742,589,05-06-2026,Tamil Nadu
IMG_01756,png,0.869,743,864,05-06-2026,Tamil Nadu
IMG_01757,png,0.645,573,809,05-06-2026,Tamil Nadu
IMG_01758,png,0.9682,617,877,05-06-2026,Tamil Nadu
IMG_01759,png,0.3162,739,861,05-06-2026,Tamil Nadu
IMG_01760,png,0.7762,567,751,05-06-2026,Tamil Nadu
IMG_01761,png,1.0548,632,829,05-06-2026,Tamil Nadu
IMG_01762,png,1.3613,740,929,05-06-2026,Tamil Nadu
IMG_01763,png,1.1634,741,893,05-06-2026,Tamil Nadu
IMG_01764,png,1.0499,741,842,05-06-2026,Tamil Nadu
IMG_01765,png,0.9557,742,654,06-06-2026,Tamil Nadu
IMG_01766,png,0.7691,657,646,06-06-2026,Tamil Nadu
IMG_01767,png,0.1531,301,464,06-06-2026,Tamil Nadu
IMG_01768,png,1.0899,743,872,06-06-2026,Tamil Nadu
IMG_01769,png,0.5051,597,477,06-06-2026,Tamil Nadu
IMG_01770,png,0.5234,580,512,06-06-2026,Tamil Nadu
IMG_01771,png,0.7326,583,708,06-06-2026,Tamil Nadu
IMG_01772,png,1.1559,639,861,06-06-2026,Tamil Nadu
IMG_01773,png,1.0018,576,831,06-06-2026,Tamil Nadu
IMG_01774,png,1.026,741,819,06-06-2026,Tamil Nadu
IMG_01775,png,0.99,737,582,06-06-2026,Tamil Nadu
IMG_01776,png,1.0045,741,632,06-06-2026,Tamil Nadu
IMG_01777,png,0.0501,233,95,07-06-2026,Tamil Nadu
IMG_01778,png,0.7759,488,701,07-06-2026,Tamil Nadu
IMG_01779,png,0.923,584,813,07-06-2026,Tamil Nadu
IMG_01780,png,0.5649,586,475,07-06-2026,Tamil Nadu
IMG_01781,png,0.8606,741,574,07-06-2026,Tamil Nadu
IMG_01782,png,1.3551,741,748,07-06-2026,Tamil Nadu
IMG_01783,png,0.3304,496,273,07-06-2026,Tamil Nadu
IMG_01784,png,0.9318,591,811,07-06-2026,Tamil Nadu
IMG_01785,png,0.923,739,794,07-06-2026,Tamil Nadu
IMG_01786,png,0.7756,441,737,07-06-2026,Tamil Nadu
IMG_01787,png,0.3643,556,377,07-06-2026,Tamil Nadu
IMG_01788,png,1.1785,1915,490,07-06-2026,Tamil Nadu
IMG_01789,png,0.3794,744,532,08-06-2026,Tamil Nadu
IMG_01790,png,0.629,554,814,08-06-2026,Tamil Nadu
IMG_01791,png,0.5083,759,676,08-06-2026,Tamil Nadu
IMG_01792,png,0.2969,654,477,08-06-2026,Tamil Nadu
IMG_01793,png,0.11,211,478,08-06-2026,Tamil Nadu
IMG_01794,png,1.4623,1919,566,08-06-2026,Tamil Nadu
IMG_01795,png,0.4067,701,608,08-06-2026,Tamil Nadu
IMG_01796,png,0.2995,508,469,08-06-2026,Tamil Nadu
IMG_01797,png,0.2776,555,466,08-06-2026,Tamil Nadu
IMG_01798,png,0.7421,1066,789,09-06-2026,Tamil Nadu
IMG_01799,png,0.745,863,785,09-06-2026,Tamil Nadu
IMG_01800,png,0.4914,704,600,09-06-2026,Tamil Nadu
IMG_01801,png,1.5522,1538,753,09-06-2026,Tamil Nadu
IMG_01802,png,1.2055,1153,772,09-06-2026,Tamil Nadu
IMG_01803,png,2.0306,1762,756,09-06-2026,Tamil Nadu
IMG_01804,png,0.1819,646,267,09-06-2026,Tamil Nadu
IMG_01805,png,0.9551,1594,620,09-06-2026,Tamil Nadu
IMG_01806,png,0.364,914,473,09-06-2026,Tamil Nadu
IMG_01807,png,0.1263,402,408,09-06-2026,Tamil Nadu
IMG_01808,png,0.6499,1160,662,09-06-2026,Tamil Nadu
IMG_01809,png,0.3975,743,665,10-06-2026,Tamil Nadu
IMG_01810,png,0.9584,1916,515,10-06-2026,Tamil Nadu
IMG_01811,png,0.582,935,577,10-06-2026,Tamil Nadu
IMG_01812,png,0.7048,959,798,10-06-2026,Tamil Nadu
IMG_01813,png,1.4673,1544,888,10-06-2026,Tamil Nadu
IMG_01814,png,1.3824,1594,693,10-06-2026,Tamil Nadu
IMG_01815,png,1.0744,1440,678,10-06-2026,Tamil Nadu
IMG_01816,png,1.1558,1359,563,10-06-2026,Tamil Nadu
IMG_01817,png,1.7333,1852,871,10-06-2026,Tamil Nadu
IMG_01818,png,1.0748,1919,687,10-06-2026,Tamil Nadu
IMG_01819,png,0.5453,763,621,10-06-2026,Tamil Nadu
IMG_01820,png,1.236,1523,682,10-06-2026,Tamil Nadu
IMG_01821,png,1.0436,1725,574,10-06-2026,Tamil Nadu
IMG_01822,png,1.2313,1917,711,10-06-2026,Tamil Nadu
IMG_01823,png,1.4713,1434,909,11-06-2026,Tamil Nadu
IMG_01824,png,1.0797,1401,750,11-06-2026,Tamil Nadu
IMG_01825,png,1.7484,1732,893,11-06-2026,Tamil Nadu
IMG_01826,png,0.5131,1351,483,11-06-2026,Tamil Nadu
IMG_01827,png,1.4791,1642,668,11-06-2026,Tamil Nadu
IMG_01828,png,0.2826,706,477,11-06-2026,Tamil Nadu
IMG_01829,png,1.5782,1431,818,11-06-2026,Tamil Nadu
IMG_01830,png,0.6054,1141,660,11-06-2026,Tamil Nadu
IMG_01831,png,0.5266,1104,672,11-06-2026,Tamil Nadu
IMG_01832,png,1.179,1916,688,11-06-2026,Tamil Nadu
IMG_01833,png,1.2323,1919,591,11-06-2026,Tamil Nadu
IMG_01834,png,0.7089,1636,528,12-06-2026,Tamil Nadu
IMG_01835,png,0.8659,1554,492,12-06-2026,Tamil Nadu
IMG_01836,png,1.6504,1919,787,12-06-2026,Tamil Nadu
IMG_01837,png,1.4694,1919,708,12-06-2026,Tamil Nadu
IMG_01838,png,0.2164,597,213,12-06-2026,Tamil Nadu
IMG_01839,png,1.1645,1914,559,12-06-2026,Tamil Nadu
IMG_01840,png,0.5757,626,507,12-06-2026,Tamil Nadu
IMG_01841,png,1.2786,1391,685,12-06-2026,Tamil Nadu
IMG_01842,png,0.3954,874,299,12-06-2026,Tamil Nadu
IMG_01843,png,0.2014,420,514,12-06-2026,Tamil Nadu
IMG_01844,png,0.4311,675,530,12-06-2026,Tamil Nadu
IMG_01845,png,2.2536,1561,796,13-06-2026,Tamil Nadu
IMG_01846,png,0.1197,368,271,13-06-2026,Tamil Nadu
IMG_01847,png,0.7528,1279,609,13-06-2026,Tamil Nadu
IMG_01848,png,1.6934,739,811,13-06-2026,Tamil Nadu
IMG_01849,png,1.3266,1088,532,13-06-2026,Tamil Nadu
IMG_01850,png,0.334,562,538,13-06-2026,Tamil Nadu
IMG_01851,png,0.1523,332,414,13-06-2026,Tamil Nadu
IMG_01852,png,0.8532,580,696,13-06-2026,Tamil Nadu
IMG_01853,png,0.4926,644,615,13-06-2026,Tamil Nadu
IMG_01854,png,1.3196,1318,563,13-06-2026,Tamil Nadu
IMG_01855,png,0.4566,812,348,13-06-2026,Tamil Nadu
IMG_01856,png,0.3947,799,373,13-06-2026,Tamil Nadu
IMG_01857,png,1.2721,741,743,13-06-2026,Tamil Nadu
IMG_01858,png,2.7172,1316,955,13-06-2026,Tamil Nadu
IMG_01859,png,2.7152,1315,951,13-06-2026,Tamil Nadu
IMG_01860,png,1.434,737,920,14-06-2026,Tamil Nadu
IMG_01861,png,1.2381,735,922,14-06-2026,Tamil Nadu
IMG_01862,png,0.812,730,739,14-06-2026,Tamil Nadu
IMG_01863,png,0.6159,553,558,14-06-2026,Tamil Nadu
IMG_01864,png,0.6397,690,484,14-06-2026,Tamil Nadu
IMG_01865,png,1.1015,744,730,14-06-2026,Tamil Nadu
IMG_01866,png,0.8991,734,687,14-06-2026,Tamil Nadu
IMG_01867,png,0.9726,637,809,14-06-2026,Tamil Nadu
IMG_01868,png,0.6101,555,550,15-06-2026,Tamil Nadu
IMG_01869,png,1.114,682,722,15-06-2026,Tamil Nadu
IMG_01870,png,0.2447,432,414,15-06-2026,Tamil Nadu
IMG_01871,png,1.4449,1193,425,15-06-2026,Tamil Nadu
IMG_01872,png,0.8227,636,476,15-06-2026,Tamil Nadu
IMG_01873,png,2.364,1313,951,15-06-2026,Tamil Nadu
IMG_01874,png,0.9078,694,675,15-06-2026,Tamil Nadu
IMG_01875,png,0.907,840,548,15-06-2026,Tamil Nadu
IMG_01876,png,2.1019,1201,831,15-06-2026,Tamil Nadu
IMG_01877,png,1.197,636,978,15-06-2026,Tamil Nadu
IMG_01878,png,0.2572,625,407,15-06-2026,Tamil Nadu
IMG_01879,png,0.2597,726,373,15-06-2026,Tamil Nadu
IMG_01880,png,0.9542,608,864,15-06-2026,Tamil Nadu
IMG_01881,png,0.8448,704,712,15-06-2026,Tamil Nadu
IMG_01882,png,0.4796,739,811,15-06-2026,Tamil Nadu
IMG_01883,png,0.818,560,861,15-06-2026,Tamil Nadu
IMG_01884,png,0.701,630,725,15-06-2026,Tamil Nadu
IMG_01885,png,0.5983,735,591,15-06-2026,Tamil Nadu
IMG_01886,png,0.9587,618,866,15-06-2026,Tamil Nadu
IMG_01887,png,0.6535,563,835,16-06-2026,Tamil Nadu
IMG_01888,png,0.742,739,783,16-06-2026,Tamil Nadu
IMG_01889,png,0.3038,736,840,16-06-2026,Tamil Nadu
IMG_01890,png,0.7507,543,759,16-06-2026,Tamil Nadu
IMG_01891,png,1.0626,647,814,16-06-2026,Tamil Nadu
IMG_01892,png,1.1734,737,907,16-06-2026,Tamil Nadu
IMG_01893,png,1.1834,737,963,16-06-2026,Tamil Nadu
IMG_01894,png,0.6534,531,667,17-06-2026,Tamil Nadu
IMG_01895,png,1.0849,742,868,17-06-2026,Tamil Nadu
IMG_01896,png,0.8119,614,752,17-06-2026,Tamil Nadu
IMG_01897,png,1.1135,678,775,17-06-2026,Tamil Nadu
IMG_01898,png,0.2965,734,354,17-06-2026,Tamil Nadu
IMG_01899,png,1.0927,733,880,17-06-2026,Tamil Nadu
IMG_01900,png,0.9979,741,584,17-06-2026,Tamil Nadu
IMG_01901,png,0.9517,731,604,17-06-2026,Tamil Nadu
IMG_01902,png,1.1684,730,916,17-06-2026,Tamil Nadu
IMG_01903,png,1.2398,737,968,17-06-2026,Tamil Nadu
IMG_01904,png,0.7845,735,523,17-06-2026,Tamil Nadu
IMG_01905,png,0.5695,739,512,17-06-2026,Tamil Nadu
IMG_01906,png,1.1316,732,804,17-06-2026,Tamil Nadu
IMG_01907,png,1.2575,731,924,18-06-2026,Tamil Nadu
IMG_01908,png,0.2087,530,447,18-06-2026,Tamil Nadu
IMG_01909,png,0.915,739,737,18-06-2026,Tamil Nadu
IMG_01910,png,0.8498,735,678,18-06-2026,Tamil Nadu
IMG_01911,png,0.7074,734,546,18-06-2026,Tamil Nadu
IMG_01912,png,0.7721,730,620,18-06-2026,Tamil Nadu
IMG_01913,png,1.8399,736,974,18-06-2026,Tamil Nadu
IMG_01914,png,0.662,568,678,18-06-2026,Tamil Nadu
IMG_01915,png,0.493,466,643,18-06-2026,Tamil Nadu
IMG_01916,png,0.6287,472,730,18-06-2026,Tamil Nadu
IMG_01917,png,0.9745,711,794,18-06-2026,Tamil Nadu
IMG_01918,png,0.786,477,888,18-06-2026,Tamil Nadu
IMG_01919,png,1.2732,733,964,18-06-2026,Tamil Nadu
IMG_01920,png,1.1442,702,790,18-06-2026,Tamil Nadu
IMG_01921,png,0.8994,711,621,18-06-2026,Tamil Nadu
IMG_01922,png,1.0151,734,703,18-06-2026,Tamil Nadu
IMG_01923,png,0.9942,647,689,19-06-2026,Tamil Nadu
IMG_01924,png,0.8667,667,623,19-06-2026,Tamil Nadu
IMG_01925,png,0.6341,613,522,19-06-2026,Tamil Nadu
IMG_01926,png,1.3519,1311,630,19-06-2026,Tamil Nadu
IMG_01927,png,1.2401,1315,659,19-06-2026,Tamil Nadu
IMG_01928,png,1.3419,836,772,19-06-2026,Tamil Nadu
IMG_01929,png,1.0931,740,752,19-06-2026,Tamil Nadu
IMG_01930,png,0.6512,658,534,19-06-2026,Tamil Nadu
IMG_01931,png,0.8049,735,725,19-06-2026,Tamil Nadu
IMG_01932,png,1.1761,736,911,19-06-2026,Tamil Nadu
IMG_01933,png,1.2219,735,789,19-06-2026,Tamil Nadu
IMG_01934,png,1.4834,740,987,20-06-2026,Tamil Nadu
IMG_01935,png,1.033,736,767,20-06-2026,Tamil Nadu
IMG_01936,png,0.693,583,711,20-06-2026,Tamil Nadu
IMG_01937,png,0.9089,671,739,20-06-2026,Tamil Nadu
IMG_01938,png,1.0074,735,700,20-06-2026,Tamil Nadu
IMG_01939,png,1.2928,738,774,20-06-2026,Tamil Nadu
IMG_01940,png,1.4601,739,935,20-06-2026,Tamil Nadu
IMG_01941,png,0.8101,669,599,20-06-2026,Tamil Nadu
IMG_01942,png,1.2064,619,881,20-06-2026,Tamil Nadu
IMG_01943,png,1.3752,739,981,21-06-2026,Tamil Nadu
IMG_01944,png,2.7336,1309,940,21-06-2026,Tamil Nadu
IMG_01945,png,0.7505,726,525,21-06-2026,Tamil Nadu
IMG_01946,png,1.2353,740,894,21-06-2026,Tamil Nadu
IMG_01947,png,1.0918,730,786,21-06-2026,Tamil Nadu
IMG_01948,png,0.9021,733,872,21-06-2026,Tamil Nadu
IMG_01949,png,0.8946,710,800,21-06-2026,Tamil Nadu
IMG_01950,png,1.1041,737,918,21-06-2026,Tamil Nadu
IMG_01951,png,1.1612,732,691,21-06-2026,Tamil Nadu
IMG_01952,png,1.532,739,987,21-06-2026,Tamil Nadu
IMG_01953,png,0.9431,737,744,21-06-2026,Tamil Nadu
IMG_01954,png,1.0944,739,887,21-06-2026,Tamil Nadu
IMG_01955,png,0.8598,735,831,21-06-2026,Tamil Nadu
IMG_01956,png,0.8427,518,975,22-06-2026,Tamil Nadu
IMG_01957,png,0.8595,734,643,22-06-2026,Tamil Nadu
IMG_01958,png,1.0633,632,959,22-06-2026,Tamil Nadu
IMG_01959,png,0.2605,728,354,22-06-2026,Tamil Nadu
IMG_01960,png,0.0441,213,136,22-06-2026,Tamil Nadu
IMG_01961,png,0.428,388,742,22-06-2026,Tamil Nadu
IMG_01962,png,0.5665,500,781,22-06-2026,Tamil Nadu
IMG_01963,png,0.938,693,759,22-06-2026,Tamil Nadu
IMG_01964,png,1.2054,724,815,22-06-2026,Tamil Nadu
IMG_01965,png,1.369,736,873,22-06-2026,Tamil Nadu
IMG_01966,png,1.3855,735,940,22-06-2026,Tamil Nadu
IMG_01967,png,1.1867,736,828,23-06-2026,Tamil Nadu
IMG_01968,png,0.9636,738,708,23-06-2026,Tamil Nadu
IMG_01969,png,1.2322,737,861,23-06-2026,Tamil Nadu
IMG_01970,png,0.4554,484,815,23-06-2026,Tamil Nadu
IMG_01971,png,0.7418,741,724,23-06-2026,Tamil Nadu
IMG_01972,png,0.8446,739,759,23-06-2026,Tamil Nadu
IMG_01973,png,0.2283,418,816,23-06-2026,Tamil Nadu
IMG_01974,png,0.6334,746,775,23-06-2026,Tamil Nadu
IMG_01975,png,0.5505,733,787,23-06-2026,Tamil Nadu
IMG_01976,png,0.3953,733,726,23-06-2026,Tamil Nadu
IMG_01977,png,1.0137,589,982,23-06-2026,Tamil Nadu
IMG_01978,png,0.583,423,985,23-06-2026,Tamil Nadu
IMG_01979,png,1.1493,675,945,23-06-2026,Tamil Nadu
IMG_01980,png,1.207,735,826,23-06-2026,Tamil Nadu
IMG_01981,png,1.2755,737,892,24-06-2026,Tamil Nadu
IMG_01982,png,1.2492,737,975,24-06-2026,Tamil Nadu
IMG_01983,png,1.5433,740,982,24-06-2026,Tamil Nadu
IMG_01984,png,0.9769,696,834,24-06-2026,Tamil Nadu
IMG_01985,png,1.3851,737,868,24-06-2026,Tamil Nadu
IMG_01986,png,0.8123,739,634,24-06-2026,Tamil Nadu
IMG_01987,png,0.8569,735,748,24-06-2026,Tamil Nadu
IMG_01988,png,1.1223,735,825,24-06-2026,Tamil Nadu
IMG_01989,png,0.8874,739,734,24-06-2026,Tamil Nadu
IMG_01990,png,1.0455,735,800,25-06-2026,Tamil Nadu
IMG_01991,png,1.15,740,778,25-06-2026,Tamil Nadu
IMG_01992,png,1.3443,739,828,25-06-2026,Tamil Nadu
IMG_01993,png,0.4226,744,458,25-06-2026,Tamil Nadu
IMG_01994,png,0.7994,739,580,25-06-2026,Tamil Nadu
IMG_01995,png,0.3746,740,428,25-06-2026,Tamil Nadu
IMG_01996,png,1.194,737,988,25-06-2026,Tamil Nadu
IMG_01997,png,1.5658,735,986,25-06-2026,Tamil Nadu
IMG_01998,png,1.1019,493,881,25-06-2026,Tamil Nadu
IMG_01999,png,0.4437,739,388,25-06-2026,Tamil Nadu
IMG_02000,png,1.4614,737,986,25-06-2026,Tamil Nadu
IMG_02001,png,1.0038,611,796,25-06-2026,Tamil Nadu
IMG_02002,png,1.5087,735,962,25-06-2026,Tamil Nadu
IMG_02003,png,0.5372,737,373,25-06-2026,Tamil Nadu
IMG_02004,png,1.2631,738,861,25-06-2026,Tamil Nadu
IMG_02005,png,1.4673,739,979,26-06-2026,Tamil Nadu
IMG_02006,png,1.3919,737,985,26-06-2026,Tamil Nadu
IMG_02007,png,1.3479,739,976,26-06-2026,Tamil Nadu
IMG_02008,png,1.3291,737,981,26-06-2026,Tamil Nadu
IMG_02009,png,1.4221,734,981,26-06-2026,Tamil Nadu
IMG_02010,png,1.4293,739,988,26-06-2026,Tamil Nadu
IMG_02011,png,0.3584,739,510,26-06-2026,Tamil Nadu
IMG_02012,png,0.2883,736,412,26-06-2026,Tamil Nadu
IMG_02013,png,1.0257,597,970,26-06-2026,Tamil Nadu
IMG_02014,png,1.193,711,911,26-06-2026,Tamil Nadu
IMG_02015,png,0.5606,734,453,26-06-2026,Tamil Nadu
IMG_02016,png,1.1158,657,934,26-06-2026,Tamil Nadu
IMG_02017,png,0.728,735,927,26-06-2026,Tamil Nadu
IMG_02018,png,1.0712,734,741,26-06-2026,Tamil Nadu
IMG_02019,png,0.7577,735,586,26-06-2026,Tamil Nadu
IMG_02020,png,0.3257,443,410,26-06-2026,Tamil Nadu
IMG_02021,png,0.4519,735,329,27-06-2026,Tamil Nadu
IMG_02022,png,1.0108,567,881,27-06-2026,Tamil Nadu
IMG_02023,png,0.5893,739,467,27-06-2026,Tamil Nadu
IMG_02024,png,1.1425,685,855,27-06-2026,Tamil Nadu
IMG_02025,png,1.0159,739,654,27-06-2026,Tamil Nadu
IMG_02026,png,0.7107,733,552,27-06-2026,Tamil Nadu
IMG_02027,png,1.014,555,986,27-06-2026,Tamil Nadu
IMG_02028,png,1.2305,736,865,27-06-2026,Tamil Nadu
IMG_02029,png,1.1759,739,852,27-06-2026,Tamil Nadu
IMG_02030,png,1.1903,637,985,27-06-2026,Tamil Nadu
IMG_02031,png,0.2725,737,397,27-06-2026,Tamil Nadu
IMG_02032,png,0.4413,477,864,27-06-2026,Tamil Nadu
IMG_02033,png,1.0315,672,707,28-06-2026,Tamil Nadu
IMG_02034,png,0.8278,687,659,28-06-2026,Tamil Nadu
IMG_02035,png,0.9928,733,774,28-06-2026,Tamil Nadu
IMG_02036,png,0.7684,525,968,28-06-2026,Tamil Nadu
IMG_02037,png,0.8097,663,785,28-06-2026,Tamil Nadu
IMG_02038,png,0.7714,577,730,28-06-2026,Tamil Nadu
IMG_02039,png,0.199,536,357,28-06-2026,Tamil Nadu
IMG_02040,png,0.9945,735,691,28-06-2026,Tamil Nadu
IMG_02041,png,0.9748,729,683,28-06-2026,Tamil Nadu
IMG_02042,png,1.1769,739,837,28-06-2026,Tamil Nadu
IMG_02043,png,0.5718,418,887,28-06-2026,Tamil Nadu
IMG_02044,png,0.6978,469,898,28-06-2026,Tamil Nadu
IMG_02045,png,0.1453,259,404,28-06-2026,Tamil Nadu
IMG_02046,png,0.5089,735,524,28-06-2026,Tamil Nadu
IMG_02047,png,0.352,734,493,28-06-2026,Tamil Nadu
IMG_02048,png,0.4916,737,412,28-06-2026,Tamil Nadu
IMG_02049,png,0.3531,399,439,28-06-2026,Tamil Nadu
IMG_02050,png,0.5889,423,719,29-06-2026,Tamil Nadu
IMG_02051,png,1.0357,659,879,29-06-2026,Tamil Nadu
IMG_02052,png,1.1988,733,757,29-06-2026,Tamil Nadu
IMG_02053,png,1.1918,735,909,29-06-2026,Tamil Nadu
IMG_02054,png,1.0877,648,818,29-06-2026,Tamil Nadu
IMG_02055,png,0.4521,737,443,29-06-2026,Tamil Nadu
IMG_02056,png,0.5673,578,596,29-06-2026,Tamil Nadu
IMG_02057,png,0.7228,564,678,29-06-2026,Tamil Nadu
IMG_02058,png,0.6948,608,573,29-06-2026,Tamil Nadu
IMG_02059,png,0.855,740,580,29-06-2026,Tamil Nadu
IMG_02060,png,0.0001,2,2,29-06-2026,Tamil Nadu
IMG_02061,png,0.78,666,583,29-06-2026,Tamil Nadu
IMG_02062,png,1.1461,738,801,29-06-2026,Tamil Nadu
IMG_02063,png,0.4982,725,405,29-06-2026,Tamil Nadu
IMG_02064,png,0.8717,736,558,30-06-2026,Tamil Nadu
IMG_02065,png,1.0672,731,821,30-06-2026,Tamil Nadu
IMG_02066,png,0.8417,669,591,30-06-2026,Tamil Nadu
IMG_02067,png,0.9647,735,871,30-06-2026,Tamil Nadu
IMG_02068,png,0.58,730,560,30-06-2026,Tamil Nadu
IMG_02069,png,1.2715,740,833,30-06-2026,Tamil Nadu
IMG_02070,png,1.3823,728,916,30-06-2026,Tamil Nadu
IMG_02071,png,0.9414,528,913,30-06-2026,Tamil Nadu
IMG_02072,png,0.5971,736,883,30-06-2026,Tamil Nadu
IMG_02073,png,0.2051,500,365,30-06-2026,Tamil Nadu
IMG_02074,png,1.3044,731,937,30-06-2026,Tamil Nadu
