image_id,abnormality_type,severity,road_type,weather,lighting,occlusion,shape
IMG_00001,Road patch failure,minor,rural,clear_dry,daylight,none,irregular
IMG_00002,Road patch failure,minor,rural,clear_dry,daylight,none,circular
IMG_00003,Road patch failure,moderate,rural,wet_road,daylight,vehicle_occluded,irregular
IMG_00004,Pothole,moderate,rural,wet_road,daylight,none,irregular
IMG_00005,Road patch failure,minor,rural,clear_dry,daylight,none,circular
IMG_00006,Pothole,minor,urban,clear_dry,daylight,none,circular
IMG_00007,Pothole,minor,urban,clear_dry,daylight,none,circular
IMG_00008,Road patch failure,minor,residential,clear_dry,daylight,partial,irregular
IMG_00009,Road patch failure,moderate,residential,wet_road,daylight,vehicle_occluded,irregular
IMG_00010,Road patch failure,moderate,residential,clear_dry,daylight,none,irregular
IMG_00011,Pothole,moderate,urban,wet_road,daylight,none,irregular
IMG_00012,Pothole,moderate,urban,wet_road,daylight,none,irregular
IMG_00013,Pothole,moderate,urban,clear_dry,daylight,none,irregular
IMG_00014,Surface depression; Manhole,severe,urban,clear_dry,daylight,none,irregular
IMG_00015,Surface depression,severe,urban,clear_dry,daylight,none,irregular
IMG_00016,Surface depression,severe,urban,clear_dry,daylight,none,irregular
IMG_00017,Surface depression,severe,urban,clear_dry,daylight,vehicle_occluded,irregular
IMG_00018,Road patch failure,severe,urban,cloudy,daylight,none,irregular
IMG_00019,Road patch failure,severe,urban,clear_dry,daylight,none,irregular
IMG_00020,Surface depression,minor,urban,clear_dry,daylight,partial,irregular
IMG_00021,Surface depression; Pothole,moderate,urban,clear_dry,daylight,none,irregular
IMG_00022,Surface depression; Manhole,moderate,urban,clear_dry,daylight,none,irregular
IMG_00023,Surface depression,minor,urban,clear_dry,daylight,none,longitudinal
IMG_00024,Road patch failure; Surface depression,moderate,urban,clear_dry,daylight,none,irregular
IMG_00025,Surface depression,minor,urban,clear_dry,daylight,partial,irregular
IMG_00026,Surface depression,severe,urban,clear_dry,daylight,none,irregular
IMG_00027,Surface depression; Manhole,severe,urban,clear_dry,daylight,partial,irregular
IMG_00028,Surface depression,minor,urban,clear_dry,daylight,none,irregular
IMG_00029,Road patch failure,severe,urban,clear_dry,daylight,none,irregular
IMG_00030,Road patch failure,minor,urban,clear_dry,daylight,none,irregular
IMG_00031,Road patch failure; Surface depression,moderate,residential,clear_dry,daylight,none,irregular
IMG_00032,Road patch failure,moderate,urban,clear_dry,daylight,vehicle_occluded,irregular
IMG_00033,Surface depression,moderate,urban,clear_dry,daylight,none,irregular
IMG_00034,Road patch failure,minor,urban,clear_dry,daylight,vehicle_occluded,irregular
IMG_00035,Road patch failure; Surface depression; Pothole,severe,urban,clear_dry,daylight,none,irregular
IMG_00036,Surface depression; Pothole; Road patch failure,moderate,urban,clear_dry,daylight,none,irregular
IMG_00037,Surface depression,severe,urban,clear_dry,daylight,vehicle_occluded,irregular
IMG_00038,Surface depression; Road patch failure,severe,urban,clear_dry,daylight,partial,irregular
IMG_00039,Surface depression,severe,urban,clear_dry,daylight,none,irregular
IMG_00040,Surface depression,severe,urban,clear_dry,daylight,none,irregular
IMG_00041,Pothole,severe,urban,clear_dry,daylight,none,irregular
IMG_00042,Pothole,severe,urban,clear_dry,daylight,none,irregular
IMG_00043,Surface depression,severe,urban,clear_dry,daylight,none,irregular
IMG_00044,Surface depression,severe,urban,clear_dry,daylight,vehicle_occluded,irregular
IMG_00045,Surface depression,severe,urban,clear_dry,daylight,vehicle_occluded,irregular
IMG_00046,Surface depression; Pothole,severe,urban,clear_dry,daylight,partial,irregular
IMG_00047,Surface depression,severe,urban,clear_dry,daylight,none,irregular
IMG_00048,Miscellaneous abnormality,severe,urban,clear_dry,daylight,none,irregular
IMG_00049,Surface depression,severe,urban,clear_dry,daylight,none,irregular
IMG_00050,Pothole; Surface depression,severe,urban,clear_dry,daylight,none,irregular
IMG_00051,Surface depression,moderate,residential,clear_dry,daylight,partial,irregular
IMG_00052,Surface depression,severe,urban,clear_dry,daylight,none,irregular
IMG_00053,Surface depression,severe,urban,clear_dry,daylight,none,irregular
IMG_00054,Surface depression,severe,urban,clear_dry,daylight,none,irregular
IMG_00055,Surface depression; Manhole; Pothole,severe,urban,clear_dry,daylight,none,irregular
IMG_00056,Surface depression; Pothole,moderate,residential,clear_dry,daylight,none,irregular
IMG_00057,Surface depression,minor,urban,clear_dry,daylight,none,longitudinal
IMG_00058,Pothole,minor,urban,clear_dry,daylight,partial,irregular
IMG_00059,Road patch failure,minor,urban,clear_dry,daylight,none,irregular
IMG_00060,Surface depression,minor,urban,clear_dry,daylight,none,irregular
IMG_00061,Surface depression,minor,urban,clear_dry,daylight,none,irregular
IMG_00062,Surface depression,moderate,urban,clear_dry,daylight,vehicle_occluded,irregular
IMG_00063,Surface depression,moderate,urban,clear_dry,daylight,none,irregular
IMG_00064,Road patch failure,severe,urban,clear_dry,daylight,partial,irregular
IMG_00065,Surface depression,severe,urban,clear_dry,daylight,vehicle_occluded,irregular
IMG_00066,Surface depression; Manhole,severe,urban,clear_dry,daylight,none,irregular
IMG_00067,Surface depression,severe,urban,clear_dry,daylight,none,irregular
IMG_00068,Road patch failure,moderate,urban,clear_dry,daylight,none,irregular
IMG_00069,Surface depression,moderate,urban,clear_dry,daylight,partial,irregular
IMG_00070,Surface depression,moderate,urban,clear_dry,daylight,none,longitudinal
IMG_00071,Surface depression,minor,urban,clear_dry,daylight,none,irregular
IMG_00072,Surface depression,severe,urban,clear_dry,daylight,none,irregular
IMG_00073,Surface depression,severe,urban,clear_dry,daylight,none,irregular
IMG_00074,Pothole,minor,urban,clear_dry,daylight,none,irregular
IMG_00075,Surface depression,moderate,urban,clear_dry,daylight,vehicle_occluded,irregular
IMG_00076,Surface depression,severe,urban,clear_dry,daylight,none,irregular
IMG_00077,Surface depression; Road patch failure,severe,urban,clear_dry,daylight,vehicle_occluded,irregular
IMG_00078,Surface depression,severe,urban,clear_dry,daylight,vehicle_occluded,irregular
IMG_00079,Surface depression,severe,urban,cloudy,daylight,vehicle_occluded,irregular
IMG_00080,Pothole,severe,urban,clear_dry,daylight,vehicle_occluded,irregular
IMG_00081,Pothole; Surface depression,severe,urban,clear_dry,daylight,vehicle_occluded,irregular
IMG_00082,Surface depression,minor,urban,clear_dry,daylight,vehicle_occluded,irregular
IMG_00083,Surface depression,minor,urban,clear_dry,daylight,partial,irregular
IMG_00084,,minor,urban,clear_dry,daylight,none,irregular
IMG_00085,Surface depression,minor,urban,clear_dry,daylight,none,irregular
IMG_00086,Surface depression; Road patch failure,severe,urban,clear_dry,daylight,none,irregular
IMG_00087,Surface depression; Road patch failure,severe,urban,cloudy,daylight,none,irregular
IMG_00088,Road patch failure,severe,urban,clear_dry,daylight,none,irregular
IMG_00089,Surface depression,severe,urban,clear_dry,daylight,partial,irregular
IMG_00090,Surface depression,severe,urban,clear_dry,daylight,partial,irregular
IMG_00091,Surface depression,severe,urban,clear_dry,daylight,none,irregular
IMG_00092,Surface depression; Crack,moderate,urban,clear_dry,daylight,vehicle_occluded,irregular
IMG_00093,Pothole,severe,urban,wet_road,daylight,none,irregular
IMG_00094,Pothole,severe,urban,wet_road,daylight,none,irregular
IMG_00095,Pothole,moderate,urban,wet_road,daylight,none,irregular
IMG_00096,Pothole,severe,urban,wet_road,daylight,vehicle_occluded,irregular
IMG_00097,Road patch failure,severe,urban,wet_road,daylight,none,irregular
IMG_00098,Surface depression,moderate,urban,clear_dry,daylight,none,irregular
IMG_00099,Pothole; Surface depression,severe,rural,clear_dry,daylight,none,irregular
IMG_00100,Surface depression; Pothole,severe,urban,clear_dry,daylight,partial,irregular
IMG_00101,Surface depression,moderate,residential,clear_dry,daylight,none,irregular
IMG_00102,Manhole; Surface depression,severe,urban,clear_dry,daylight,vehicle_occluded,irregular
IMG_00103,Surface depression,severe,urban,clear_dry,daylight,partial,irregular
IMG_00104,Surface depression,severe,urban,clear_dry,daylight,partial,irregular
IMG_00105,Pothole; Surface depression,severe,rural,clear_dry,daylight,vehicle_occluded,irregular
IMG_00106,Surface depression,severe,rural,clear_dry,daylight,none,irregular
IMG_00107,Pothole,moderate,urban,clear_dry,daylight,vehicle_occluded,irregular
IMG_00108,Pothole,moderate,urban,clear_dry,daylight,partial,irregular
IMG_00109,Road patch failure,minor,rural,clear_dry,daylight,vehicle_occluded,circular
IMG_00110,Pothole; Surface depression; Road patch failure,moderate,urban,clear_dry,daylight,partial,irregular
IMG_00111,Surface depression; Pothole,severe,urban,clear_dry,daylight,none,irregular
IMG_00112,Pothole,severe,residential,wet_road,daylight,none,irregular
IMG_00113,Pothole,severe,residential,wet_road,daylight,none,irregular
IMG_00114,Pothole,severe,urban,wet_road,daylight,partial,irregular
IMG_00115,Surface depression,severe,residential,wet_road,daylight,partial,irregular
IMG_00116,Pothole; Manhole,minor,residential,clear_dry,daylight,none,circular
IMG_00117,Pothole; Manhole,moderate,residential,clear_dry,daylight,partial,circular
IMG_00118,Surface depression,severe,urban,clear_dry,daylight,none,irregular
IMG_00119,Surface depression,severe,urban,clear_dry,daylight,none,irregular
IMG_00120,Surface depression,severe,urban,clear_dry,daylight,none,irregular
IMG_00121,Surface depression; Pothole,moderate,urban,clear_dry,daylight,none,irregular
IMG_00122,Pothole,moderate,residential,clear_dry,daylight,partial,irregular
IMG_00123,Pothole; Surface depression,severe,residential,clear_dry,daylight,partial,irregular
IMG_00124,Surface depression,severe,residential,clear_dry,daylight,partial,irregular
IMG_00125,Surface depression,severe,residential,clear_dry,daylight,partial,irregular
IMG_00126,Surface depression,severe,residential,clear_dry,daylight,partial,irregular
IMG_00127,Surface depression,severe,urban,clear_dry,daylight,partial,irregular
IMG_00128,Pothole,severe,urban,clear_dry,daylight,partial,irregular
IMG_00129,Surface depression,minor,urban,clear_dry,daylight,vehicle_occluded,irregular
IMG_00130,Pothole; Surface depression,severe,urban,clear_dry,daylight,partial,irregular
IMG_00131,Surface depression,severe,urban,clear_dry,daylight,none,irregular
IMG_00132,Surface depression,moderate,urban,clear_dry,daylight,none,irregular
IMG_00133,Surface depression,moderate,urban,clear_dry,daylight,none,irregular
IMG_00134,Surface depression,minor,residential,clear_dry,daylight,none,irregular
IMG_00135,Pothole; Surface depression,severe,urban,clear_dry,daylight,none,irregular
IMG_00136,Surface depression; Pothole,severe,urban,clear_dry,daylight,none,irregular
IMG_00137,Pothole; Surface depression,severe,residential,clear_dry,daylight,partial,irregular
IMG_00138,Pothole,moderate,residential,clear_dry,daylight,partial,irregular
IMG_00139,Pothole,moderate,residential,clear_dry,daylight,partial,irregular
IMG_00140,Surface depression,moderate,urban,clear_dry,daylight,partial,irregular
IMG_00141,Pothole,moderate,urban,clear_dry,daylight,none,irregular
IMG_00142,Pothole; Surface depression,moderate,residential,clear_dry,daylight,partial,irregular
IMG_00143,Pothole,moderate,residential,clear_dry,daylight,none,longitudinal
IMG_00144,Surface depression; Pothole,severe,residential,clear_dry,daylight,partial,irregular
IMG_00145,Surface depression,severe,residential,clear_dry,daylight,none,irregular
IMG_00146,Pothole; Surface depression,moderate,residential,clear_dry,daylight,none,irregular
IMG_00147,Surface depression,severe,residential,clear_dry,daylight,none,irregular
IMG_00148,Pothole,minor,urban,clear_dry,daylight,none,circular
IMG_00149,Pothole,moderate,urban,clear_dry,daylight,none,circular
IMG_00150,,minor,urban,clear_dry,daylight,none,irregular
IMG_00151,Surface depression,severe,urban,clear_dry,daylight,none,irregular
IMG_00152,Surface depression; Pothole,moderate,urban,clear_dry,daylight,none,irregular
IMG_00153,Pothole,moderate,residential,clear_dry,daylight,none,irregular
IMG_00154,Road patch failure; Surface depression,minor,urban,clear_dry,daylight,none,longitudinal
IMG_00155,Road patch failure,moderate,urban,clear_dry,daylight,none,irregular
IMG_00156,Surface depression,severe,urban,clear_dry,daylight,none,irregular
IMG_00157,Surface depression,severe,urban,clear_dry,daylight,none,irregular
IMG_00158,Crack; Surface depression; Manhole,severe,residential,clear_dry,daylight,partial,irregular
IMG_00159,Surface depression; Pothole; Manhole,severe,residential,clear_dry,daylight,none,irregular
IMG_00160,Crack; Surface depression,severe,urban,clear_dry,daylight,none,irregular
IMG_00161,Surface depression,severe,residential,clear_dry,daylight,none,irregular
IMG_00162,Surface depression,severe,residential,clear_dry,daylight,none,irregular
IMG_00163,Surface depression,severe,urban,clear_dry,daylight,none,irregular
IMG_00164,Surface depression,severe,residential,clear_dry,daylight,partial,irregular
IMG_00165,Road patch failure,moderate,residential,clear_dry,daylight,none,irregular
IMG_00166,Surface depression,severe,urban,clear_dry,daylight,none,irregular
IMG_00167,Surface depression,severe,residential,clear_dry,daylight,none,irregular
IMG_00168,Surface depression,severe,residential,clear_dry,daylight,partial,irregular
IMG_00169,Surface depression,moderate,urban,clear_dry,daylight,vehicle_occluded,irregular
IMG_00170,Surface depression,severe,urban,clear_dry,daylight,none,irregular
IMG_00171,Surface depression,moderate,urban,clear_dry,daylight,partial,irregular
IMG_00172,Surface depression,moderate,urban,clear_dry,daylight,partial,irregular
IMG_00173,Pothole,moderate,urban,clear_dry,daylight,partial,irregular
IMG_00174,Miscellaneous abnormality,minor,urban,clear_dry,daylight,none,irregular
IMG_00175,Surface depression,severe,urban,clear_dry,daylight,none,irregular
IMG_00176,Surface depression; Manhole,severe,urban,clear_dry,daylight,none,irregular
IMG_00177,Surface depression,minor,residential,clear_dry,daylight,none,irregular
IMG_00178,Road patch failure,minor,residential,clear_dry,daylight,none,longitudinal
IMG_00179,Pothole,severe,residential,clear_dry,daylight,partial,irregular
IMG_00180,Pothole; Surface depression,moderate,residential,clear_dry,daylight,partial,irregular
IMG_00181,Surface depression; Pothole,moderate,urban,clear_dry,daylight,none,irregular
IMG_00182,Pothole,minor,urban,clear_dry,daylight,none,circular
IMG_00183,Surface depression,moderate,urban,clear_dry,daylight,vehicle_occluded,irregular
IMG_00184,Surface depression,moderate,urban,clear_dry,daylight,none,irregular
IMG_00185,Surface depression,severe,urban,clear_dry,daylight,partial,irregular
IMG_00186,Surface depression,severe,urban,cloudy,daylight,none,irregular
IMG_00187,Surface depression,severe,urban,wet_road,daylight,none,irregular
IMG_00188,Road patch failure,severe,urban,clear_dry,daylight,none,irregular
IMG_00189,Surface depression; Manhole,moderate,urban,cloudy,daylight,none,irregular
IMG_00190,Manhole; Pothole,severe,urban,clear_dry,daylight,none,irregular
IMG_00191,Surface depression,severe,urban,clear_dry,daylight,none,irregular
IMG_00192,Pothole; Surface depression,severe,urban,clear_dry,daylight,none,irregular
IMG_00193,Surface depression,severe,urban,clear_dry,daylight,none,irregular
IMG_00194,Surface depression; Pothole,severe,urban,cloudy,daylight,none,irregular
IMG_00195,Surface depression; Road patch failure,severe,urban,clear_dry,daylight,none,irregular
IMG_00196,Pothole,moderate,urban,clear_dry,daylight,partial,irregular
IMG_00197,Surface depression,minor,urban,clear_dry,daylight,none,circular
IMG_00198,Manhole; Pothole,minor,urban,clear_dry,daylight,none,circular
IMG_00199,Pothole; Surface depression,moderate,urban,clear_dry,daylight,none,irregular
IMG_00200,Surface depression,minor,urban,clear_dry,daylight,none,irregular
IMG_00201,Surface depression; Pothole; Manhole,moderate,urban,clear_dry,daylight,none,irregular
IMG_00202,Pothole; Surface depression,severe,urban,clear_dry,daylight,none,irregular
IMG_00203,Surface depression,severe,urban,clear_dry,daylight,none,irregular
IMG_00204,Surface depression,minor,urban,wet_road,daylight,partial,irregular
IMG_00205,Surface depression,moderate,urban,clear_dry,daylight,none,irregular
IMG_00206,Surface depression,minor,urban,clear_dry,daylight,none,irregular
IMG_00207,Surface depression,minor,residential,clear_dry,daylight,none,irregular
IMG_00208,Surface depression; Miscellaneous abnormality,severe,urban,clear_dry,daylight,partial,irregular
IMG_00209,Pothole; Surface depression,severe,urban,wet_road,daylight,none,irregular
IMG_00210,Pothole; Surface depression,severe,urban,clear_dry,daylight,vehicle_occluded,irregular
IMG_00211,Surface depression,severe,urban,clear_dry,daylight,none,irregular
IMG_00212,Surface depression,severe,urban,clear_dry,daylight,partial,irregular
IMG_00213,Pothole; Surface depression,severe,urban,clear_dry,daylight,none,irregular
IMG_00214,,minor,urban,clear_dry,daylight,partial,irregular
IMG_00215,Surface depression,severe,urban,clear_dry,daylight,none,irregular
IMG_00216,Surface depression,severe,urban,clear_dry,daylight,none,irregular
IMG_00217,,minor,urban,clear_dry,daylight,partial,irregular
IMG_00218,,minor,urban,clear_dry,daylight,partial,irregular
IMG_00219,Pothole,minor,urban,clear_dry,daylight,none,irregular
IMG_00220,Surface depression,severe,urban,clear_dry,daylight,none,irregular
IMG_00221,Surface depression,severe,urban,clear_dry,daylight,partial,irregular
IMG_00222,Surface depression,severe,urban,clear_dry,daylight,partial,irregular
IMG_00223,Pothole; Surface depression,severe,urban,clear_dry,daylight,none,irregular
IMG_00224,Surface depression,moderate,urban,clear_dry,daylight,none,irregular
IMG_00225,Pothole,severe,residential,clear_dry,daylight,vehicle_occluded,irregular
IMG_00226,Surface depression,severe,urban,clear_dry,daylight,none,longitudinal
IMG_00227,Surface depression,severe,urban,clear_dry,daylight,none,irregular
IMG_00228,Pothole; Surface depression,severe,urban,clear_dry,daylight,vehicle_occluded,irregular
IMG_00229,Surface depression,moderate,urban,clear_dry,daylight,none,irregular
IMG_00230,Surface depression; Miscellaneous abnormality,severe,urban,clear_dry,daylight,partial,irregular
IMG_00231,Road patch failure; Surface depression,severe,urban,clear_dry,daylight,none,irregular
IMG_00232,Surface depression,severe,urban,clear_dry,daylight,none,longitudinal
IMG_00233,,severe,urban,clear_dry,daylight,partial,irregular
IMG_00234,Surface depression,minor,urban,clear_dry,daylight,none,longitudinal
IMG_00235,Surface depression,minor,urban,clear_dry,daylight,none,irregular
IMG_00236,Surface depression,minor,urban,clear_dry,daylight,none,longitudinal
IMG_00237,Surface depression,minor,urban,clear_dry,daylight,none,longitudinal
IMG_00238,Surface depression,minor,urban,clear_dry,daylight,none,longitudinal
IMG_00239,Pothole; Surface depression,minor,urban,clear_dry,daylight,none,irregular
IMG_00240,Surface depression; Pothole,minor,urban,clear_dry,daylight,none,circular
IMG_00241,Manhole,severe,urban,clear_dry,daylight,none,irregular
IMG_00242,Surface depression,severe,urban,clear_dry,daylight,none,irregular
IMG_00243,Surface depression,minor,urban,clear_dry,daylight,none,longitudinal
IMG_00244,Surface depression,moderate,urban,clear_dry,daylight,partial,irregular
IMG_00245,Surface depression,moderate,urban,clear_dry,daylight,none,longitudinal
IMG_00246,Surface depression,moderate,urban,clear_dry,daylight,none,irregular
IMG_00247,Pothole; Surface depression,severe,urban,clear_dry,daylight,partial,irregular
IMG_00248,Surface depression,severe,urban,clear_dry,daylight,none,irregular
IMG_00249,Surface depression; Pothole,severe,urban,clear_dry,daylight,none,irregular
IMG_00250,Surface depression,severe,urban,clear_dry,daylight,none,irregular
IMG_00251,Pothole; Surface depression,severe,urban,clear_dry,daylight,partial,irregular
IMG_00252,Pothole,severe,urban,clear_dry,daylight,none,irregular
IMG_00253,Pothole; Surface depression,severe,urban,clear_dry,daylight,none,irregular
IMG_00254,Surface depression,severe,urban,clear_dry,daylight,none,irregular
IMG_00255,Surface depression,severe,urban,clear_dry,daylight,none,irregular
IMG_00256,Surface depression,moderate,urban,clear_dry,daylight,none,irregular
IMG_00257,Surface depression,moderate,urban,clear_dry,daylight,none,irregular
IMG_00258,Pothole; Surface depression,moderate,urban,clear_dry,daylight,partial,irregular
IMG_00259,Surface depression,minor,residential,clear_dry,daylight,partial,irregular
IMG_00260,Surface depression,severe,urban,clear_dry,daylight,none,irregular
IMG_00261,,severe,urban,clear_dry,daylight,none,irregular
IMG_00262,Surface depression,severe,urban,clear_dry,daylight,partial,irregular
IMG_00263,Surface depression,moderate,urban,clear_dry,daylight,partial,irregular
IMG_00264,Road patch failure,minor,urban,clear_dry,daylight,none,circular
IMG_00265,Pothole,minor,urban,clear_dry,daylight,none,irregular
IMG_00266,Pothole; Surface depression,minor,urban,clear_dry,daylight,none,irregular
IMG_00267,Pothole,moderate,urban,clear_dry,daylight,none,irregular
IMG_00268,Road patch failure; Manhole,minor,urban,clear_dry,daylight,none,circular
IMG_00269,Pothole; Surface depression,severe,urban,clear_dry,daylight,none,irregular
IMG_00270,Manhole; Surface depression,moderate,urban,clear_dry,daylight,none,irregular
IMG_00271,Manhole,moderate,urban,clear_dry,daylight,none,circular
IMG_00272,Pothole,moderate,urban,clear_dry,daylight,none,irregular
IMG_00273,Pothole; Surface depression; Manhole,moderate,urban,clear_dry,daylight,none,irregular
IMG_00274,Surface depression,minor,urban,clear_dry,daylight,none,irregular
IMG_00275,Surface depression,minor,urban,clear_dry,daylight,none,irregular
IMG_00276,Surface depression,moderate,urban,clear_dry,daylight,vehicle_occluded,irregular
IMG_00277,,moderate,urban,clear_dry,daylight,partial,irregular
IMG_00278,Surface depression,minor,urban,clear_dry,daylight,vehicle_occluded,irregular
IMG_00279,Surface depression,severe,urban,clear_dry,daylight,none,irregular
IMG_00280,Surface depression,severe,urban,clear_dry,daylight,partial,irregular
IMG_00281,Surface depression,severe,urban,clear_dry,daylight,none,irregular
IMG_00282,Surface depression,minor,urban,clear_dry,daylight,partial,irregular
IMG_00283,Pothole; Surface depression,minor,urban,clear_dry,daylight,none,irregular
IMG_00284,Pothole,minor,urban,clear_dry,daylight,none,circular
IMG_00285,Manhole,minor,urban,clear_dry,daylight,none,circular
IMG_00286,Surface depression,moderate,urban,clear_dry,daylight,none,irregular
IMG_00287,Pothole,moderate,urban,clear_dry,daylight,none,irregular
IMG_00288,Surface depression,minor,urban,clear_dry,daylight,none,irregular
IMG_00289,Surface depression,minor,urban,clear_dry,daylight,none,irregular
IMG_00290,Surface depression; Pothole,minor,urban,clear_dry,daylight,none,irregular
IMG_00291,Surface depression,severe,urban,clear_dry,daylight,none,irregular
IMG_00292,Surface depression,severe,urban,clear_dry,daylight,none,irregular
IMG_00293,Pothole; Surface depression,severe,urban,clear_dry,daylight,none,irregular
IMG_00294,Surface depression,severe,urban,clear_dry,daylight,none,irregular
IMG_00295,Surface depression,severe,urban,clear_dry,daylight,none,irregular
IMG_00296,Surface depression,severe,urban,clear_dry,daylight,none,irregular
IMG_00297,Surface depression; Pothole,severe,urban,clear_dry,daylight,none,irregular
IMG_00298,Surface depression; Pothole,severe,urban,clear_dry,daylight,none,irregular
IMG_00299,Surface depression,severe,urban,clear_dry,daylight,partial,irregular
IMG_00300,Surface depression,severe,rural,clear_dry,daylight,none,irregular
IMG_00301,Pothole; Surface depression,minor,urban,clear_dry,daylight,none,circular
IMG_00302,Surface depression,moderate,urban,clear_dry,daylight,none,irregular
IMG_00303,Pothole; Manhole; Surface depression,moderate,urban,clear_dry,daylight,partial,irregular
IMG_00304,Surface depression,severe,urban,clear_dry,daylight,none,irregular
IMG_00305,Pothole; Surface depression,moderate,urban,clear_dry,daylight,none,irregular
IMG_00306,Surface depression,minor,urban,clear_dry,daylight,none,irregular
IMG_00307,Surface depression,minor,urban,clear_dry,daylight,partial,irregular
IMG_00308,Pothole; Surface depression,minor,urban,clear_dry,daylight,partial,irregular
IMG_00309,Pothole,minor,urban,clear_dry,daylight,none,circular
IMG_00310,Surface depression,severe,residential,clear_dry,daylight,none,irregular
IMG_00311,Manhole; Surface depression,moderate,residential,clear_dry,daylight,none,irregular
IMG_00312,Road patch failure,moderate,residential,wet_road,daylight,none,irregular
IMG_00313,Manhole; Pothole,moderate,urban,clear_dry,daylight,none,irregular
IMG_00314,Miscellaneous abnormality,severe,urban,clear_dry,daylight,none,irregular
IMG_00315,Miscellaneous abnormality,severe,urban,clear_dry,daylight,none,irregular
IMG_00316,Surface depression,severe,urban,cloudy,daylight,none,irregular
IMG_00317,Miscellaneous abnormality,severe,urban,cloudy,daylight,none,irregular
IMG_00318,Miscellaneous abnormality; Manhole,severe,urban,cloudy,daylight,none,irregular
IMG_00319,Manhole; Miscellaneous abnormality,severe,urban,clear_dry,daylight,none,irregular
IMG_00320,Manhole; Miscellaneous abnormality,severe,urban,clear_dry,daylight,none,irregular
IMG_00321,Manhole; Miscellaneous abnormality,severe,urban,cloudy,daylight,none,irregular
IMG_00322,Manhole; Surface depression,severe,urban,clear_dry,daylight,none,irregular
IMG_00323,Pothole,moderate,urban,clear_dry,daylight,none,irregular
IMG_00324,Pothole; Surface depression,moderate,urban,clear_dry,daylight,none,irregular
IMG_00325,Pothole,minor,urban,clear_dry,daylight,none,irregular
IMG_00326,Pothole,minor,urban,clear_dry,daylight,none,irregular
IMG_00327,Pothole,minor,urban,clear_dry,daylight,none,irregular
IMG_00328,Manhole,minor,urban,clear_dry,daylight,partial,irregular
IMG_00329,Surface depression,minor,urban,clear_dry,daylight,partial,irregular
IMG_00330,,minor,urban,clear_dry,daylight,partial,irregular
IMG_00331,Surface depression,severe,urban,clear_dry,daylight,partial,irregular
IMG_00332,Surface depression,severe,urban,clear_dry,daylight,none,irregular
IMG_00333,Surface depression,severe,urban,clear_dry,daylight,none,irregular
IMG_00334,,minor,urban,clear_dry,daylight,none,irregular
IMG_00335,Road patch failure; Crack,minor,urban,clear_dry,daylight,partial,irregular
IMG_00336,Surface depression,minor,urban,clear_dry,daylight,none,irregular
IMG_00337,Surface depression,minor,urban,clear_dry,daylight,none,irregular
IMG_00338,Pothole,minor,urban,clear_dry,daylight,partial,irregular
IMG_00339,Surface depression,minor,urban,clear_dry,daylight,none,irregular
IMG_00340,Pothole; Surface depression,moderate,urban,clear_dry,daylight,partial,irregular
IMG_00341,Surface depression,minor,urban,clear_dry,daylight,partial,irregular
IMG_00342,Surface depression,severe,urban,clear_dry,daylight,partial,irregular
IMG_00343,Pothole,severe,urban,clear_dry,daylight,none,irregular
IMG_00344,Miscellaneous abnormality,severe,urban,clear_dry,daylight,none,irregular
IMG_00345,,moderate,urban,clear_dry,daylight,partial,irregular
IMG_00346,Road patch failure,severe,urban,clear_dry,daylight,none,irregular
IMG_00347,,severe,urban,clear_dry,daylight,partial,irregular
IMG_00348,Pothole,moderate,urban,wet_road,daylight,partial,irregular
IMG_00349,Pothole,moderate,urban,wet_road,daylight,partial,irregular
IMG_00350,Surface depression; Pothole,severe,urban,clear_dry,daylight,none,irregular
IMG_00351,Surface depression,moderate,urban,clear_dry,daylight,none,irregular
IMG_00352,,minor,urban,clear_dry,daylight,heavy,irregular
IMG_00353,Surface depression,severe,urban,clear_dry,daylight,partial,irregular
IMG_00354,Pothole; Surface depression,severe,urban,clear_dry,daylight,none,irregular
IMG_00355,Surface depression,severe,urban,clear_dry,daylight,none,irregular
IMG_00356,Surface depression,moderate,urban,clear_dry,daylight,none,irregular
IMG_00357,Pothole; Manhole; Surface depression,moderate,urban,clear_dry,daylight,none,irregular
IMG_00358,Surface depression,minor,urban,clear_dry,daylight,partial,irregular
IMG_00359,Surface depression,severe,urban,clear_dry,daylight,vehicle_occluded,irregular
IMG_00360,Surface depression; Pothole,severe,urban,clear_dry,daylight,partial,irregular
IMG_00361,Crack,moderate,urban,clear_dry,daylight,vehicle_occluded,irregular
IMG_00362,Pothole,moderate,urban,clear_dry,daylight,none,irregular
IMG_00363,Surface depression,moderate,urban,clear_dry,daylight,partial,irregular
IMG_00364,Surface depression; Manhole,moderate,residential,clear_dry,daylight,none,irregular
IMG_00365,Manhole; Surface depression,minor,urban,clear_dry,daylight,partial,irregular
IMG_00366,Surface depression,moderate,urban,clear_dry,daylight,partial,irregular
IMG_00367,Pothole,moderate,urban,clear_dry,daylight,partial,irregular
IMG_00368,Surface depression,severe,urban,clear_dry,daylight,vehicle_occluded,irregular
IMG_00369,Surface depression,moderate,urban,clear_dry,daylight,partial,irregular
IMG_00370,Surface depression,minor,urban,clear_dry,daylight,none,irregular
IMG_00371,Surface depression,moderate,urban,clear_dry,daylight,none,irregular
IMG_00372,Surface depression,minor,urban,clear_dry,daylight,partial,irregular
IMG_00373,Pothole,minor,urban,clear_dry,daylight,partial,irregular
IMG_00374,Surface depression,minor,urban,clear_dry,daylight,partial,irregular
IMG_00375,Pothole; Manhole,minor,urban,clear_dry,daylight,partial,irregular
IMG_00376,Pothole,minor,urban,clear_dry,daylight,partial,irregular
IMG_00377,Pothole,moderate,urban,clear_dry,daylight,none,irregular
IMG_00378,Pothole,minor,urban,clear_dry,daylight,partial,irregular
IMG_00379,Manhole,minor,urban,clear_dry,daylight,none,irregular
IMG_00380,Pothole,minor,urban,clear_dry,daylight,none,irregular
IMG_00381,Road patch failure,moderate,urban,clear_dry,daylight,none,irregular
IMG_00382,Surface depression; Manhole,severe,urban,clear_dry,daylight,vehicle_occluded,irregular
IMG_00383,Surface depression; Manhole,severe,urban,clear_dry,daylight,none,irregular
IMG_00384,,moderate,urban,clear_dry,daylight,partial,irregular
IMG_00385,Surface depression; Pothole,minor,urban,clear_dry,daylight,none,irregular
IMG_00386,Surface depression,moderate,urban,clear_dry,daylight,partial,irregular
IMG_00387,Manhole; Road patch failure,minor,urban,clear_dry,daylight,partial,irregular
IMG_00388,Manhole,moderate,urban,clear_dry,daylight,none,irregular
IMG_00389,Surface depression,severe,urban,clear_dry,daylight,none,irregular
IMG_00390,Surface depression,moderate,urban,clear_dry,daylight,vehicle_occluded,irregular
IMG_00391,Manhole,minor,urban,clear_dry,daylight,partial,irregular
IMG_00392,Road patch failure,minor,urban,clear_dry,daylight,partial,irregular
IMG_00393,Crack,moderate,urban,clear_dry,daylight,partial,irregular
IMG_00394,Surface depression,moderate,urban,clear_dry,daylight,vehicle_occluded,irregular
IMG_00395,Manhole; Surface depression,moderate,urban,clear_dry,daylight,vehicle_occluded,irregular
IMG_00396,Manhole,minor,urban,clear_dry,daylight,vehicle_occluded,irregular
IMG_00397,Surface depression,moderate,urban,clear_dry,daylight,vehicle_occluded,irregular
IMG_00398,Pothole,moderate,urban,clear_dry,daylight,vehicle_occluded,irregular
IMG_00399,Surface depression,severe,urban,clear_dry,daylight,vehicle_occluded,irregular
IMG_00400,Surface depression,moderate,urban,clear_dry,daylight,vehicle_occluded,irregular
IMG_00401,Surface depression,severe,urban,clear_dry,daylight,vehicle_occluded,irregular
IMG_00402,Pothole,severe,urban,clear_dry,daylight,vehicle_occluded,irregular
IMG_00403,Surface depression; Road patch failure,severe,urban,clear_dry,daylight,none,irregular
IMG_00404,Surface depression,moderate,urban,clear_dry,daylight,partial,irregular
IMG_00405,Surface depression,moderate,urban,clear_dry,daylight,none,irregular
IMG_00406,Surface depression,minor,urban,clear_dry,daylight,none,irregular
IMG_00407,,moderate,urban,clear_dry,daylight,none,irregular
IMG_00408,Road patch failure,moderate,urban,clear_dry,daylight,partial,irregular
IMG_00409,Surface depression,minor,urban,clear_dry,daylight,none,irregular
IMG_00410,,minor,urban,clear_dry,daylight,partial,irregular
IMG_00411,Pothole,minor,urban,clear_dry,daylight,none,circular
IMG_00412,Road patch failure; Surface depression,minor,urban,clear_dry,daylight,none,irregular
IMG_00413,Manhole; Pothole,minor,urban,clear_dry,daylight,none,irregular
IMG_00414,Pothole; Manhole,minor,urban,clear_dry,daylight,none,irregular
IMG_00415,Manhole,moderate,urban,clear_dry,daylight,vehicle_occluded,irregular
IMG_00416,,moderate,urban,clear_dry,daylight,partial,irregular
IMG_00417,Surface depression,severe,urban,clear_dry,daylight,partial,irregular
IMG_00418,Surface depression,moderate,urban,clear_dry,daylight,none,longitudinal
IMG_00419,Surface depression; Pothole,severe,urban,clear_dry,daylight,partial,irregular
IMG_00420,,moderate,urban,clear_dry,daylight,partial,irregular
IMG_00421,Road patch failure; Miscellaneous abnormality,minor,urban,clear_dry,daylight,none,irregular
IMG_00422,Surface depression,minor,urban,clear_dry,daylight,none,irregular
IMG_00423,,minor,urban,clear_dry,daylight,none,irregular
IMG_00424,Road patch failure,minor,urban,clear_dry,daylight,partial,irregular
IMG_00425,Surface depression,minor,urban,clear_dry,daylight,none,irregular
IMG_00426,Road patch failure,minor,urban,clear_dry,daylight,none,irregular
IMG_00427,Surface depression,moderate,urban,clear_dry,daylight,vehicle_occluded,irregular
IMG_00428,Surface depression,moderate,urban,clear_dry,daylight,vehicle_occluded,irregular
IMG_00429,Surface depression,minor,urban,clear_dry,daylight,vehicle_occluded,irregular
IMG_00430,Surface depression,moderate,urban,clear_dry,daylight,vehicle_occluded,irregular
IMG_00431,Surface depression,minor,urban,clear_dry,daylight,vehicle_occluded,irregular
IMG_00432,Surface depression,minor,urban,clear_dry,daylight,none,irregular
IMG_00433,Surface depression,minor,urban,clear_dry,daylight,none,irregular
IMG_00434,Surface depression,moderate,urban,clear_dry,daylight,vehicle_occluded,irregular
IMG_00435,,minor,urban,clear_dry,daylight,vehicle_occluded,irregular
IMG_00436,Manhole,minor,urban,clear_dry,daylight,partial,irregular
IMG_00437,Manhole,minor,urban,clear_dry,daylight,partial,irregular
IMG_00438,Pothole; Manhole,minor,urban,clear_dry,daylight,partial,irregular
IMG_00439,Manhole,minor,urban,clear_dry,daylight,vehicle_occluded,irregular
IMG_00440,Manhole,minor,urban,clear_dry,daylight,none,irregular
IMG_00441,,minor,urban,clear_dry,daylight,vehicle_occluded,irregular
IMG_00442,Manhole; Surface depression,minor,urban,clear_dry,daylight,vehicle_occluded,irregular
IMG_00443,Manhole,minor,urban,clear_dry,daylight,none,circular
IMG_00444,Manhole,minor,urban,clear_dry,daylight,none,irregular
IMG_00445,Manhole,minor,urban,clear_dry,daylight,none,irregular
IMG_00446,Pothole,minor,urban,clear_dry,daylight,none,circular
IMG_00447,Manhole,minor,urban,clear_dry,daylight,none,irregular
IMG_00448,Manhole,minor,urban,clear_dry,daylight,partial,irregular
IMG_00449,Surface depression,moderate,urban,clear_dry,daylight,object_occluded,irregular
IMG_00450,Surface depression,moderate,urban,clear_dry,daylight,partial,irregular
IMG_00451,,moderate,urban,wet_road,daylight,none,irregular
IMG_00452,Surface depression,minor,urban,clear_dry,daylight,vehicle_occluded,irregular
IMG_00453,Surface depression,minor,urban,clear_dry,daylight,partial,irregular
IMG_00454,Surface depression,moderate,urban,clear_dry,daylight,vehicle_occluded,irregular
IMG_00455,Surface depression,minor,urban,clear_dry,daylight,vehicle_occluded,irregular
IMG_00456,Crack,minor,urban,clear_dry,daylight,partial,irregular
IMG_00457,Manhole,minor,urban,clear_dry,daylight,partial,irregular
IMG_00458,Surface depression; Pothole,moderate,urban,clear_dry,daylight,vehicle_occluded,irregular
IMG_00459,Surface depression,moderate,urban,clear_dry,daylight,partial,longitudinal
IMG_00460,Crack; Surface depression,minor,urban,clear_dry,daylight,vehicle_occluded,irregular
IMG_00461,Surface depression,moderate,urban,clear_dry,daylight,none,irregular
IMG_00462,Pothole; Surface depression,moderate,urban,clear_dry,daylight,partial,irregular
IMG_00463,Pothole; Surface depression,moderate,urban,clear_dry,daylight,none,irregular
IMG_00464,Surface depression,minor,urban,clear_dry,daylight,partial,longitudinal
IMG_00465,Surface depression; Road patch failure,minor,urban,clear_dry,daylight,partial,irregular
IMG_00466,Road patch failure,minor,urban,clear_dry,daylight,none,irregular
IMG_00467,Surface depression,minor,urban,cloudy,daylight,partial,irregular
IMG_00468,Surface depression,moderate,urban,clear_dry,daylight,none,longitudinal
IMG_00469,Surface depression; Pothole,moderate,urban,clear_dry,daylight,partial,irregular
IMG_00470,Surface depression,minor,urban,clear_dry,daylight,partial,irregular
IMG_00471,Surface depression; Manhole,minor,urban,clear_dry,daylight,partial,irregular
IMG_00472,Manhole; Surface depression,moderate,urban,clear_dry,daylight,none,irregular
IMG_00473,Surface depression,moderate,urban,clear_dry,daylight,partial,longitudinal
IMG_00474,Surface depression,moderate,urban,clear_dry,daylight,none,irregular
IMG_00475,Surface depression,moderate,urban,clear_dry,daylight,partial,irregular
IMG_00476,Manhole,minor,urban,clear_dry,daylight,partial,circular
IMG_00477,Surface depression,minor,urban,clear_dry,daylight,partial,irregular
IMG_00478,Surface depression,moderate,urban,clear_dry,daylight,none,circular
IMG_00479,,minor,urban,clear_dry,daylight,partial,irregular
IMG_00480,Surface depression,minor,urban,clear_dry,daylight,vehicle_occluded,irregular
IMG_00481,Surface depression,moderate,urban,clear_dry,daylight,none,irregular
IMG_00482,Surface depression; Road patch failure,minor,urban,clear_dry,daylight,partial,irregular
IMG_00483,Road patch failure,minor,urban,clear_dry,daylight,none,irregular
IMG_00484,Surface depression; Road patch failure,minor,urban,clear_dry,daylight,none,irregular
IMG_00485,Surface depression,minor,urban,clear_dry,daylight,partial,irregular
IMG_00486,Surface depression,minor,urban,clear_dry,daylight,vehicle_occluded,irregular
IMG_00487,Road patch failure,minor,urban,clear_dry,daylight,partial,irregular
IMG_00488,Pothole; Surface depression,minor,urban,clear_dry,daylight,vehicle_occluded,irregular
IMG_00489,Pothole; Surface depression,moderate,urban,clear_dry,daylight,partial,irregular
IMG_00490,Road patch failure,minor,urban,clear_dry,daylight,none,irregular
IMG_00491,Pothole; Road patch failure,minor,urban,clear_dry,daylight,none,irregular
IMG_00492,Surface depression,minor,urban,clear_dry,daylight,partial,irregular
IMG_00493,Surface depression,minor,urban,clear_dry,daylight,partial,irregular
IMG_00494,Manhole; Surface depression,minor,urban,clear_dry,daylight,partial,irregular
IMG_00495,,minor,residential,clear_dry,daylight,none,irregular
IMG_00496,Surface depression,minor,urban,clear_dry,daylight,none,irregular
IMG_00497,Surface depression,minor,urban,clear_dry,daylight,none,irregular
IMG_00498,Surface depression,minor,urban,clear_dry,daylight,partial,irregular
IMG_00499,Pothole; Manhole,minor,urban,clear_dry,daylight,partial,irregular
IMG_00500,Surface depression,minor,urban,clear_dry,daylight,partial,irregular
IMG_00501,Pothole; Surface depression,minor,urban,clear_dry,daylight,partial,irregular
IMG_00502,Pothole; Surface depression,moderate,urban,clear_dry,daylight,none,irregular
IMG_00503,Surface depression,minor,urban,clear_dry,daylight,none,irregular
IMG_00504,Surface depression; Pothole; Manhole,minor,urban,clear_dry,daylight,none,irregular
IMG_00505,Surface depression,moderate,urban,clear_dry,daylight,none,irregular
IMG_00506,Manhole; Surface depression,moderate,urban,wet_road,daylight,none,irregular
IMG_00507,Manhole; Surface depression; Road patch failure,moderate,urban,clear_dry,daylight,none,irregular
IMG_00508,Pothole,moderate,residential,clear_dry,daylight,none,irregular
IMG_00509,Surface depression,severe,urban,clear_dry,daylight,partial,irregular
IMG_00510,Manhole; Surface depression,minor,urban,clear_dry,daylight,none,irregular
IMG_00511,Surface depression; Road patch failure,moderate,urban,wet_road,daylight,none,irregular
IMG_00512,Road patch failure,minor,urban,clear_dry,daylight,none,irregular
IMG_00513,Surface depression; Manhole; Road patch failure,moderate,urban,clear_dry,daylight,none,irregular
IMG_00514,Surface depression,moderate,urban,clear_dry,daylight,none,irregular
IMG_00515,Surface depression,minor,urban,clear_dry,daylight,none,circular
IMG_00516,Manhole; Surface depression,minor,urban,clear_dry,daylight,none,irregular
IMG_00517,Manhole; Surface depression; Pothole,severe,urban,clear_dry,daylight,none,irregular
IMG_00518,Manhole; Surface depression,minor,urban,clear_dry,daylight,none,irregular
IMG_00519,Manhole,minor,urban,clear_dry,daylight,none,irregular
IMG_00520,Manhole; Pothole,moderate,urban,clear_dry,daylight,none,irregular
IMG_00521,Surface depression,moderate,urban,wet_road,daylight,none,irregular
IMG_00522,Surface depression,severe,urban,clear_dry,daylight,none,irregular
IMG_00523,Manhole; Surface depression,minor,urban,clear_dry,daylight,none,irregular
IMG_00524,Surface depression; Crack; Road patch failure,minor,urban,clear_dry,daylight,none,irregular
IMG_00525,Pothole; Surface depression,moderate,urban,clear_dry,daylight,none,irregular
IMG_00526,Surface depression,minor,urban,clear_dry,daylight,none,irregular
IMG_00527,Surface depression; Pothole,moderate,urban,clear_dry,daylight,none,irregular
IMG_00528,Pothole; Surface depression,moderate,urban,wet_road,daylight,none,irregular
IMG_00529,Pothole,moderate,urban,wet_road,daylight,none,circular
IMG_00530,Surface depression; Pothole,severe,residential,wet_road,daylight,none,irregular
IMG_00531,Pothole; Road patch failure,moderate,urban,clear_dry,daylight,none,irregular
IMG_00532,Pothole; Surface depression,moderate,urban,wet_road,daylight,none,irregular
IMG_00533,Surface depression; Pothole,moderate,residential,clear_dry,daylight,none,irregular
IMG_00534,Surface depression,moderate,urban,clear_dry,daylight,partial,irregular
IMG_00535,Manhole; Surface depression,moderate,urban,clear_dry,daylight,none,irregular
IMG_00536,Surface depression; Miscellaneous abnormality,moderate,urban,clear_dry,daylight,none,irregular
IMG_00537,Surface depression,severe,urban,clear_dry,daylight,none,irregular
IMG_00538,Pothole; Surface depression; Manhole,severe,urban,clear_dry,daylight,none,irregular
IMG_00539,Pothole; Surface depression,moderate,urban,clear_dry,daylight,none,irregular
IMG_00540,Manhole; Pothole; Surface depression,severe,urban,clear_dry,daylight,none,irregular
IMG_00541,Surface depression; Pothole,minor,residential,clear_dry,daylight,none,longitudinal
IMG_00542,Surface depression,minor,urban,clear_dry,daylight,vehicle_occluded,irregular
IMG_00543,Manhole; Surface depression,minor,urban,clear_dry,daylight,none,irregular
IMG_00544,Manhole; Surface depression,minor,urban,clear_dry,daylight,none,irregular
IMG_00545,Surface depression,minor,urban,clear_dry,daylight,none,irregular
IMG_00546,Surface depression,minor,urban,clear_dry,daylight,none,longitudinal
IMG_00547,Surface depression,minor,urban,clear_dry,daylight,vehicle_occluded,irregular
IMG_00548,Surface depression,minor,urban,clear_dry,daylight,none,longitudinal
IMG_00549,Surface depression,severe,urban,clear_dry,daylight,partial,irregular
IMG_00550,Surface depression,severe,urban,clear_dry,daylight,none,irregular
IMG_00551,Surface depression,minor,urban,clear_dry,daylight,vehicle_occluded,irregular
IMG_00552,Surface depression,minor,urban,clear_dry,daylight,none,irregular
IMG_00553,Surface depression,moderate,urban,clear_dry,daylight,partial,irregular
IMG_00554,Surface depression; Pothole,moderate,urban,clear_dry,daylight,none,irregular
IMG_00555,Road patch failure,minor,urban,clear_dry,daylight,none,irregular
IMG_00556,Road patch failure; Surface depression,minor,urban,clear_dry,daylight,none,irregular
IMG_00557,Pothole; Surface depression,moderate,urban,clear_dry,daylight,none,irregular
IMG_00558,Pothole; Surface depression,moderate,urban,clear_dry,daylight,none,irregular
IMG_00559,Surface depression; Pothole,severe,urban,clear_dry,daylight,none,irregular
IMG_00560,Surface depression,moderate,urban,clear_dry,daylight,none,irregular
IMG_00561,Surface depression,severe,urban,clear_dry,daylight,none,irregular
IMG_00562,Pothole; Surface depression,moderate,urban,clear_dry,daylight,none,irregular
IMG_00563,Surface depression,moderate,urban,clear_dry,daylight,none,irregular
IMG_00564,Surface depression,severe,urban,clear_dry,daylight,none,irregular
IMG_00565,Surface depression,severe,urban,clear_dry,daylight,none,irregular
IMG_00566,,minor,urban,clear_dry,daylight,none,irregular
IMG_00567,,minor,urban,clear_dry,daylight,heavy,irregular
IMG_00568,Surface depression,severe,urban,clear_dry,daylight,none,irregular
IMG_00569,Road patch failure,minor,residential,clear_dry,daylight,none,irregular
IMG_00570,Surface depression,minor,urban,clear_dry,daylight,none,irregular
IMG_00571,Surface depression,minor,residential,clear_dry,daylight,none,irregular
IMG_00572,Surface depression,minor,urban,clear_dry,daylight,none,irregular
IMG_00573,Surface depression,moderate,urban,clear_dry,daylight,none,irregular
IMG_00574,Surface depression,minor,urban,clear_dry,daylight,none,longitudinal
IMG_00575,Pothole; Surface depression,severe,urban,clear_dry,daylight,none,irregular
IMG_00576,Surface depression,severe,urban,clear_dry,daylight,partial,irregular
IMG_00577,Surface depression,moderate,urban,clear_dry,daylight,none,irregular
IMG_00578,Pothole,moderate,urban,wet_road,daylight,none,irregular
IMG_00579,Surface depression; Pothole,severe,urban,wet_road,daylight,partial,irregular
IMG_00580,Pothole,severe,urban,wet_road,daylight,none,irregular
IMG_00581,Pothole,severe,urban,clear_dry,daylight,none,irregular
IMG_00582,Pothole; Surface depression,severe,urban,wet_road,daylight,none,irregular
IMG_00583,Pothole,severe,urban,wet_road,daylight,none,irregular
IMG_00584,Pothole; Surface depression,severe,urban,wet_road,daylight,none,irregular
IMG_00585,Pothole,moderate,urban,clear_dry,daylight,none,irregular
IMG_00586,Pothole; Surface depression,moderate,urban,clear_dry,daylight,none,irregular
IMG_00587,Surface depression,moderate,urban,clear_dry,daylight,none,irregular
IMG_00588,Surface depression; Pothole,moderate,urban,clear_dry,daylight,none,irregular
IMG_00589,Surface depression,moderate,urban,clear_dry,daylight,none,irregular
IMG_00590,Pothole; Road patch failure,moderate,residential,clear_dry,daylight,none,irregular
IMG_00591,Pothole,moderate,residential,clear_dry,daylight,none,irregular
IMG_00592,Surface depression,moderate,urban,clear_dry,daylight,none,irregular
IMG_00593,Surface depression,minor,urban,clear_dry,daylight,none,irregular
IMG_00594,Surface depression,moderate,urban,clear_dry,daylight,none,irregular
IMG_00595,Surface depression,moderate,urban,clear_dry,daylight,none,irregular
IMG_00596,Surface depression,moderate,urban,clear_dry,daylight,partial,irregular
IMG_00597,Road patch failure,minor,urban,clear_dry,daylight,none,irregular
IMG_00598,Surface depression,moderate,urban,clear_dry,daylight,none,irregular
IMG_00599,Surface depression,moderate,urban,clear_dry,daylight,none,irregular
IMG_00600,Pothole,minor,urban,clear_dry,daylight,partial,irregular
IMG_00601,Manhole; Surface depression,minor,urban,clear_dry,daylight,partial,irregular
IMG_00602,Surface depression,minor,urban,clear_dry,daylight,partial,irregular
IMG_00603,,severe,urban,clear_dry,daylight,partial,irregular
IMG_00604,Surface depression,severe,urban,clear_dry,daylight,partial,irregular
IMG_00605,Manhole; Road patch failure; Crack,minor,urban,clear_dry,daylight,none,irregular
IMG_00606,,minor,urban,clear_dry,daylight,none,irregular
IMG_00607,Surface depression,minor,urban,clear_dry,daylight,partial,irregular
IMG_00608,Surface depression,minor,urban,clear_dry,daylight,none,irregular
IMG_00609,Surface depression,moderate,urban,clear_dry,daylight,none,irregular
IMG_00610,Pothole,minor,urban,clear_dry,daylight,none,irregular
IMG_00611,Surface depression,moderate,urban,clear_dry,daylight,none,irregular
IMG_00612,Pothole,minor,urban,clear_dry,daylight,vehicle_occluded,irregular
IMG_00613,Pothole; Road patch failure,minor,urban,clear_dry,daylight,none,irregular
IMG_00614,Surface depression,minor,urban,clear_dry,daylight,none,irregular
IMG_00615,,minor,urban,clear_dry,daylight,partial,irregular
IMG_00616,Surface depression,moderate,urban,clear_dry,daylight,none,irregular
IMG_00617,Surface depression,minor,urban,clear_dry,daylight,partial,irregular
IMG_00618,,minor,urban,clear_dry,daylight,none,irregular
IMG_00619,Surface depression,minor,urban,clear_dry,daylight,partial,irregular
IMG_00620,Surface depression; Road patch failure,moderate,urban,clear_dry,daylight,partial,irregular
IMG_00621,Surface depression,moderate,urban,clear_dry,daylight,none,irregular
IMG_00622,Pothole; Surface depression,moderate,urban,clear_dry,daylight,partial,irregular
IMG_00623,Surface depression,minor,urban,clear_dry,daylight,partial,irregular
IMG_00624,Surface depression,moderate,urban,clear_dry,daylight,vehicle_occluded,irregular
IMG_00625,Surface depression,minor,urban,clear_dry,daylight,none,irregular
IMG_00626,Surface depression,minor,urban,clear_dry,daylight,partial,irregular
IMG_00627,Surface depression,minor,urban,clear_dry,daylight,none,irregular
IMG_00628,Surface depression,minor,urban,clear_dry,daylight,none,irregular
IMG_00629,Surface depression,minor,urban,clear_dry,daylight,partial,irregular
IMG_00630,Pothole; Surface depression,moderate,urban,clear_dry,daylight,partial,irregular
IMG_00631,Pothole,minor,urban,clear_dry,daylight,vehicle_occluded,irregular
IMG_00632,Pothole; Surface depression,minor,urban,clear_dry,daylight,none,irregular
IMG_00633,Pothole; Surface depression,moderate,urban,clear_dry,daylight,none,irregular
IMG_00634,Pothole,minor,urban,clear_dry,daylight,none,irregular
IMG_00635,Pothole; Surface depression,minor,urban,clear_dry,daylight,partial,irregular
IMG_00636,Pothole,minor,urban,clear_dry,daylight,partial,irregular
IMG_00637,Pothole,minor,urban,wet_road,daylight,partial,irregular
IMG_00638,Pothole,moderate,urban,wet_road,daylight,none,irregular
IMG_00639,Pothole; Surface depression,minor,urban,clear_dry,daylight,none,irregular
IMG_00640,Pothole,moderate,urban,clear_dry,daylight,none,irregular
IMG_00641,Surface depression,minor,urban,clear_dry,daylight,none,irregular
IMG_00642,Pothole; Surface depression,moderate,urban,clear_dry,daylight,none,irregular
IMG_00643,Pothole,minor,urban,clear_dry,daylight,none,irregular
IMG_00644,Pothole; Surface depression,moderate,urban,clear_dry,daylight,none,irregular
IMG_00645,Surface depression,minor,urban,clear_dry,daylight,none,irregular
IMG_00646,Crack; Surface depression,moderate,urban,clear_dry,daylight,none,longitudinal
IMG_00647,Manhole; Surface depression,moderate,urban,clear_dry,daylight,none,irregular
IMG_00648,,minor,urban,clear_dry,shadow,heavy,irregular
IMG_00649,,minor,urban,clear_dry,daylight,heavy,irregular
IMG_00650,Road patch failure,minor,urban,clear_dry,daylight,vehicle_occluded,irregular
IMG_00651,Pothole,minor,urban,clear_dry,daylight,none,irregular
IMG_00652,Road patch failure,minor,urban,clear_dry,daylight,partial,irregular
IMG_00653,Surface depression; Manhole,moderate,urban,clear_dry,daylight,none,irregular
IMG_00654,Pothole; Manhole; Surface depression,moderate,urban,clear_dry,daylight,none,irregular
IMG_00655,Surface depression,moderate,urban,clear_dry,daylight,partial,irregular
IMG_00656,Surface depression,moderate,urban,clear_dry,daylight,partial,irregular
IMG_00657,Road patch failure,minor,urban,clear_dry,daylight,partial,irregular
IMG_00658,Surface depression,minor,urban,clear_dry,daylight,none,irregular
IMG_00659,Pothole,moderate,rural,clear_dry,daylight,none,irregular
IMG_00660,Surface depression,minor,rural,clear_dry,daylight,partial,irregular
IMG_00661,Pothole; Surface depression; Road patch failure,moderate,urban,clear_dry,daylight,none,irregular
IMG_00662,Manhole; Surface depression,minor,rural,clear_dry,daylight,partial,irregular
IMG_00663,Pothole,minor,urban,clear_dry,daylight,none,irregular
IMG_00664,Surface depression,severe,urban,clear_dry,daylight,none,irregular
IMG_00665,Pothole; Surface depression,severe,rural,clear_dry,daylight,none,irregular
IMG_00666,Pothole,severe,rural,wet_road,daylight,none,irregular
IMG_00667,Pothole,severe,urban,wet_road,daylight,none,irregular
IMG_00668,Pothole,severe,rural,wet_road,daylight,partial,irregular
IMG_00669,Pothole,moderate,urban,clear_dry,daylight,none,irregular
IMG_00670,Surface depression,severe,rural,clear_dry,daylight,none,irregular
IMG_00671,,minor,rural,clear_dry,daylight,none,irregular
IMG_00672,Road patch failure,minor,urban,clear_dry,daylight,none,irregular
IMG_00673,Surface depression; Pothole; Road patch failure,moderate,urban,clear_dry,daylight,none,irregular
IMG_00674,Road patch failure,minor,urban,clear_dry,daylight,none,irregular
IMG_00675,,moderate,urban,clear_dry,daylight,vehicle_occluded,irregular
IMG_00676,Surface depression,minor,urban,clear_dry,daylight,partial,irregular
IMG_00677,,minor,urban,clear_dry,daylight,none,irregular
IMG_00678,Surface depression,minor,rural,clear_dry,daylight,none,irregular
IMG_00679,Surface depression,minor,urban,clear_dry,daylight,none,circular
IMG_00680,,minor,urban,clear_dry,daylight,none,irregular
IMG_00681,Surface depression; Manhole,minor,urban,clear_dry,daylight,partial,irregular
IMG_00682,Surface depression,minor,urban,clear_dry,daylight,partial,irregular
IMG_00683,Surface depression,minor,urban,clear_dry,daylight,vehicle_occluded,irregular
IMG_00684,Road patch failure,moderate,residential,wet_road,daylight,none,irregular
IMG_00685,Surface depression,severe,urban,clear_dry,daylight,partial,irregular
IMG_00686,Road patch failure,moderate,urban,clear_dry,daylight,vehicle_occluded,irregular
IMG_00687,Pothole; Surface depression,moderate,urban,clear_dry,daylight,none,irregular
IMG_00688,Surface depression,minor,urban,clear_dry,daylight,partial,longitudinal
IMG_00689,Surface depression,moderate,urban,clear_dry,daylight,partial,irregular
IMG_00690,Surface depression,moderate,urban,clear_dry,daylight,vehicle_occluded,irregular
IMG_00691,Surface depression,moderate,urban,clear_dry,daylight,vehicle_occluded,irregular
IMG_00692,Surface depression; Crack,moderate,urban,clear_dry,daylight,none,irregular
IMG_00693,Surface depression,severe,urban,clear_dry,daylight,none,irregular
IMG_00694,Surface depression,severe,urban,clear_dry,daylight,partial,irregular
IMG_00695,Surface depression,moderate,urban,clear_dry,daylight,partial,irregular
IMG_00696,Pothole; Surface depression,moderate,urban,clear_dry,daylight,none,longitudinal
IMG_00697,Pothole; Road patch failure,severe,urban,clear_dry,daylight,partial,irregular
IMG_00698,Surface depression,moderate,residential,clear_dry,daylight,none,irregular
IMG_00699,Surface depression,severe,urban,clear_dry,daylight,none,irregular
IMG_00700,Surface depression,severe,rural,clear_dry,daylight,none,irregular
IMG_00701,Surface depression,severe,urban,clear_dry,daylight,vehicle_occluded,irregular
IMG_00702,Surface depression,severe,urban,clear_dry,daylight,partial,irregular
IMG_00703,Pothole,moderate,rural,clear_dry,daylight,none,irregular
IMG_00704,Surface depression,severe,urban,wet_road,daylight,none,longitudinal
IMG_00705,Surface depression,severe,urban,wet_road,daylight,none,longitudinal
IMG_00706,Surface depression,minor,urban,clear_dry,daylight,partial,irregular
IMG_00707,Surface depression,minor,urban,clear_dry,daylight,none,irregular
IMG_00708,Crack,moderate,urban,clear_dry,daylight,partial,irregular
IMG_00709,Pothole,moderate,rural,clear_dry,daylight,none,irregular
IMG_00710,Surface depression; Road patch failure,moderate,urban,clear_dry,daylight,none,irregular
IMG_00711,Surface depression,moderate,urban,clear_dry,daylight,none,irregular
IMG_00712,Pothole,moderate,urban,clear_dry,daylight,none,irregular
IMG_00713,Pothole,minor,urban,clear_dry,daylight,none,circular
IMG_00714,,minor,urban,clear_dry,daylight,none,irregular
IMG_00715,Pothole,minor,urban,clear_dry,daylight,vehicle_occluded,irregular
IMG_00716,Surface depression,minor,urban,clear_dry,daylight,none,irregular
IMG_00717,,minor,urban,clear_dry,daylight,partial,irregular
IMG_00718,,minor,urban,clear_dry,daylight,none,irregular
IMG_00719,Surface depression,moderate,urban,clear_dry,daylight,none,irregular
IMG_00720,Surface depression,moderate,urban,clear_dry,daylight,partial,irregular
IMG_00721,Road patch failure,minor,urban,clear_dry,daylight,partial,irregular
IMG_00722,Pothole; Surface depression,moderate,urban,clear_dry,daylight,partial,irregular
IMG_00723,Surface depression,minor,urban,clear_dry,daylight,none,longitudinal
IMG_00724,Road patch failure,minor,urban,clear_dry,daylight,none,irregular
IMG_00725,Surface depression,moderate,urban,clear_dry,daylight,none,irregular
IMG_00726,Surface depression,moderate,urban,clear_dry,daylight,none,irregular
IMG_00727,Pothole; Surface depression; Road patch failure,minor,urban,clear_dry,daylight,none,irregular
IMG_00728,Surface depression,minor,urban,clear_dry,daylight,none,irregular
IMG_00729,,minor,urban,clear_dry,daylight,partial,irregular
IMG_00730,Pothole,minor,urban,clear_dry,daylight,none,irregular
IMG_00731,Surface depression,minor,urban,clear_dry,daylight,none,irregular
IMG_00732,Surface depression,minor,urban,clear_dry,daylight,none,irregular
IMG_00733,Surface depression,minor,urban,clear_dry,daylight,none,irregular
IMG_00734,Road patch failure,minor,urban,clear_dry,daylight,none,irregular
IMG_00735,Surface depression; Pothole,minor,urban,clear_dry,daylight,partial,irregular
IMG_00736,Surface depression,moderate,urban,clear_dry,daylight,none,irregular
IMG_00737,Pothole,minor,urban,clear_dry,daylight,partial,irregular
IMG_00738,Surface depression,moderate,urban,clear_dry,daylight,none,irregular
IMG_00739,Pothole,minor,urban,clear_dry,daylight,none,irregular
IMG_00740,Surface depression; Pothole,minor,urban,clear_dry,daylight,vehicle_occluded,irregular
IMG_00741,Surface depression,moderate,urban,clear_dry,daylight,vehicle_occluded,irregular
IMG_00742,Surface depression,severe,urban,clear_dry,daylight,vehicle_occluded,irregular
IMG_00743,Surface depression,moderate,urban,clear_dry,daylight,partial,irregular
IMG_00744,Surface depression,minor,urban,clear_dry,daylight,partial,irregular
IMG_00745,Surface depression,moderate,urban,clear_dry,daylight,partial,irregular
IMG_00746,Surface depression,severe,urban,clear_dry,daylight,partial,irregular
IMG_00747,Surface depression; Pothole,severe,urban,clear_dry,daylight,partial,irregular
IMG_00748,Surface depression,minor,urban,clear_dry,daylight,vehicle_occluded,irregular
IMG_00749,Surface depression,severe,urban,clear_dry,daylight,vehicle_occluded,irregular
IMG_00750,,minor,urban,clear_dry,daylight,partial,irregular
IMG_00751,Surface depression,moderate,urban,clear_dry,daylight,partial,irregular
IMG_00752,Surface depression,moderate,urban,clear_dry,daylight,partial,irregular
IMG_00753,Surface depression,moderate,urban,clear_dry,daylight,none,irregular
IMG_00754,Surface depression,severe,urban,clear_dry,daylight,vehicle_occluded,irregular
IMG_00755,Pothole; Surface depression,severe,urban,clear_dry,daylight,vehicle_occluded,irregular
IMG_00756,Surface depression,severe,urban,clear_dry,daylight,none,irregular
IMG_00757,Pothole; Surface depression,severe,urban,clear_dry,daylight,vehicle_occluded,irregular
IMG_00758,Pothole,moderate,urban,clear_dry,daylight,none,irregular
IMG_00759,Pothole; Surface depression,moderate,urban,clear_dry,daylight,none,irregular
IMG_00760,Surface depression,severe,urban,clear_dry,daylight,none,irregular
IMG_00761,Surface depression,moderate,urban,clear_dry,daylight,partial,irregular
IMG_00762,Pothole,severe,urban,clear_dry,daylight,partial,irregular
IMG_00763,Surface depression,minor,urban,clear_dry,daylight,none,irregular
IMG_00764,,minor,urban,clear_dry,daylight,vehicle_occluded,irregular
IMG_00765,Surface depression,minor,urban,clear_dry,daylight,vehicle_occluded,irregular
IMG_00766,Surface depression,minor,urban,clear_dry,daylight,vehicle_occluded,irregular
IMG_00767,Surface depression; Road patch failure,moderate,urban,clear_dry,daylight,vehicle_occluded,irregular
IMG_00768,Surface depression,severe,urban,clear_dry,daylight,vehicle_occluded,irregular
IMG_00769,Surface depression,moderate,urban,clear_dry,daylight,vehicle_occluded,irregular
IMG_00770,Surface depression,minor,urban,clear_dry,daylight,vehicle_occluded,irregular
IMG_00771,Pothole,minor,urban,clear_dry,daylight,none,irregular
IMG_00772,Surface depression,moderate,urban,clear_dry,daylight,none,irregular
IMG_00773,Surface depression,moderate,urban,clear_dry,daylight,none,irregular
IMG_00774,Surface depression,moderate,urban,clear_dry,daylight,none,irregular
IMG_00775,Surface depression,minor,urban,clear_dry,daylight,none,irregular
IMG_00776,Surface depression,minor,urban,clear_dry,daylight,partial,irregular
IMG_00777,Surface depression; Road patch failure,moderate,urban,clear_dry,daylight,none,irregular
IMG_00778,Surface depression,moderate,urban,clear_dry,daylight,none,irregular
IMG_00779,Surface depression,severe,urban,clear_dry,daylight,none,irregular
IMG_00780,Surface depression,minor,urban,clear_dry,daylight,none,longitudinal
IMG_00781,Surface depression,minor,urban,clear_dry,daylight,none,irregular
IMG_00782,Surface depression,moderate,urban,clear_dry,shadow,partial,irregular
IMG_00783,Surface depression,severe,urban,clear_dry,daylight,none,irregular
IMG_00784,Surface depression,moderate,urban,clear_dry,daylight,vehicle_occluded,irregular
IMG_00785,Surface depression,moderate,urban,clear_dry,daylight,vehicle_occluded,irregular
IMG_00786,Surface depression,moderate,urban,clear_dry,daylight,vehicle_occluded,irregular
IMG_00787,Surface depression,minor,urban,clear_dry,daylight,none,irregular
IMG_00788,Surface depression,moderate,urban,clear_dry,daylight,none,irregular
IMG_00789,Surface depression,moderate,urban,clear_dry,daylight,none,irregular
IMG_00790,Surface depression,severe,urban,clear_dry,daylight,none,irregular
IMG_00791,Surface depression,severe,urban,clear_dry,daylight,none,irregular
IMG_00792,Surface depression,moderate,urban,clear_dry,daylight,none,irregular
IMG_00793,Manhole; Surface depression,moderate,urban,clear_dry,daylight,none,irregular
IMG_00794,Manhole; Surface depression,moderate,urban,clear_dry,daylight,none,irregular
IMG_00795,Manhole; Road patch failure,moderate,urban,clear_dry,daylight,none,irregular
IMG_00796,Manhole,minor,urban,clear_dry,daylight,none,circular
IMG_00797,Manhole,minor,urban,clear_dry,daylight,none,circular
IMG_00798,Manhole,minor,urban,clear_dry,daylight,none,circular
IMG_00799,Manhole,moderate,urban,clear_dry,daylight,none,circular
IMG_00800,Manhole,moderate,urban,clear_dry,daylight,none,circular
IMG_00801,Pothole; Road patch failure; Surface depression,moderate,urban,clear_dry,daylight,none,irregular
IMG_00802,Manhole,minor,urban,clear_dry,daylight,none,circular
IMG_00803,Surface depression,minor,urban,clear_dry,daylight,none,irregular
IMG_00804,Manhole; Surface depression,moderate,urban,clear_dry,daylight,none,irregular
IMG_00805,Manhole,moderate,urban,clear_dry,daylight,none,irregular
IMG_00806,Manhole,moderate,urban,clear_dry,daylight,none,circular
IMG_00807,Manhole,moderate,urban,clear_dry,daylight,none,irregular
IMG_00808,Manhole,minor,urban,clear_dry,daylight,none,circular
IMG_00809,Manhole,minor,urban,clear_dry,daylight,none,circular
IMG_00810,Manhole,minor,urban,clear_dry,daylight,none,circular
IMG_00811,Manhole,minor,urban,clear_dry,daylight,none,circular
IMG_00812,Surface depression,moderate,urban,clear_dry,daylight,none,irregular
IMG_00813,Manhole,minor,urban,clear_dry,daylight,none,circular
IMG_00814,Pothole,moderate,urban,clear_dry,daylight,none,circular
IMG_00815,Manhole,minor,urban,clear_dry,daylight,none,circular
IMG_00816,Manhole,minor,residential,clear_dry,daylight,none,irregular
IMG_00817,Manhole,minor,urban,clear_dry,daylight,none,circular
IMG_00818,Pothole,minor,urban,clear_dry,daylight,none,circular
IMG_00819,Manhole,minor,urban,clear_dry,daylight,none,circular
IMG_00820,Manhole,minor,urban,clear_dry,daylight,none,circular
IMG_00821,Road patch failure,minor,urban,clear_dry,daylight,none,irregular
IMG_00822,Pothole,minor,urban,clear_dry,daylight,none,circular
IMG_00823,Manhole,minor,urban,clear_dry,daylight,none,circular
IMG_00824,Manhole; Road patch failure,moderate,urban,clear_dry,daylight,none,irregular
IMG_00825,Manhole; Road patch failure,minor,urban,clear_dry,daylight,none,irregular
IMG_00826,Manhole,minor,urban,clear_dry,daylight,none,circular
IMG_00827,Manhole; Surface depression,severe,residential,clear_dry,daylight,none,irregular
IMG_00828,Road patch failure,moderate,residential,clear_dry,daylight,none,circular
IMG_00829,Surface depression; Manhole,minor,residential,clear_dry,daylight,none,irregular
IMG_00830,Road patch failure,moderate,urban,clear_dry,daylight,none,circular
IMG_00831,Manhole; Surface depression,moderate,urban,clear_dry,daylight,none,irregular
IMG_00832,Manhole,minor,urban,clear_dry,daylight,none,circular
IMG_00833,Manhole,minor,urban,clear_dry,daylight,none,circular
IMG_00834,Manhole,minor,urban,clear_dry,daylight,none,circular
IMG_00835,Surface depression,minor,urban,clear_dry,daylight,none,irregular
IMG_00836,Surface depression,minor,urban,clear_dry,daylight,none,irregular
IMG_00837,Surface depression; Road patch failure,moderate,urban,clear_dry,daylight,none,irregular
IMG_00838,Manhole; Road patch failure,minor,urban,clear_dry,daylight,none,circular
IMG_00839,Manhole,minor,urban,clear_dry,daylight,none,circular
IMG_00840,Manhole,minor,urban,clear_dry,daylight,none,circular
IMG_00841,Pothole,minor,urban,clear_dry,daylight,none,longitudinal
IMG_00842,Manhole,moderate,urban,clear_dry,daylight,none,irregular
IMG_00843,Manhole,minor,urban,clear_dry,daylight,none,irregular
IMG_00844,Surface depression; Manhole,minor,urban,clear_dry,daylight,none,irregular
IMG_00845,Pothole; Surface depression,moderate,urban,clear_dry,daylight,none,irregular
IMG_00846,Pothole; Surface depression; Manhole,severe,urban,clear_dry,daylight,none,irregular
IMG_00847,Surface depression,severe,residential,clear_dry,daylight,none,irregular
IMG_00848,Surface depression,minor,urban,clear_dry,daylight,vehicle_occluded,irregular
IMG_00849,Manhole; Surface depression,minor,residential,clear_dry,daylight,none,circular
IMG_00850,Miscellaneous abnormality; Surface depression,severe,residential,clear_dry,daylight,none,irregular
IMG_00851,Surface depression,minor,residential,clear_dry,daylight,none,irregular
IMG_00852,Manhole,minor,urban,clear_dry,daylight,none,circular
IMG_00853,Manhole; Road patch failure,minor,urban,clear_dry,daylight,none,longitudinal
IMG_00854,Manhole,moderate,urban,clear_dry,daylight,none,circular
IMG_00855,Pothole,moderate,urban,clear_dry,daylight,none,circular
IMG_00856,Surface depression,moderate,urban,clear_dry,daylight,none,irregular
IMG_00857,Manhole,minor,urban,clear_dry,daylight,none,circular
IMG_00858,Manhole,minor,urban,clear_dry,daylight,none,circular
IMG_00859,Pothole,moderate,urban,clear_dry,daylight,none,irregular
IMG_00860,Pothole; Manhole,minor,urban,clear_dry,daylight,none,irregular
IMG_00861,Pothole; Manhole,minor,urban,clear_dry,daylight,none,irregular
IMG_00862,Surface depression; Manhole,minor,urban,clear_dry,daylight,none,irregular
IMG_00863,Surface depression,moderate,urban,clear_dry,daylight,none,irregular
IMG_00864,Manhole,minor,urban,clear_dry,daylight,none,circular
IMG_00865,Manhole,minor,urban,clear_dry,daylight,none,circular
IMG_00866,Manhole,moderate,urban,clear_dry,daylight,none,circular
IMG_00867,Surface depression,moderate,urban,clear_dry,daylight,none,circular
IMG_00868,Manhole,minor,urban,clear_dry,daylight,none,circular
IMG_00869,Manhole,moderate,residential,clear_dry,daylight,none,circular
IMG_00870,Surface depression,minor,residential,clear_dry,daylight,none,irregular
IMG_00871,Surface depression,minor,urban,clear_dry,daylight,none,irregular
IMG_00872,Manhole; Surface depression,minor,residential,clear_dry,daylight,none,irregular
IMG_00873,Pothole,minor,residential,clear_dry,daylight,none,circular
IMG_00874,Pothole; Manhole,moderate,urban,clear_dry,daylight,none,irregular
IMG_00875,Pothole; Surface depression,moderate,urban,clear_dry,daylight,none,irregular
IMG_00876,Pothole,moderate,urban,clear_dry,daylight,none,irregular
IMG_00877,Pothole,moderate,urban,clear_dry,daylight,none,longitudinal
IMG_00878,Road patch failure,minor,residential,clear_dry,daylight,none,longitudinal
IMG_00879,Surface depression,minor,residential,clear_dry,daylight,none,irregular
IMG_00880,,moderate,residential,clear_dry,daylight,none,irregular
IMG_00881,Manhole,minor,residential,clear_dry,daylight,none,circular
IMG_00882,Pothole; Manhole,moderate,urban,clear_dry,daylight,none,irregular
IMG_00883,Manhole; Surface depression,moderate,residential,clear_dry,daylight,none,circular
IMG_00884,Manhole; Pothole,moderate,residential,clear_dry,daylight,none,irregular
IMG_00885,Surface depression; Manhole; Pothole,moderate,residential,clear_dry,daylight,none,longitudinal
IMG_00886,Manhole,moderate,urban,clear_dry,daylight,none,irregular
IMG_00887,Manhole,moderate,urban,clear_dry,daylight,none,irregular
IMG_00888,Manhole,moderate,urban,clear_dry,daylight,partial,circular
IMG_00889,Manhole; Surface depression,severe,urban,clear_dry,daylight,none,irregular
IMG_00890,Manhole; Road patch failure,severe,urban,wet_road,daylight,none,irregular
IMG_00891,Manhole,minor,urban,clear_dry,daylight,none,circular
IMG_00892,Pothole,moderate,urban,clear_dry,daylight,none,irregular
IMG_00893,Surface depression; Manhole; Pothole,moderate,residential,clear_dry,daylight,none,irregular
IMG_00894,Surface depression,minor,urban,clear_dry,daylight,none,longitudinal
IMG_00895,Manhole; Surface depression,minor,residential,clear_dry,daylight,none,circular
IMG_00896,Surface depression,moderate,residential,clear_dry,daylight,none,irregular
IMG_00897,Surface depression; Road patch failure,moderate,urban,clear_dry,daylight,none,irregular
IMG_00898,Surface depression,moderate,urban,clear_dry,daylight,none,irregular
IMG_00899,Road patch failure,minor,residential,clear_dry,daylight,vehicle_occluded,irregular
IMG_00900,Surface depression,minor,residential,clear_dry,daylight,none,irregular
IMG_00901,Manhole; Surface depression,minor,residential,clear_dry,daylight,none,circular
IMG_00902,Manhole; Pothole,severe,urban,clear_dry,daylight,none,circular
IMG_00903,Surface depression,moderate,residential,cloudy,daylight,none,irregular
IMG_00904,Surface depression,moderate,urban,clear_dry,daylight,none,irregular
IMG_00905,Manhole; Surface depression,minor,residential,clear_dry,daylight,none,circular
IMG_00906,Manhole; Surface depression,minor,residential,clear_dry,daylight,none,irregular
IMG_00907,Manhole; Surface depression,moderate,residential,clear_dry,daylight,none,irregular
IMG_00908,Manhole; Surface depression,moderate,residential,clear_dry,daylight,none,irregular
IMG_00909,Surface depression; Manhole,moderate,urban,clear_dry,daylight,none,irregular
IMG_00910,Manhole; Surface depression,severe,residential,clear_dry,daylight,none,irregular
IMG_00911,Manhole; Surface depression,severe,urban,clear_dry,daylight,none,irregular
IMG_00912,Surface depression,severe,urban,clear_dry,daylight,none,irregular
IMG_00913,Manhole,moderate,residential,clear_dry,daylight,none,circular
IMG_00914,Surface depression,severe,urban,wet_road,daylight,none,irregular
IMG_00915,Surface depression,moderate,residential,clear_dry,daylight,none,irregular
IMG_00916,Surface depression,severe,urban,clear_dry,daylight,none,irregular
IMG_00917,Manhole,minor,residential,clear_dry,daylight,none,circular
IMG_00918,Manhole,minor,residential,clear_dry,daylight,none,circular
IMG_00919,Surface depression,moderate,residential,clear_dry,daylight,none,irregular
IMG_00920,Manhole; Road patch failure,moderate,residential,clear_dry,daylight,none,irregular
IMG_00921,Manhole; Pothole,moderate,residential,clear_dry,daylight,none,irregular
IMG_00922,Manhole; Surface depression,minor,residential,clear_dry,daylight,none,circular
IMG_00923,,moderate,residential,clear_dry,daylight,none,irregular
IMG_00924,Manhole; Pothole; Surface depression,severe,residential,wet_road,daylight,none,irregular
IMG_00925,Surface depression,moderate,urban,clear_dry,daylight,none,irregular
IMG_00926,Surface depression; Manhole,moderate,urban,clear_dry,daylight,none,irregular
IMG_00927,Manhole,minor,urban,clear_dry,daylight,none,circular
IMG_00928,Manhole; Surface depression,minor,residential,clear_dry,daylight,none,irregular
IMG_00929,Manhole; Surface depression,minor,urban,cloudy,daylight,none,circular
IMG_00930,Manhole; Pothole,moderate,residential,clear_dry,daylight,none,irregular
IMG_00931,Manhole,minor,urban,clear_dry,daylight,none,circular
IMG_00932,Surface depression,moderate,residential,clear_dry,daylight,none,irregular
IMG_00933,Surface depression,moderate,urban,clear_dry,daylight,none,irregular
IMG_00934,Manhole; Surface depression,minor,residential,clear_dry,daylight,none,irregular
IMG_00935,Surface depression,moderate,residential,clear_dry,daylight,none,irregular
IMG_00936,Road patch failure; Pothole,moderate,residential,wet_road,daylight,none,irregular
IMG_00937,Manhole; Surface depression,moderate,residential,clear_dry,daylight,none,irregular
IMG_00938,Miscellaneous abnormality,moderate,urban,clear_dry,daylight,none,irregular
IMG_00939,Miscellaneous abnormality; Surface depression,severe,urban,clear_dry,daylight,none,irregular
IMG_00940,Surface depression,severe,urban,cloudy,daylight,partial,irregular
IMG_00941,Surface depression,severe,urban,clear_dry,daylight,none,irregular
IMG_00942,Crack,severe,urban,clear_dry,daylight,none,irregular
IMG_00943,Surface depression,moderate,urban,clear_dry,daylight,none,irregular
IMG_00944,Miscellaneous abnormality,moderate,urban,clear_dry,daylight,partial,irregular
IMG_00945,Miscellaneous abnormality,moderate,urban,clear_dry,daylight,none,irregular
IMG_00946,Surface depression,severe,urban,clear_dry,daylight,none,irregular
IMG_00947,Surface depression,severe,urban,clear_dry,daylight,none,irregular
IMG_00948,Surface depression,severe,urban,clear_dry,daylight,none,irregular
IMG_00949,Surface depression,severe,urban,clear_dry,daylight,vehicle_occluded,irregular
IMG_00950,Surface depression; Road patch failure,severe,urban,clear_dry,daylight,none,irregular
IMG_00951,Surface depression; Pothole,severe,urban,wet_road,daylight,none,irregular
IMG_00952,Surface depression,severe,urban,wet_road,daylight,partial,irregular
IMG_00953,Surface depression,moderate,urban,clear_dry,daylight,none,irregular
IMG_00954,Pothole,severe,urban,clear_dry,daylight,none,irregular
IMG_00955,Surface depression,moderate,urban,clear_dry,daylight,none,irregular
IMG_00956,Pothole,severe,urban,clear_dry,daylight,none,irregular
IMG_00957,Pothole; Surface depression,severe,urban,clear_dry,daylight,none,irregular
IMG_00958,Pothole,moderate,urban,clear_dry,daylight,none,irregular
IMG_00959,Manhole,moderate,urban,clear_dry,daylight,none,irregular
IMG_00960,Surface depression,moderate,urban,clear_dry,daylight,none,irregular
IMG_00961,Surface depression; Manhole,moderate,urban,clear_dry,daylight,none,irregular
IMG_00962,Surface depression,moderate,urban,clear_dry,daylight,none,irregular
IMG_00963,Surface depression,severe,urban,clear_dry,daylight,vehicle_occluded,irregular
IMG_00964,Surface depression,moderate,urban,clear_dry,daylight,none,irregular
IMG_00965,Pothole; Surface depression,moderate,urban,clear_dry,daylight,none,irregular
IMG_00966,Pothole; Surface depression,severe,urban,clear_dry,daylight,none,irregular
IMG_00967,Manhole; Surface depression,minor,urban,clear_dry,daylight,none,irregular
IMG_00968,Manhole,minor,urban,clear_dry,daylight,none,circular
IMG_00969,Surface depression,minor,urban,clear_dry,daylight,none,irregular
IMG_00970,Manhole; Surface depression,minor,urban,clear_dry,daylight,none,circular
IMG_00971,Surface depression,moderate,urban,clear_dry,daylight,none,irregular
IMG_00972,Surface depression; Manhole,moderate,urban,clear_dry,daylight,none,irregular
IMG_00973,Surface depression,moderate,urban,clear_dry,daylight,none,irregular
IMG_00974,Surface depression,minor,urban,clear_dry,shadow,none,irregular
IMG_00975,Surface depression,moderate,urban,clear_dry,daylight,none,irregular
IMG_00976,,minor,urban,clear_dry,daylight,vehicle_occluded,irregular
IMG_00977,Surface depression,moderate,residential,clear_dry,daylight,none,irregular
IMG_00978,,moderate,urban,clear_dry,daylight,none,irregular
IMG_00979,,moderate,residential,clear_dry,daylight,none,irregular
IMG_00980,Pothole,minor,urban,clear_dry,daylight,none,circular
IMG_00981,Surface depression,moderate,residential,clear_dry,daylight,none,irregular
IMG_00982,Road patch failure,severe,residential,clear_dry,daylight,none,irregular
IMG_00983,Pothole,minor,urban,clear_dry,daylight,none,circular
IMG_00984,Pothole,minor,urban,clear_dry,daylight,partial,circular
IMG_00985,Surface depression,moderate,residential,clear_dry,daylight,none,irregular
IMG_00986,Surface depression,severe,urban,clear_dry,daylight,none,irregular
IMG_00987,Surface depression,severe,urban,clear_dry,daylight,none,irregular
IMG_00988,Surface depression,severe,urban,clear_dry,daylight,none,irregular
IMG_00989,,moderate,urban,clear_dry,daylight,none,irregular
IMG_00990,Surface depression,moderate,residential,clear_dry,daylight,none,irregular
IMG_00991,,minor,rural,clear_dry,daylight,none,irregular
IMG_00992,,severe,rural,clear_dry,daylight,none,irregular
IMG_00993,Surface depression,severe,urban,clear_dry,daylight,vehicle_occluded,irregular
IMG_00994,Surface depression,severe,urban,clear_dry,daylight,none,irregular
IMG_00995,Surface depression; Pothole,severe,urban,clear_dry,daylight,none,irregular
IMG_00996,Surface depression,moderate,urban,clear_dry,daylight,none,irregular
IMG_00997,Surface depression,severe,residential,clear_dry,daylight,none,irregular
IMG_00998,,moderate,residential,clear_dry,daylight,none,irregular
IMG_00999,Crack,minor,residential,clear_dry,daylight,none,irregular
IMG_01000,Surface depression,moderate,residential,clear_dry,daylight,partial,irregular
IMG_01001,Manhole; Surface depression,minor,urban,clear_dry,daylight,none,irregular
IMG_01002,Pothole; Surface depression,moderate,residential,clear_dry,daylight,none,irregular
IMG_01003,Surface depression,moderate,residential,clear_dry,daylight,none,irregular
IMG_01004,Surface depression,minor,urban,clear_dry,daylight,none,irregular
IMG_01005,,severe,urban,clear_dry,daylight,none,irregular
IMG_01006,Manhole; Pothole; Surface depression,moderate,urban,clear_dry,daylight,none,irregular
IMG_01007,Manhole; Surface depression,moderate,urban,clear_dry,daylight,none,irregular
IMG_01008,Surface depression; Pothole,moderate,urban,clear_dry,daylight,none,irregular
IMG_01009,Manhole; Surface depression; Pothole,moderate,urban,clear_dry,daylight,none,irregular
IMG_01010,Surface depression; Pothole,minor,urban,clear_dry,daylight,none,irregular
IMG_01011,Surface depression,moderate,urban,cloudy,daylight,none,irregular
IMG_01012,Surface depression; Pothole,moderate,urban,cloudy,daylight,none,irregular
IMG_01013,Manhole; Surface depression,minor,urban,cloudy,daylight,none,irregular
IMG_01014,Pothole,minor,urban,clear_dry,daylight,none,circular
IMG_01015,Pothole,moderate,urban,clear_dry,daylight,none,irregular
IMG_01016,Manhole; Surface depression,severe,urban,wet_road,daylight,none,irregular
IMG_01017,Surface depression,severe,urban,cloudy,daylight,none,irregular
IMG_01018,Surface depression,severe,urban,clear_dry,daylight,none,irregular
IMG_01019,Surface depression,moderate,urban,cloudy,daylight,none,irregular
IMG_01020,Surface depression,moderate,urban,cloudy,daylight,none,irregular
IMG_01021,Surface depression,minor,residential,cloudy,daylight,none,irregular
IMG_01022,,minor,urban,cloudy,daylight,partial,irregular
IMG_01023,Surface depression,moderate,residential,clear_dry,daylight,none,irregular
IMG_01024,Surface depression,minor,residential,clear_dry,daylight,partial,irregular
IMG_01025,Manhole; Surface depression,minor,urban,wet_road,daylight,none,circular
IMG_01026,Manhole,minor,urban,wet_road,daylight,none,circular
IMG_01027,Manhole,moderate,residential,clear_dry,daylight,none,circular
IMG_01028,Surface depression,severe,residential,wet_road,daylight,partial,irregular
IMG_01029,Pothole,moderate,residential,wet_road,daylight,none,irregular
IMG_01030,Surface depression,moderate,residential,clear_dry,daylight,none,transverse
IMG_01031,Crack,severe,residential,clear_dry,daylight,none,irregular
IMG_01032,Surface depression,moderate,residential,wet_road,night,partial,irregular
IMG_01033,Road patch failure,minor,rural,clear_dry,daylight,none,circular
IMG_01034,Surface depression,minor,residential,clear_dry,night,none,irregular
IMG_01035,Surface depression,moderate,urban,wet_road,night,none,irregular
IMG_01036,Manhole; Surface depression,moderate,urban,clear_dry,night,none,irregular
IMG_01037,Manhole; Surface depression,moderate,urban,clear_dry,night,none,irregular
IMG_01038,Surface depression; Manhole,moderate,urban,clear_dry,night,partial,irregular
IMG_01039,Surface depression,moderate,urban,clear_dry,night,partial,irregular
IMG_01040,Surface depression,moderate,urban,clear_dry,night,none,longitudinal
IMG_01041,Surface depression,minor,urban,clear_dry,daylight,none,irregular
IMG_01042,Surface depression,minor,residential,clear_dry,daylight,none,circular
IMG_01043,Surface depression,moderate,urban,wet_road,daylight,none,irregular
IMG_01044,Surface depression,moderate,urban,clear_dry,daylight,none,irregular
IMG_01045,Manhole; Surface depression,minor,urban,clear_dry,daylight,none,longitudinal
IMG_01046,Manhole; Surface depression,moderate,urban,clear_dry,daylight,none,irregular
IMG_01047,,minor,urban,clear_dry,daylight,none,irregular
IMG_01048,Manhole,moderate,urban,clear_dry,daylight,none,circular
IMG_01049,Manhole; Surface depression,moderate,residential,clear_dry,daylight,none,circular
IMG_01050,Surface depression,moderate,urban,clear_dry,daylight,none,irregular
IMG_01051,Surface depression,moderate,urban,clear_dry,daylight,none,irregular
IMG_01052,Manhole; Surface depression,moderate,urban,clear_dry,daylight,none,irregular
IMG_01053,Surface depression; Road patch failure; Manhole,moderate,urban,clear_dry,daylight,none,irregular
IMG_01054,Manhole; Surface depression,moderate,urban,clear_dry,daylight,none,irregular
IMG_01055,Surface depression,minor,urban,clear_dry,daylight,vehicle_occluded,irregular
IMG_01056,Manhole; Surface depression,moderate,urban,clear_dry,daylight,none,irregular
IMG_01057,Surface depression,moderate,residential,clear_dry,daylight,none,irregular
IMG_01058,Surface depression,minor,urban,clear_dry,daylight,none,longitudinal
IMG_01059,Surface depression,moderate,urban,clear_dry,daylight,none,irregular
IMG_01060,Surface depression,moderate,urban,clear_dry,daylight,none,irregular
IMG_01061,Surface depression,moderate,urban,clear_dry,daylight,none,irregular
IMG_01062,Manhole; Surface depression,minor,urban,clear_dry,daylight,none,circular
IMG_01063,Road patch failure,minor,urban,clear_dry,daylight,none,irregular
IMG_01064,Manhole,minor,urban,clear_dry,daylight,none,circular
IMG_01065,Manhole,minor,urban,clear_dry,daylight,none,circular
IMG_01066,Manhole,minor,urban,clear_dry,daylight,none,circular
IMG_01067,Surface depression,moderate,urban,clear_dry,daylight,none,irregular
IMG_01068,Pothole,moderate,urban,clear_dry,daylight,none,circular
IMG_01069,Surface depression,severe,urban,clear_dry,daylight,none,irregular
IMG_01070,Manhole,minor,urban,clear_dry,daylight,none,circular
IMG_01071,Manhole,minor,urban,clear_dry,daylight,none,circular
IMG_01072,Manhole,minor,urban,clear_dry,daylight,none,circular
IMG_01073,Manhole,minor,residential,clear_dry,daylight,none,circular
IMG_01074,Manhole,minor,urban,wet_road,daylight,none,circular
IMG_01075,Manhole; Pothole; Surface depression,moderate,urban,clear_dry,daylight,none,irregular
IMG_01076,Manhole; Surface depression,moderate,residential,clear_dry,daylight,none,irregular
IMG_01077,Manhole,moderate,urban,clear_dry,daylight,partial,irregular
IMG_01078,,moderate,residential,wet_road,daylight,none,irregular
IMG_01079,Manhole; Surface depression,moderate,residential,clear_dry,daylight,none,irregular
IMG_01080,Manhole; Surface depression,minor,residential,clear_dry,daylight,none,circular
IMG_01081,Surface depression,minor,urban,wet_road,daylight,none,irregular
IMG_01082,Surface depression,moderate,urban,wet_road,daylight,none,longitudinal
IMG_01083,Surface depression; Pothole,moderate,residential,clear_dry,daylight,none,irregular
IMG_01084,Surface depression,moderate,residential,clear_dry,daylight,none,irregular
IMG_01085,Manhole,minor,urban,clear_dry,daylight,none,circular
IMG_01086,Manhole,minor,urban,clear_dry,daylight,partial,irregular
IMG_01087,Manhole,minor,urban,clear_dry,daylight,none,circular
IMG_01088,Manhole; Pothole,minor,urban,clear_dry,daylight,none,irregular
IMG_01089,Manhole,minor,urban,clear_dry,daylight,partial,irregular
IMG_01090,Manhole,minor,urban,clear_dry,daylight,none,irregular
IMG_01091,Manhole,minor,urban,clear_dry,daylight,none,irregular
IMG_01092,Pothole; Manhole,moderate,urban,clear_dry,daylight,none,irregular
IMG_01093,Road patch failure,moderate,urban,clear_dry,daylight,none,irregular
IMG_01094,Manhole,minor,urban,clear_dry,daylight,none,circular
IMG_01095,Manhole,minor,urban,clear_dry,daylight,none,irregular
IMG_01096,Manhole,minor,urban,clear_dry,daylight,none,irregular
IMG_01097,Manhole,moderate,urban,clear_dry,daylight,none,circular
IMG_01098,Manhole,minor,urban,clear_dry,daylight,none,irregular
IMG_01099,Manhole,minor,urban,clear_dry,daylight,none,circular
IMG_01100,Road patch failure; Surface depression,moderate,urban,clear_dry,daylight,none,irregular
IMG_01101,Manhole; Surface depression,severe,urban,clear_dry,daylight,none,irregular
IMG_01102,Manhole; Surface depression,severe,urban,clear_dry,daylight,none,irregular
IMG_01103,Manhole; Pothole; Surface depression,moderate,urban,clear_dry,daylight,none,irregular
IMG_01104,Manhole; Surface depression,moderate,residential,clear_dry,daylight,none,longitudinal
IMG_01105,Surface depression; Manhole,severe,residential,clear_dry,daylight,partial,irregular
IMG_01106,Pothole,severe,urban,clear_dry,daylight,partial,irregular
IMG_01107,Surface depression,severe,urban,clear_dry,daylight,none,irregular
IMG_01108,Manhole; Surface depression,moderate,urban,clear_dry,daylight,none,irregular
IMG_01109,Surface depression,moderate,urban,clear_dry,daylight,partial,irregular
IMG_01110,Manhole; Pothole,minor,urban,clear_dry,daylight,none,circular
IMG_01111,Surface depression,moderate,urban,clear_dry,daylight,partial,irregular
IMG_01112,Manhole; Pothole; Surface depression,moderate,urban,clear_dry,daylight,none,irregular
IMG_01113,Manhole; Surface depression,moderate,urban,clear_dry,daylight,none,irregular
IMG_01114,Surface depression,moderate,urban,clear_dry,daylight,none,irregular
IMG_01115,Manhole,minor,residential,clear_dry,daylight,none,circular
IMG_01116,Manhole,moderate,urban,clear_dry,daylight,none,circular
IMG_01117,,minor,urban,clear_dry,daylight,none,irregular
IMG_01118,Manhole; Surface depression,minor,urban,clear_dry,daylight,none,circular
IMG_01119,Miscellaneous abnormality,severe,residential,clear_dry,daylight,none,irregular
IMG_01120,Miscellaneous abnormality,severe,urban,clear_dry,daylight,partial,irregular
IMG_01121,Surface depression,severe,urban,clear_dry,daylight,partial,irregular
IMG_01122,Surface depression,severe,residential,clear_dry,daylight,none,irregular
IMG_01123,Surface depression,severe,residential,clear_dry,daylight,none,irregular
IMG_01124,Manhole; Crack,moderate,urban,clear_dry,daylight,none,irregular
IMG_01125,Manhole; Crack; Surface depression,moderate,residential,wet_road,daylight,none,irregular
IMG_01126,Surface depression,moderate,residential,clear_dry,daylight,none,irregular
IMG_01127,Surface depression,minor,residential,clear_dry,daylight,none,irregular
IMG_01128,Surface depression,moderate,residential,clear_dry,daylight,none,longitudinal
IMG_01129,Manhole; Pothole,moderate,residential,clear_dry,daylight,none,irregular
IMG_01130,Manhole; Surface depression,minor,residential,clear_dry,daylight,none,circular
IMG_01131,Surface depression; Manhole,moderate,urban,clear_dry,daylight,none,irregular
IMG_01132,Surface depression; Pothole,moderate,residential,clear_dry,daylight,none,irregular
IMG_01133,Manhole,minor,residential,clear_dry,daylight,none,circular
IMG_01134,Surface depression,minor,urban,clear_dry,daylight,none,irregular
IMG_01135,Manhole; Surface depression,minor,urban,clear_dry,daylight,none,circular
IMG_01136,Surface depression,moderate,urban,clear_dry,daylight,none,transverse
IMG_01137,Manhole,minor,urban,clear_dry,daylight,none,circular
IMG_01138,Manhole,minor,urban,clear_dry,daylight,none,irregular
IMG_01139,Surface depression,moderate,urban,clear_dry,daylight,none,irregular
IMG_01140,Pothole,minor,urban,clear_dry,daylight,none,irregular
IMG_01141,Surface depression,minor,urban,clear_dry,daylight,none,irregular
IMG_01142,Manhole,moderate,urban,cloudy,daylight,none,irregular
IMG_01143,Manhole; Surface depression,minor,urban,clear_dry,daylight,none,irregular
IMG_01144,Surface depression,moderate,rural,clear_dry,night,none,irregular
IMG_01145,Surface depression,moderate,urban,clear_dry,night,vehicle_occluded,irregular
IMG_01146,Surface depression,moderate,urban,clear_dry,night,none,irregular
IMG_01147,Surface depression,severe,urban,clear_dry,night,none,irregular
IMG_01148,Road patch failure,minor,urban,clear_dry,night,none,irregular
IMG_01149,Surface depression,moderate,residential,clear_dry,night,none,irregular
IMG_01150,Manhole; Surface depression; Road patch failure,severe,urban,clear_dry,night,none,irregular
IMG_01151,Surface depression,severe,urban,clear_dry,night,none,irregular
IMG_01152,Manhole,minor,residential,clear_dry,night,none,circular
IMG_01153,Surface depression,severe,urban,clear_dry,night,none,irregular
IMG_01154,Surface depression,severe,urban,clear_dry,night,none,irregular
IMG_01155,Surface depression,severe,rural,clear_dry,daylight,none,longitudinal
IMG_01156,Surface depression,severe,urban,clear_dry,night,none,irregular
IMG_01157,Manhole; Surface depression,severe,urban,clear_dry,night,none,irregular
IMG_01158,Manhole; Surface depression,minor,urban,clear_dry,night,none,irregular
IMG_01159,Manhole,minor,urban,clear_dry,night,none,irregular
IMG_01160,Manhole; Surface depression,moderate,urban,clear_dry,daylight,none,irregular
IMG_01161,Manhole,minor,urban,clear_dry,night,none,circular
IMG_01162,Manhole; Road patch failure,minor,urban,clear_dry,night,none,circular
IMG_01163,Manhole,minor,urban,clear_dry,daylight,none,circular
IMG_01164,Manhole,minor,urban,clear_dry,night,none,circular
IMG_01165,Manhole; Surface depression,moderate,urban,clear_dry,night,none,circular
IMG_01166,Pothole; Surface depression,severe,urban,wet_road,night,none,longitudinal
IMG_01167,Road patch failure,minor,residential,clear_dry,shadow,none,irregular
IMG_01168,Manhole,moderate,urban,wet_road,night,none,circular
IMG_01169,Surface depression,severe,rural,clear_dry,night,none,irregular
IMG_01170,Surface depression,moderate,residential,clear_dry,night,none,irregular
IMG_01171,Surface depression,severe,urban,clear_dry,night,none,longitudinal
IMG_01172,Road patch failure,minor,urban,clear_dry,night,none,irregular
IMG_01173,Manhole; Surface depression,moderate,urban,clear_dry,night,none,irregular
IMG_01174,Manhole,severe,urban,clear_dry,night,none,irregular
IMG_01175,Manhole,minor,urban,clear_dry,night,none,irregular
IMG_01176,Manhole,minor,residential,clear_dry,night,none,circular
IMG_01177,Surface depression,moderate,urban,clear_dry,night,partial,longitudinal
IMG_01178,Manhole,minor,urban,clear_dry,night,none,circular
IMG_01179,Surface depression,severe,urban,wet_road,night,none,irregular
IMG_01180,Road patch failure,moderate,urban,clear_dry,low_light,none,irregular
IMG_01181,,severe,urban,clear_dry,daylight,none,irregular
IMG_01182,Manhole,minor,urban,clear_dry,low_light,none,circular
IMG_01183,Manhole,minor,urban,clear_dry,night,none,circular
IMG_01184,Manhole,minor,residential,clear_dry,night,none,circular
IMG_01185,Manhole,moderate,urban,clear_dry,daylight,none,circular
IMG_01186,Surface depression,moderate,urban,wet_road,daylight,none,irregular
IMG_01187,Manhole; Surface depression,moderate,urban,clear_dry,daylight,none,irregular
IMG_01188,Manhole; Surface depression,severe,urban,clear_dry,daylight,none,irregular
IMG_01189,Surface depression,moderate,urban,clear_dry,daylight,none,longitudinal
IMG_01190,Surface depression,moderate,residential,clear_dry,night,none,transverse
IMG_01191,Surface depression,moderate,urban,clear_dry,daylight,none,longitudinal
IMG_01192,Surface depression,moderate,urban,clear_dry,daylight,none,irregular
IMG_01193,Surface depression,minor,residential,clear_dry,night,none,irregular
IMG_01194,Road patch failure; Manhole; Surface depression,minor,residential,clear_dry,night,none,irregular
IMG_01195,Surface depression,minor,urban,clear_dry,daylight,none,circular
IMG_01196,Manhole; Surface depression,moderate,residential,clear_dry,night,none,irregular
IMG_01197,Manhole; Surface depression,moderate,residential,clear_dry,low_light,none,irregular
IMG_01198,Road patch failure,minor,urban,clear_dry,night,none,irregular
IMG_01199,Surface depression,moderate,residential,clear_dry,night,none,irregular
IMG_01200,Manhole,minor,urban,clear_dry,night,none,circular
IMG_01201,Manhole,moderate,urban,wet_road,daylight,none,circular
IMG_01202,Manhole,minor,urban,clear_dry,daylight,none,circular
IMG_01203,Manhole,minor,urban,clear_dry,daylight,none,circular
IMG_01204,Surface depression,minor,urban,clear_dry,night,none,irregular
IMG_01205,Road patch failure,minor,urban,clear_dry,night,none,irregular
IMG_01206,Road patch failure; Crack,moderate,urban,clear_dry,low_light,none,irregular
IMG_01207,Pothole; Surface depression,moderate,urban,clear_dry,night,none,irregular
IMG_01208,Surface depression; Pothole,moderate,urban,clear_dry,night,none,irregular
IMG_01209,Pothole; Surface depression,moderate,urban,clear_dry,night,partial,irregular
IMG_01210,Pothole; Manhole,moderate,urban,clear_dry,night,partial,irregular
IMG_01211,Manhole,minor,urban,clear_dry,night,none,circular
IMG_01212,Manhole,minor,urban,clear_dry,night,none,circular
IMG_01213,Pothole,moderate,urban,clear_dry,night,none,irregular
IMG_01214,Manhole,minor,urban,clear_dry,night,none,irregular
IMG_01215,Manhole,moderate,urban,clear_dry,night,none,irregular
IMG_01216,Manhole; Surface depression,moderate,urban,clear_dry,night,none,irregular
IMG_01217,,minor,urban,clear_dry,night,none,irregular
IMG_01218,Manhole,minor,urban,clear_dry,night,none,circular
IMG_01219,Manhole,minor,urban,clear_dry,shadow,partial,circular
IMG_01220,Road patch failure,minor,residential,clear_dry,night,none,irregular
IMG_01221,Road patch failure; Surface depression,minor,residential,clear_dry,shadow,none,irregular
IMG_01222,Road patch failure,minor,urban,clear_dry,night,none,longitudinal
IMG_01223,Manhole,minor,residential,clear_dry,night,partial,circular
IMG_01224,Road patch failure,minor,urban,wet_road,night,none,circular
IMG_01225,Road patch failure,minor,residential,clear_dry,night,none,irregular
IMG_01226,Surface depression,moderate,urban,clear_dry,night,none,irregular
IMG_01227,Crack; Surface depression,minor,urban,clear_dry,night,none,irregular
IMG_01228,Road patch failure,minor,urban,clear_dry,night,none,irregular
IMG_01229,Surface depression,moderate,residential,wet_road,night,none,irregular
IMG_01230,Crack,moderate,urban,clear_dry,daylight,none,irregular
IMG_01231,,minor,urban,clear_dry,night,none,irregular
IMG_01232,Surface depression; Road patch failure,moderate,urban,clear_dry,night,none,irregular
IMG_01233,Road patch failure,minor,residential,clear_dry,daylight,none,longitudinal
IMG_01234,Surface depression,moderate,urban,clear_dry,night,none,irregular
IMG_01235,Surface depression,moderate,urban,clear_dry,night,none,irregular
IMG_01236,Road patch failure; Surface depression,moderate,urban,clear_dry,night,partial,irregular
IMG_01237,Manhole; Road patch failure; Surface depression,moderate,urban,clear_dry,night,none,irregular
IMG_01238,Manhole; Surface depression,minor,urban,clear_dry,shadow,partial,circular
IMG_01239,Manhole,moderate,residential,clear_dry,night,none,irregular
IMG_01240,Surface depression,moderate,residential,clear_dry,shadow,none,irregular
IMG_01241,,minor,residential,clear_dry,night,vehicle_occluded,longitudinal
IMG_01242,Surface depression,minor,residential,clear_dry,night,none,irregular
IMG_01243,Surface depression,minor,residential,clear_dry,night,partial,longitudinal
IMG_01244,Road patch failure,moderate,urban,clear_dry,night,vehicle_occluded,longitudinal
IMG_01245,Surface depression,moderate,urban,clear_dry,night,none,longitudinal
IMG_01246,,moderate,urban,wet_road,low_light,vehicle_occluded,irregular
IMG_01247,Surface depression,moderate,residential,clear_dry,low_light,none,irregular
IMG_01248,Surface depression,moderate,residential,clear_dry,night,partial,irregular
IMG_01249,Manhole,minor,residential,clear_dry,night,none,circular
IMG_01250,Surface depression,severe,residential,clear_dry,night,none,irregular
IMG_01251,Manhole,moderate,residential,clear_dry,night,none,circular
IMG_01252,Manhole,severe,urban,clear_dry,night,none,circular
IMG_01253,Manhole; Surface depression,moderate,residential,clear_dry,night,none,circular
IMG_01254,,moderate,urban,clear_dry,night,none,irregular
IMG_01255,Surface depression; Manhole,moderate,urban,clear_dry,night,none,irregular
IMG_01256,Manhole; Surface depression,moderate,urban,clear_dry,night,none,circular
IMG_01257,Manhole,minor,urban,clear_dry,night,none,circular
IMG_01258,Manhole; Road patch failure,moderate,urban,clear_dry,night,none,longitudinal
IMG_01259,Road patch failure,minor,residential,clear_dry,night,none,longitudinal
IMG_01260,Manhole,minor,residential,clear_dry,night,none,circular
IMG_01261,Manhole,moderate,residential,clear_dry,night,none,circular
IMG_01262,Manhole,moderate,residential,clear_dry,night,none,circular
IMG_01263,Surface depression,moderate,urban,clear_dry,night,none,longitudinal
IMG_01264,Surface depression,severe,urban,clear_dry,night,none,irregular
IMG_01265,Surface depression,severe,urban,wet_road,night,none,irregular
IMG_01266,Manhole,minor,residential,clear_dry,night,none,circular
IMG_01267,Manhole,minor,residential,clear_dry,night,none,circular
IMG_01268,Manhole,minor,residential,clear_dry,night,none,circular
IMG_01269,Manhole; Surface depression,severe,residential,wet_road,night,none,irregular
IMG_01270,Manhole,moderate,residential,clear_dry,daylight,none,irregular
IMG_01271,Surface depression,severe,residential,clear_dry,night,none,irregular
IMG_01272,,moderate,urban,clear_dry,daylight,none,irregular
IMG_01273,Surface depression,moderate,residential,clear_dry,night,none,irregular
IMG_01274,Surface depression,minor,residential,clear_dry,night,none,irregular
IMG_01275,Surface depression; Pothole,moderate,residential,clear_dry,night,none,irregular
IMG_01276,Manhole; Surface depression,minor,residential,clear_dry,night,none,irregular
IMG_01277,Surface depression,moderate,residential,wet_road,night,none,longitudinal
IMG_01278,Surface depression; Manhole,moderate,residential,clear_dry,night,none,longitudinal
IMG_01279,Manhole,minor,urban,clear_dry,daylight,none,circular
IMG_01280,Road patch failure,moderate,residential,clear_dry,night,none,circular
IMG_01281,Road patch failure,severe,residential,clear_dry,night,none,circular
IMG_01282,Surface depression,severe,residential,clear_dry,night,none,irregular
IMG_01283,,minor,urban,clear_dry,low_light,heavy,irregular
IMG_01284,,moderate,urban,clear_dry,low_light,none,irregular
IMG_01285,Surface depression,moderate,residential,clear_dry,night,none,longitudinal
IMG_01286,Road patch failure,moderate,residential,wet_road,night,none,longitudinal
IMG_01287,Surface depression,moderate,urban,clear_dry,night,none,transverse
IMG_01288,Manhole,minor,residential,clear_dry,shadow,none,irregular
IMG_01289,Manhole,minor,urban,clear_dry,night,none,irregular
IMG_01290,,minor,urban,clear_dry,low_light,none,irregular
IMG_01291,Manhole; Surface depression,minor,residential,clear_dry,night,none,circular
IMG_01292,Manhole,minor,residential,clear_dry,night,none,circular
IMG_01293,Road patch failure,moderate,residential,clear_dry,night,none,irregular
IMG_01294,Pothole; Road patch failure,severe,urban,wet_road,night,none,circular
IMG_01295,Manhole,minor,residential,wet_road,night,none,irregular
IMG_01296,Manhole,minor,residential,clear_dry,night,none,irregular
IMG_01297,Manhole,minor,urban,clear_dry,night,none,longitudinal
IMG_01298,Manhole,minor,urban,clear_dry,night,none,circular
IMG_01299,Manhole,minor,urban,clear_dry,night,none,circular
IMG_01300,Manhole,minor,residential,clear_dry,night,none,circular
IMG_01301,Manhole,minor,residential,clear_dry,night,none,circular
IMG_01302,Manhole,minor,urban,clear_dry,night,none,circular
IMG_01303,Surface depression,moderate,residential,clear_dry,night,none,longitudinal
IMG_01304,Surface depression,moderate,urban,clear_dry,night,none,irregular
IMG_01305,Surface depression,moderate,residential,clear_dry,night,none,irregular
IMG_01306,Surface depression,severe,residential,clear_dry,night,none,irregular
IMG_01307,Road patch failure; Surface depression,minor,residential,clear_dry,night,none,circular
IMG_01308,Manhole,minor,residential,clear_dry,night,partial,irregular
IMG_01309,Road patch failure; Manhole,moderate,residential,clear_dry,night,none,circular
IMG_01310,Manhole; Surface depression,moderate,residential,clear_dry,night,none,irregular
IMG_01311,Manhole,minor,urban,clear_dry,night,partial,circular
IMG_01312,Manhole,minor,residential,clear_dry,night,none,circular
IMG_01313,Manhole; Road patch failure,minor,urban,clear_dry,daylight,none,circular
IMG_01314,Surface depression; Road patch failure,moderate,urban,clear_dry,night,none,irregular
IMG_01315,Surface depression,severe,urban,clear_dry,night,none,irregular
IMG_01316,Manhole; Surface depression,minor,urban,clear_dry,night,none,irregular
IMG_01317,Manhole,minor,urban,clear_dry,night,none,circular
IMG_01318,Surface depression,moderate,urban,clear_dry,night,none,irregular
IMG_01319,Manhole,minor,urban,clear_dry,night,object_occluded,irregular
IMG_01320,Surface depression,severe,urban,clear_dry,night,none,irregular
IMG_01321,Surface depression,severe,residential,clear_dry,night,none,irregular
IMG_01322,Surface depression,severe,residential,clear_dry,night,none,irregular
IMG_01323,Manhole; Surface depression,minor,urban,clear_dry,night,none,irregular
IMG_01324,Manhole,severe,urban,clear_dry,night,none,irregular
IMG_01325,Manhole; Surface depression,minor,residential,clear_dry,night,none,irregular
IMG_01326,Surface depression; Manhole,moderate,urban,clear_dry,night,none,irregular
IMG_01327,Surface depression,moderate,urban,clear_dry,night,none,irregular
IMG_01328,Surface depression,severe,urban,clear_dry,night,none,irregular
IMG_01329,Surface depression,severe,residential,clear_dry,night,none,irregular
IMG_01330,Surface depression,moderate,residential,clear_dry,night,partial,irregular
IMG_01331,Surface depression,moderate,residential,clear_dry,night,none,irregular
IMG_01332,Surface depression,severe,residential,clear_dry,night,none,irregular
IMG_01333,Surface depression,moderate,urban,clear_dry,night,none,irregular
IMG_01334,Surface depression,severe,urban,clear_dry,night,none,irregular
IMG_01335,Surface depression,moderate,residential,wet_road,night,none,irregular
IMG_01336,Surface depression,severe,urban,wet_road,night,none,irregular
IMG_01337,Surface depression,moderate,residential,clear_dry,night,none,longitudinal
IMG_01338,,minor,urban,clear_dry,low_light,none,irregular
IMG_01339,Surface depression,moderate,urban,clear_dry,night,none,irregular
IMG_01340,Surface depression,severe,urban,clear_dry,night,none,irregular
IMG_01341,,minor,urban,clear_dry,night,none,irregular
IMG_01342,Manhole,minor,urban,clear_dry,night,none,irregular
IMG_01343,Manhole,moderate,urban,clear_dry,night,none,irregular
IMG_01344,Manhole,moderate,urban,clear_dry,night,none,irregular
IMG_01345,Manhole,minor,urban,clear_dry,night,none,irregular
IMG_01346,,moderate,urban,clear_dry,night,none,longitudinal
IMG_01347,Manhole,minor,urban,clear_dry,night,none,irregular
IMG_01348,,minor,urban,clear_dry,low_light,none,irregular
IMG_01349,Manhole,moderate,urban,clear_dry,night,partial,irregular
IMG_01350,Manhole,severe,urban,clear_dry,night,none,irregular
IMG_01351,Manhole,severe,urban,clear_dry,night,none,irregular
IMG_01352,,minor,urban,clear_dry,night,none,circular
IMG_01353,Surface depression,minor,urban,clear_dry,night,none,irregular
IMG_01354,Road patch failure,minor,urban,clear_dry,night,none,irregular
IMG_01355,Manhole,minor,urban,clear_dry,night,none,circular
IMG_01356,Manhole,minor,urban,wet_road,daylight,none,circular
IMG_01357,Manhole; Surface depression,minor,residential,clear_dry,night,none,circular
IMG_01358,Surface depression,moderate,urban,clear_dry,night,none,irregular
IMG_01359,Surface depression,moderate,urban,clear_dry,night,none,irregular
IMG_01360,Surface depression,severe,urban,clear_dry,night,none,irregular
IMG_01361,Surface depression,moderate,urban,clear_dry,night,none,irregular
IMG_01362,Pothole,minor,urban,clear_dry,night,none,irregular
IMG_01363,Manhole,minor,urban,clear_dry,night,none,circular
IMG_01364,Manhole,moderate,urban,clear_dry,night,none,circular
IMG_01365,Manhole,minor,urban,clear_dry,night,none,irregular
IMG_01366,Manhole,minor,urban,clear_dry,night,none,circular
IMG_01367,Manhole; Surface depression,moderate,residential,clear_dry,night,none,circular
IMG_01368,Road patch failure,minor,urban,wet_road,night,none,circular
IMG_01369,Manhole,minor,urban,clear_dry,night,none,circular
IMG_01370,Manhole,minor,urban,clear_dry,night,none,circular
IMG_01371,Surface depression,moderate,urban,clear_dry,night,none,irregular
IMG_01372,Surface depression,moderate,urban,clear_dry,night,none,irregular
IMG_01373,Surface depression,moderate,urban,clear_dry,night,none,irregular
IMG_01374,Surface depression,moderate,residential,clear_dry,night,none,irregular
IMG_01375,Surface depression,moderate,urban,clear_dry,night,none,irregular
IMG_01376,Manhole; Surface depression,minor,urban,clear_dry,night,none,circular
IMG_01377,Manhole,minor,urban,wet_road,night,none,circular
IMG_01378,Surface depression,minor,urban,clear_dry,night,none,irregular
IMG_01379,Manhole,moderate,urban,clear_dry,night,none,circular
IMG_01380,Road patch failure,moderate,urban,clear_dry,night,none,irregular
IMG_01381,Road patch failure,moderate,urban,clear_dry,night,none,irregular
IMG_01382,Manhole,moderate,urban,clear_dry,night,none,irregular
IMG_01383,Surface depression,moderate,urban,clear_dry,night,partial,irregular
IMG_01384,Surface depression,moderate,residential,clear_dry,night,none,longitudinal
IMG_01385,Manhole; Surface depression,moderate,urban,wet_road,night,none,irregular
IMG_01386,Surface depression,moderate,urban,clear_dry,night,none,irregular
IMG_01387,Manhole,minor,urban,clear_dry,night,none,circular
IMG_01388,Manhole,minor,urban,clear_dry,night,none,circular
IMG_01389,Surface depression,moderate,urban,clear_dry,night,none,longitudinal
IMG_01390,Manhole; Surface depression,moderate,urban,clear_dry,night,none,longitudinal
IMG_01391,Road patch failure,minor,urban,clear_dry,night,none,circular
IMG_01392,Road patch failure,moderate,urban,clear_dry,night,none,circular
IMG_01393,Manhole,minor,urban,wet_road,night,vehicle_occluded,circular
IMG_01394,Road patch failure,moderate,urban,clear_dry,night,none,irregular
IMG_01395,Surface depression,moderate,urban,clear_dry,night,none,irregular
IMG_01396,Manhole,moderate,urban,wet_road,night,none,circular
IMG_01397,Manhole,minor,urban,clear_dry,night,none,circular
IMG_01398,,minor,urban,clear_dry,night,partial,irregular
IMG_01399,Surface depression,moderate,urban,clear_dry,night,none,irregular
IMG_01400,Pothole; Surface depression,moderate,urban,clear_dry,night,none,irregular
IMG_01401,Surface depression,moderate,urban,clear_dry,night,none,irregular
IMG_01402,Surface depression,severe,urban,wet_road,night,none,irregular
IMG_01403,Manhole,minor,urban,clear_dry,night,none,circular
IMG_01404,Manhole,minor,urban,clear_dry,night,none,circular
IMG_01405,Manhole,minor,urban,clear_dry,night,none,circular
IMG_01406,Manhole; Surface depression,minor,urban,clear_dry,night,none,irregular
IMG_01407,Manhole,minor,urban,clear_dry,night,none,circular
IMG_01408,Manhole,minor,urban,clear_dry,night,none,circular
IMG_01409,Manhole,severe,urban,clear_dry,night,none,longitudinal
IMG_01410,Manhole,moderate,urban,wet_road,night,none,longitudinal
IMG_01411,Manhole,moderate,urban,wet_road,night,none,longitudinal
IMG_01412,Manhole,severe,urban,wet_road,night,none,longitudinal
IMG_01413,Manhole; Surface depression,moderate,urban,wet_road,night,none,irregular
IMG_01414,Manhole; Surface depression,minor,urban,clear_dry,night,none,circular
IMG_01415,Surface depression; Manhole,minor,urban,wet_road,night,none,circular
IMG_01416,Pothole,minor,residential,clear_dry,night,none,circular
IMG_01417,Manhole,minor,urban,clear_dry,night,none,circular
IMG_01418,Manhole,minor,residential,clear_dry,night,none,circular
IMG_01419,Manhole,minor,urban,clear_dry,night,none,circular
IMG_01420,Road patch failure,moderate,urban,clear_dry,night,none,irregular
IMG_01421,Surface depression,moderate,urban,wet_road,night,none,irregular
IMG_01422,Manhole,moderate,urban,clear_dry,night,none,irregular
IMG_01423,Manhole,moderate,urban,clear_dry,night,none,irregular
IMG_01424,Manhole,minor,urban,clear_dry,night,none,circular
IMG_01425,Manhole,minor,urban,clear_dry,night,none,circular
IMG_01426,Manhole,minor,urban,clear_dry,night,none,circular
IMG_01427,Surface depression,minor,urban,clear_dry,night,none,irregular
IMG_01428,Surface depression,minor,urban,clear_dry,night,none,irregular
IMG_01429,Surface depression,moderate,urban,clear_dry,night,none,irregular
IMG_01430,Manhole,minor,urban,clear_dry,night,none,circular
IMG_01431,Manhole,minor,urban,clear_dry,daylight,none,circular
IMG_01432,Manhole,minor,urban,clear_dry,night,none,circular
IMG_01433,Manhole,minor,urban,clear_dry,night,none,circular
IMG_01434,Manhole,moderate,residential,clear_dry,night,none,circular
IMG_01435,Manhole,minor,urban,clear_dry,night,none,circular
IMG_01436,Manhole,minor,urban,clear_dry,night,none,circular
IMG_01437,Manhole,minor,urban,clear_dry,night,none,circular
IMG_01438,Manhole,moderate,urban,clear_dry,night,none,circular
IMG_01439,Manhole,minor,urban,clear_dry,night,none,circular
IMG_01440,Manhole,minor,urban,wet_road,night,none,circular
IMG_01441,Manhole,minor,urban,clear_dry,night,none,circular
IMG_01442,Manhole,minor,urban,wet_road,night,vehicle_occluded,irregular
IMG_01443,Pothole,moderate,urban,clear_dry,night,none,irregular
IMG_01444,Manhole,moderate,urban,clear_dry,night,none,irregular
IMG_01445,Surface depression; Manhole,moderate,urban,clear_dry,night,none,irregular
IMG_01446,Manhole,minor,urban,clear_dry,night,none,irregular
IMG_01447,Surface depression; Manhole,moderate,urban,clear_dry,night,none,irregular
IMG_01448,Manhole,moderate,urban,clear_dry,night,vehicle_occluded,irregular
IMG_01449,Manhole,moderate,urban,clear_dry,night,none,irregular
IMG_01450,Manhole,moderate,urban,clear_dry,night,none,irregular
IMG_01451,Manhole; Surface depression,moderate,urban,clear_dry,night,none,irregular
IMG_01452,Road patch failure,minor,urban,clear_dry,night,none,irregular
IMG_01453,Road patch failure,moderate,urban,clear_dry,night,none,irregular
IMG_01454,,moderate,urban,clear_dry,night,none,longitudinal
IMG_01455,,moderate,urban,clear_dry,night,none,irregular
IMG_01456,Manhole; Surface depression,minor,urban,clear_dry,night,none,irregular
IMG_01457,Manhole,minor,urban,wet_road,daylight,none,irregular
IMG_01458,Manhole,minor,urban,clear_dry,daylight,none,irregular
IMG_01459,Surface depression,moderate,rural,clear_dry,daylight,none,circular
IMG_01460,Surface depression; Crack,moderate,residential,clear_dry,shadow,none,irregular
IMG_01461,Surface depression,severe,rural,clear_dry,shadow,none,irregular
IMG_01462,Surface depression; Crack,severe,rural,clear_dry,daylight,none,irregular
IMG_01463,Pothole; Surface depression,moderate,rural,clear_dry,daylight,none,circular
IMG_01464,Road patch failure,moderate,urban,clear_dry,daylight,none,circular
IMG_01465,Pothole; Surface depression,moderate,rural,clear_dry,daylight,none,irregular
IMG_01466,Road patch failure,severe,urban,clear_dry,daylight,none,irregular
IMG_01467,Surface depression,moderate,rural,clear_dry,daylight,none,irregular
IMG_01468,Road patch failure,moderate,urban,clear_dry,daylight,none,irregular
IMG_01469,Surface depression,moderate,rural,clear_dry,daylight,none,irregular
IMG_01470,Road patch failure,moderate,rural,clear_dry,daylight,none,irregular
IMG_01471,Road patch failure,moderate,rural,clear_dry,shadow,none,irregular
IMG_01472,Pothole,moderate,rural,clear_dry,shadow,none,irregular
IMG_01473,Road patch failure,moderate,rural,clear_dry,daylight,none,irregular
IMG_01474,Surface depression,severe,rural,clear_dry,shadow,none,irregular
IMG_01475,Road patch failure,moderate,rural,clear_dry,daylight,none,irregular
IMG_01476,Surface depression,severe,rural,clear_dry,daylight,none,irregular
IMG_01477,Road patch failure,moderate,rural,clear_dry,shadow,none,irregular
IMG_01478,Road patch failure; Surface depression,moderate,rural,clear_dry,daylight,none,irregular
IMG_01479,Surface depression,moderate,rural,clear_dry,daylight,none,irregular
IMG_01480,Surface depression; Road patch failure,moderate,rural,wet_road,daylight,none,irregular
IMG_01481,Road patch failure,moderate,rural,wet_road,daylight,none,irregular
IMG_01482,Road patch failure,moderate,urban,clear_dry,daylight,none,irregular
IMG_01483,Pothole; Surface depression,severe,urban,cloudy,daylight,none,clustered
IMG_01484,Pothole,moderate,rural,clear_dry,daylight,none,irregular
IMG_01485,Surface depression,severe,rural,clear_dry,daylight,none,irregular
IMG_01486,Road patch failure,moderate,rural,clear_dry,daylight,none,irregular
IMG_01487,Road patch failure; Surface depression,moderate,rural,clear_dry,shadow,none,irregular
IMG_01488,Surface depression,moderate,rural,clear_dry,daylight,none,irregular
IMG_01489,Surface depression,moderate,rural,clear_dry,daylight,none,irregular
IMG_01490,Pothole; Surface depression; Road patch failure,moderate,rural,clear_dry,daylight,none,irregular
IMG_01491,Road patch failure; Surface depression,moderate,rural,clear_dry,daylight,none,circular
IMG_01492,Surface depression,moderate,urban,clear_dry,daylight,none,irregular
IMG_01493,Road patch failure,moderate,urban,clear_dry,daylight,none,irregular
IMG_01494,Pothole,severe,rural,clear_dry,daylight,none,irregular
IMG_01495,Pothole,moderate,rural,clear_dry,daylight,none,irregular
IMG_01496,Surface depression,severe,rural,clear_dry,shadow,none,irregular
IMG_01497,Surface depression,moderate,residential,clear_dry,shadow,none,irregular
IMG_01498,Road patch failure,moderate,urban,clear_dry,shadow,none,irregular
IMG_01499,Surface depression,moderate,rural,clear_dry,shadow,none,irregular
IMG_01500,Road patch failure,moderate,rural,clear_dry,daylight,none,irregular
IMG_01501,Pothole; Surface depression,moderate,urban,clear_dry,daylight,none,irregular
IMG_01502,Surface depression,moderate,residential,clear_dry,daylight,none,irregular
IMG_01503,Surface depression,moderate,rural,clear_dry,daylight,none,irregular
IMG_01504,Surface depression,severe,rural,clear_dry,daylight,none,irregular
IMG_01505,Road patch failure,severe,urban,clear_dry,daylight,none,irregular
IMG_01506,Road patch failure,moderate,urban,clear_dry,daylight,none,irregular
IMG_01507,Surface depression,severe,rural,clear_dry,daylight,partial,irregular
IMG_01508,Surface depression,moderate,residential,clear_dry,daylight,none,irregular
IMG_01509,Surface depression,moderate,residential,clear_dry,daylight,none,irregular
IMG_01510,Surface depression,severe,rural,clear_dry,daylight,none,irregular
IMG_01511,Surface depression,moderate,rural,clear_dry,daylight,none,irregular
IMG_01512,Surface depression,moderate,rural,clear_dry,daylight,none,irregular
IMG_01513,Surface depression,moderate,rural,clear_dry,daylight,none,irregular
IMG_01514,Surface depression,moderate,rural,clear_dry,daylight,none,irregular
IMG_01515,Surface depression,moderate,rural,clear_dry,daylight,none,irregular
IMG_01516,Surface depression,moderate,rural,clear_dry,daylight,none,irregular
IMG_01517,Surface depression,severe,rural,clear_dry,daylight,none,irregular
IMG_01518,Pothole; Road patch failure,moderate,rural,clear_dry,shadow,none,irregular
IMG_01519,Surface depression,moderate,rural,clear_dry,daylight,none,longitudinal
IMG_01520,Pothole; Surface depression,moderate,rural,clear_dry,daylight,none,circular
IMG_01521,Pothole,moderate,rural,clear_dry,shadow,none,irregular
IMG_01522,Surface depression,moderate,urban,clear_dry,daylight,none,irregular
IMG_01523,Pothole,severe,rural,cloudy,daylight,none,irregular
IMG_01524,Surface depression,moderate,rural,clear_dry,daylight,none,irregular
IMG_01525,Surface depression,moderate,residential,clear_dry,shadow,none,irregular
IMG_01526,Pothole,severe,rural,clear_dry,shadow,none,irregular
IMG_01527,Road patch failure,moderate,rural,clear_dry,daylight,none,irregular
IMG_01528,Surface depression; Road patch failure,moderate,urban,clear_dry,daylight,none,irregular
IMG_01529,Surface depression,moderate,residential,clear_dry,daylight,none,irregular
IMG_01530,Surface depression,moderate,rural,clear_dry,daylight,none,irregular
IMG_01531,Surface depression,severe,rural,clear_dry,daylight,none,irregular
IMG_01532,Pothole,moderate,urban,wet_road,daylight,none,irregular
IMG_01533,Surface depression,moderate,rural,clear_dry,daylight,none,irregular
IMG_01534,Surface depression,minor,residential,clear_dry,shadow,none,irregular
IMG_01535,Surface depression,moderate,residential,clear_dry,daylight,none,irregular
IMG_01536,Pothole,moderate,urban,clear_dry,daylight,none,irregular
IMG_01537,Surface depression,moderate,residential,clear_dry,daylight,none,irregular
IMG_01538,Surface depression; Pothole,moderate,rural,clear_dry,daylight,none,irregular
IMG_01539,Road patch failure,severe,rural,clear_dry,shadow,none,irregular
IMG_01540,Road patch failure,moderate,residential,clear_dry,daylight,none,irregular
IMG_01541,Surface depression,moderate,residential,clear_dry,shadow,none,longitudinal
IMG_01542,Surface depression,moderate,rural,clear_dry,shadow,none,irregular
IMG_01543,Surface depression,severe,rural,clear_dry,daylight,none,irregular
IMG_01544,Surface depression,moderate,urban,clear_dry,daylight,none,irregular
IMG_01545,Surface depression,moderate,rural,clear_dry,shadow,none,irregular
IMG_01546,Surface depression,moderate,rural,clear_dry,daylight,none,irregular
IMG_01547,Surface depression,moderate,rural,clear_dry,shadow,none,irregular
IMG_01548,Surface depression,moderate,rural,clear_dry,shadow,none,irregular
IMG_01549,Surface depression,moderate,urban,clear_dry,daylight,none,irregular
IMG_01550,Surface depression,moderate,urban,clear_dry,daylight,none,irregular
IMG_01551,Surface depression,moderate,rural,clear_dry,daylight,none,irregular
IMG_01552,Miscellaneous abnormality,moderate,rural,clear_dry,daylight,none,irregular
IMG_01553,Surface depression; Road patch failure,moderate,residential,clear_dry,daylight,none,irregular
IMG_01554,Surface depression,moderate,rural,clear_dry,daylight,none,irregular
IMG_01555,Road patch failure,severe,rural,clear_dry,daylight,none,irregular
IMG_01556,Surface depression,moderate,rural,clear_dry,daylight,none,irregular
IMG_01557,Surface depression,moderate,rural,clear_dry,daylight,none,irregular
IMG_01558,Surface depression,moderate,rural,clear_dry,shadow,none,irregular
IMG_01559,Road patch failure,moderate,urban,clear_dry,daylight,none,irregular
IMG_01560,Surface depression,moderate,rural,clear_dry,daylight,none,irregular
IMG_01561,Surface depression,moderate,residential,clear_dry,shadow,none,irregular
IMG_01562,Surface depression,moderate,rural,clear_dry,shadow,none,irregular
IMG_01563,Surface depression; Road patch failure,moderate,urban,clear_dry,daylight,none,irregular
IMG_01564,Surface depression,moderate,rural,clear_dry,daylight,none,irregular
IMG_01565,Road patch failure,minor,rural,clear_dry,daylight,none,irregular
IMG_01566,Surface depression,severe,rural,clear_dry,daylight,none,irregular
IMG_01567,Surface depression,moderate,rural,clear_dry,shadow,none,irregular
IMG_01568,Surface depression,moderate,residential,clear_dry,shadow,none,irregular
IMG_01569,Surface depression,severe,rural,clear_dry,daylight,none,irregular
IMG_01570,Road patch failure,severe,rural,clear_dry,daylight,none,irregular
IMG_01571,Surface depression,moderate,rural,clear_dry,daylight,none,irregular
IMG_01572,Surface depression,moderate,urban,clear_dry,daylight,none,irregular
IMG_01573,Surface depression,moderate,rural,clear_dry,daylight,none,irregular
IMG_01574,Surface depression,moderate,rural,clear_dry,daylight,none,irregular
IMG_01575,Surface depression,moderate,rural,clear_dry,daylight,none,irregular
IMG_01576,Surface depression,moderate,residential,clear_dry,shadow,none,irregular
IMG_01577,Surface depression,moderate,rural,clear_dry,daylight,none,irregular
IMG_01578,Surface depression,severe,rural,wet_road,daylight,none,irregular
IMG_01579,Road patch failure,moderate,rural,clear_dry,daylight,none,irregular
IMG_01580,Road patch failure,severe,rural,clear_dry,daylight,none,irregular
IMG_01581,Pothole; Surface depression,moderate,urban,wet_road,daylight,none,irregular
IMG_01582,Pothole; Surface depression,moderate,rural,wet_road,daylight,none,irregular
IMG_01583,Pothole,severe,urban,wet_road,daylight,none,irregular
IMG_01584,Surface depression,moderate,urban,clear_dry,shadow,none,circular
IMG_01585,Surface depression,moderate,urban,clear_dry,daylight,none,irregular
IMG_01586,Surface depression,moderate,rural,clear_dry,shadow,none,irregular
IMG_01587,Road patch failure,minor,rural,clear_dry,daylight,none,irregular
IMG_01588,Surface depression,severe,rural,clear_dry,daylight,none,irregular
IMG_01589,Road patch failure,moderate,rural,clear_dry,daylight,none,irregular
IMG_01590,Pothole,moderate,rural,clear_dry,shadow,none,irregular
IMG_01591,Surface depression,moderate,rural,clear_dry,daylight,none,irregular
IMG_01592,Surface depression,moderate,rural,clear_dry,shadow,none,circular
IMG_01593,Road patch failure,moderate,urban,clear_dry,daylight,none,irregular
IMG_01594,Road patch failure,minor,residential,clear_dry,daylight,none,irregular
IMG_01595,Surface depression,moderate,rural,clear_dry,daylight,none,irregular
IMG_01596,Surface depression,moderate,rural,clear_dry,shadow,none,irregular
IMG_01597,Surface depression,severe,rural,clear_dry,daylight,none,irregular
IMG_01598,Surface depression,moderate,rural,clear_dry,daylight,none,irregular
IMG_01599,Pothole,moderate,urban,wet_road,daylight,none,irregular
IMG_01600,Pothole,moderate,urban,wet_road,daylight,none,irregular
IMG_01601,Surface depression,severe,rural,clear_dry,daylight,none,irregular
IMG_01602,Pothole,severe,urban,wet_road,daylight,none,clustered
IMG_01603,Pothole,severe,rural,wet_road,daylight,none,clustered
IMG_01604,Surface depression; Manhole,moderate,urban,clear_dry,daylight,none,irregular
IMG_01605,Pothole,severe,urban,clear_dry,daylight,none,irregular
IMG_01606,Road patch failure; Surface depression,severe,rural,clear_dry,daylight,none,irregular
IMG_01607,Surface depression,moderate,rural,clear_dry,daylight,none,irregular
IMG_01608,Surface depression; Road patch failure,moderate,rural,clear_dry,daylight,none,irregular
IMG_01609,Surface depression,moderate,urban,clear_dry,daylight,none,irregular
IMG_01610,Surface depression,moderate,urban,clear_dry,daylight,none,irregular
IMG_01611,Surface depression,moderate,rural,clear_dry,daylight,none,irregular
IMG_01612,Road patch failure,severe,rural,clear_dry,daylight,none,irregular
IMG_01613,Pothole; Surface depression,moderate,rural,clear_dry,daylight,none,irregular
IMG_01614,Surface depression,severe,rural,clear_dry,shadow,none,irregular
IMG_01615,Surface depression,moderate,rural,clear_dry,daylight,none,irregular
IMG_01616,Road patch failure,minor,urban,clear_dry,daylight,none,irregular
IMG_01617,Surface depression,moderate,rural,clear_dry,daylight,none,irregular
IMG_01618,Surface depression,moderate,rural,clear_dry,daylight,none,irregular
IMG_01619,Surface depression,moderate,rural,clear_dry,daylight,none,irregular
IMG_01620,Surface depression,severe,rural,wet_road,daylight,none,irregular
IMG_01621,Road patch failure; Crack,minor,rural,clear_dry,daylight,none,irregular
IMG_01622,Surface depression,moderate,rural,clear_dry,daylight,none,irregular
IMG_01623,Surface depression,moderate,rural,clear_dry,daylight,none,longitudinal
IMG_01624,Road patch failure,moderate,rural,clear_dry,daylight,none,irregular
IMG_01625,Surface depression,moderate,residential,clear_dry,shadow,none,irregular
IMG_01626,Surface depression; Road patch failure,moderate,rural,clear_dry,daylight,none,irregular
IMG_01627,Surface depression,moderate,rural,cloudy,daylight,none,irregular
IMG_01628,Surface depression,moderate,rural,clear_dry,daylight,none,irregular
IMG_01629,Surface depression,moderate,urban,clear_dry,daylight,none,irregular
IMG_01630,Road patch failure,severe,rural,clear_dry,daylight,none,irregular
IMG_01631,Surface depression,moderate,rural,clear_dry,shadow,none,irregular
IMG_01632,Surface depression,moderate,residential,clear_dry,daylight,none,irregular
IMG_01633,Surface depression,moderate,rural,clear_dry,daylight,none,irregular
IMG_01634,Surface depression,moderate,rural,clear_dry,daylight,none,irregular
IMG_01635,Surface depression,moderate,residential,clear_dry,daylight,none,irregular
IMG_01636,Surface depression,moderate,rural,clear_dry,daylight,none,irregular
IMG_01637,Surface depression,moderate,rural,clear_dry,daylight,none,irregular
IMG_01638,Surface depression,moderate,rural,clear_dry,shadow,none,irregular
IMG_01639,Surface depression,moderate,urban,clear_dry,daylight,none,irregular
IMG_01640,Surface depression,moderate,rural,clear_dry,daylight,none,irregular
IMG_01641,Road patch failure,moderate,rural,clear_dry,shadow,none,irregular
IMG_01642,Surface depression,moderate,rural,clear_dry,daylight,none,irregular
IMG_01643,Surface depression,severe,rural,clear_dry,daylight,none,irregular
IMG_01644,Surface depression,severe,rural,clear_dry,daylight,none,longitudinal
IMG_01645,Surface depression,moderate,rural,clear_dry,daylight,none,irregular
IMG_01646,Surface depression,moderate,rural,clear_dry,daylight,none,irregular
IMG_01647,Surface depression,moderate,rural,clear_dry,daylight,none,circular
IMG_01648,Surface depression,moderate,rural,clear_dry,daylight,none,irregular
IMG_01649,Pothole,severe,urban,cloudy,daylight,none,irregular
IMG_01650,Pothole,severe,rural,wet_road,daylight,none,circular
IMG_01651,Pothole,moderate,urban,clear_dry,daylight,none,irregular
IMG_01652,Pothole,moderate,urban,clear_dry,daylight,none,circular
IMG_01653,Surface depression,severe,rural,clear_dry,daylight,none,irregular
IMG_01654,Pothole,severe,urban,wet_road,daylight,none,irregular
IMG_01655,Surface depression,severe,residential,wet_road,daylight,none,irregular
IMG_01656,Surface depression,severe,rural,clear_dry,shadow,none,irregular
IMG_01657,Pothole,severe,urban,wet_road,daylight,none,irregular
IMG_01658,Road patch failure,severe,rural,clear_dry,daylight,none,irregular
IMG_01659,Surface depression,moderate,rural,clear_dry,daylight,none,irregular
IMG_01660,Surface depression,severe,rural,clear_dry,daylight,none,irregular
IMG_01661,Surface depression,minor,urban,clear_dry,shadow,none,circular
IMG_01662,Road patch failure,severe,rural,clear_dry,daylight,none,irregular
IMG_01663,Surface depression,moderate,rural,clear_dry,daylight,none,irregular
IMG_01664,Surface depression,moderate,urban,clear_dry,daylight,none,irregular
IMG_01665,Surface depression,moderate,urban,clear_dry,shadow,none,irregular
IMG_01666,Surface depression,moderate,urban,clear_dry,daylight,none,irregular
IMG_01667,Road patch failure; Surface depression,severe,residential,clear_dry,daylight,none,irregular
IMG_01668,Pothole,severe,urban,wet_road,daylight,none,irregular
IMG_01669,Pothole,moderate,urban,wet_road,daylight,none,irregular
IMG_01670,Surface depression,severe,rural,clear_dry,daylight,none,irregular
IMG_01671,Surface depression,moderate,rural,clear_dry,daylight,none,irregular
IMG_01672,Road patch failure,moderate,rural,clear_dry,shadow,none,irregular
IMG_01673,Surface depression,moderate,rural,clear_dry,daylight,none,irregular
IMG_01674,Surface depression,moderate,rural,clear_dry,daylight,none,irregular
IMG_01675,Road patch failure,severe,rural,clear_dry,daylight,none,irregular
IMG_01676,Surface depression,moderate,rural,clear_dry,daylight,none,irregular
IMG_01677,Surface depression,severe,rural,clear_dry,daylight,none,irregular
IMG_01678,Surface depression,moderate,rural,clear_dry,daylight,none,irregular
IMG_01679,Surface depression,severe,rural,clear_dry,shadow,none,irregular
IMG_01680,Road patch failure,moderate,rural,clear_dry,shadow,none,irregular
IMG_01681,Surface depression,severe,residential,clear_dry,daylight,object_occluded,irregular
IMG_01682,Surface depression,moderate,rural,clear_dry,daylight,none,irregular
IMG_01683,Surface depression,moderate,rural,clear_dry,daylight,none,irregular
IMG_01684,Surface depression,moderate,residential,clear_dry,daylight,none,irregular
IMG_01685,Surface depression,moderate,rural,clear_dry,shadow,none,irregular
IMG_01686,Surface depression,moderate,rural,clear_dry,daylight,none,irregular
IMG_01687,Road patch failure,moderate,rural,clear_dry,daylight,none,irregular
IMG_01688,Miscellaneous abnormality,moderate,rural,clear_dry,daylight,none,irregular
IMG_01689,Surface depression,moderate,rural,clear_dry,daylight,none,irregular
IMG_01690,Road patch failure,moderate,rural,clear_dry,daylight,none,irregular
IMG_01691,Pothole,severe,urban,wet_road,daylight,none,irregular
IMG_01692,Surface depression,moderate,rural,clear_dry,daylight,none,irregular
IMG_01693,Surface depression,moderate,residential,clear_dry,shadow,none,irregular
IMG_01694,Surface depression,moderate,rural,clear_dry,shadow,none,longitudinal
IMG_01695,Surface depression,moderate,rural,clear_dry,daylight,none,irregular
IMG_01696,Surface depression,moderate,rural,clear_dry,daylight,none,irregular
IMG_01697,Surface depression,moderate,rural,clear_dry,daylight,none,irregular
IMG_01698,Surface depression,moderate,residential,clear_dry,daylight,none,irregular
IMG_01699,Road patch failure,moderate,rural,clear_dry,shadow,none,irregular
IMG_01700,Surface depression,moderate,urban,clear_dry,daylight,none,irregular
IMG_01701,Pothole,severe,urban,wet_road,daylight,none,irregular
IMG_01702,Pothole,moderate,urban,clear_dry,daylight,none,circular
IMG_01703,Road patch failure,moderate,urban,wet_road,daylight,none,irregular
IMG_01704,Road patch failure,moderate,urban,clear_dry,daylight,none,circular
IMG_01705,Pothole,severe,rural,cloudy,daylight,none,irregular
IMG_01706,Surface depression,moderate,residential,clear_dry,daylight,none,irregular
IMG_01707,Road patch failure,severe,rural,clear_dry,daylight,none,irregular
IMG_01708,Surface depression,moderate,rural,cloudy,daylight,none,irregular
IMG_01709,Surface depression,moderate,rural,clear_dry,shadow,none,irregular
IMG_01710,Surface depression,moderate,rural,clear_dry,shadow,none,irregular
IMG_01711,Surface depression,moderate,rural,clear_dry,daylight,none,irregular
IMG_01712,Surface depression,moderate,rural,clear_dry,daylight,none,irregular
IMG_01713,Surface depression; Road patch failure,severe,rural,clear_dry,daylight,none,irregular
IMG_01714,Road patch failure,moderate,residential,clear_dry,daylight,none,irregular
IMG_01715,Surface depression,severe,rural,clear_dry,shadow,none,irregular
IMG_01716,Surface depression,severe,urban,clear_dry,daylight,none,irregular
IMG_01717,Pothole,moderate,urban,clear_dry,shadow,none,irregular
IMG_01718,Surface depression,moderate,residential,clear_dry,daylight,none,irregular
IMG_01719,Surface depression,moderate,urban,clear_dry,daylight,none,irregular
IMG_01720,Road patch failure,moderate,rural,clear_dry,shadow,none,irregular
IMG_01721,Surface depression,moderate,rural,clear_dry,daylight,none,irregular
IMG_01722,Surface depression,severe,rural,clear_dry,daylight,none,irregular
IMG_01723,Road patch failure,moderate,rural,clear_dry,daylight,none,irregular
IMG_01724,Surface depression; Road patch failure,moderate,rural,clear_dry,daylight,none,irregular
IMG_01725,Road patch failure,severe,rural,clear_dry,daylight,none,irregular
IMG_01726,Surface depression; Road patch failure,moderate,urban,clear_dry,daylight,none,irregular
IMG_01727,Surface depression,moderate,rural,clear_dry,daylight,none,irregular
IMG_01728,Surface depression,moderate,rural,clear_dry,daylight,none,irregular
IMG_01729,Surface depression,severe,rural,clear_dry,daylight,none,irregular
IMG_01730,Surface depression; Road patch failure,severe,rural,clear_dry,daylight,none,irregular
IMG_01731,Surface depression,moderate,urban,clear_dry,daylight,none,irregular
IMG_01732,Surface depression,moderate,rural,clear_dry,daylight,none,irregular
IMG_01733,Surface depression,moderate,rural,clear_dry,daylight,none,irregular
IMG_01734,Surface depression,moderate,rural,clear_dry,daylight,none,irregular
IMG_01735,Surface depression,moderate,rural,clear_dry,daylight,none,irregular
IMG_01736,Pothole,moderate,rural,clear_dry,daylight,none,irregular
IMG_01737,Surface depression,moderate,rural,clear_dry,shadow,none,irregular
IMG_01738,Pothole; Surface depression,severe,residential,wet_road,daylight,none,irregular
IMG_01739,Surface depression,moderate,residential,clear_dry,daylight,none,irregular
IMG_01740,Surface depression; Road patch failure,moderate,urban,clear_dry,daylight,none,irregular
IMG_01741,Surface depression,severe,urban,clear_dry,daylight,none,irregular
IMG_01742,Pothole,severe,urban,cloudy,daylight,none,irregular
IMG_01743,Pothole; Surface depression,moderate,urban,clear_dry,daylight,none,irregular
IMG_01744,Road patch failure,severe,residential,clear_dry,daylight,none,irregular
IMG_01745,Crack,severe,residential,clear_dry,daylight,none,irregular
IMG_01746,Surface depression,moderate,rural,clear_dry,daylight,none,longitudinal
IMG_01747,Crack,minor,urban,clear_dry,daylight,none,transverse
IMG_01748,Surface depression,minor,urban,clear_dry,daylight,none,longitudinal
IMG_01749,Pothole,moderate,urban,cloudy,daylight,none,irregular
IMG_01750,Road patch failure,minor,urban,clear_dry,daylight,none,longitudinal
IMG_01751,Surface depression,moderate,rural,clear_dry,daylight,none,irregular
IMG_01752,Surface depression,moderate,urban,clear_dry,daylight,none,longitudinal
IMG_01753,Pothole; Surface depression,severe,rural,wet_road,daylight,none,irregular
IMG_01754,Manhole,moderate,urban,clear_dry,daylight,none,circular
IMG_01755,Manhole,moderate,rural,wet_road,daylight,none,circular
IMG_01756,Surface depression,severe,residential,clear_dry,daylight,none,irregular
IMG_01757,Pothole,severe,rural,wet_road,daylight,none,irregular
IMG_01758,Manhole; Pothole,severe,rural,wet_road,daylight,none,irregular
IMG_01759,Surface depression,minor,urban,clear_dry,daylight,none,irregular
IMG_01760,Road patch failure,moderate,urban,clear_dry,daylight,none,irregular
IMG_01761,Surface depression,severe,rural,clear_dry,daylight,none,longitudinal
IMG_01762,Surface depression,moderate,rural,cloudy,daylight,none,irregular
IMG_01763,Road patch failure,moderate,rural,clear_dry,daylight,none,circular
IMG_01764,,severe,rural,clear_dry,daylight,none,irregular
IMG_01765,Surface depression,severe,rural,clear_dry,daylight,none,irregular
IMG_01766,Surface depression,severe,rural,clear_dry,daylight,none,irregular
IMG_01767,Pothole,moderate,rural,clear_dry,daylight,none,irregular
IMG_01768,Surface depression,severe,highway,clear_dry,daylight,none,longitudinal
IMG_01769,Pothole; Road patch failure,minor,urban,clear_dry,daylight,none,irregular
IMG_01770,Surface depression,moderate,urban,clear_dry,daylight,none,irregular
IMG_01771,Pothole,moderate,urban,clear_dry,daylight,none,irregular
IMG_01772,Surface depression,moderate,urban,clear_dry,daylight,none,irregular
IMG_01773,Surface depression,severe,urban,clear_dry,daylight,none,irregular
IMG_01774,Pothole; Surface depression,severe,urban,wet_road,daylight,none,irregular
IMG_01775,,severe,rural,wet_road,daylight,partial,irregular
IMG_01776,Pothole,moderate,urban,cloudy,daylight,none,irregular
IMG_01777,Pothole,moderate,urban,clear_dry,daylight,none,irregular
IMG_01778,Pothole,moderate,urban,clear_dry,daylight,none,irregular
IMG_01779,Pothole; Surface depression,severe,urban,cloudy,daylight,none,irregular
IMG_01780,Pothole; Surface depression,severe,urban,clear_dry,daylight,none,irregular
IMG_01781,Surface depression,severe,rural,clear_dry,daylight,none,irregular
IMG_01782,Surface depression,severe,residential,wet_road,night,none,irregular
IMG_01783,Surface depression,severe,urban,wet_road,low_light,none,irregular
IMG_01784,Pothole; Surface depression,severe,urban,clear_dry,daylight,none,irregular
IMG_01785,Pothole,moderate,highway,clear_dry,daylight,none,irregular
IMG_01786,Pothole,severe,residential,clear_dry,shadow,none,circular
IMG_01787,Pothole,moderate,residential,clear_dry,shadow,none,irregular
IMG_01788,Surface depression,severe,rural,clear_dry,daylight,none,irregular
IMG_01789,Surface depression,severe,rural,clear_dry,daylight,none,irregular
IMG_01790,Pothole,severe,rural,clear_dry,daylight,none,irregular
IMG_01791,Manhole; Surface depression,moderate,rural,clear_dry,daylight,none,irregular
IMG_01792,Surface depression,severe,rural,clear_dry,daylight,none,irregular
IMG_01793,Surface depression,severe,rural,clear_dry,daylight,none,irregular
IMG_01794,Surface depression,moderate,rural,clear_dry,daylight,none,irregular
IMG_01795,Pothole,severe,rural,clear_dry,daylight,none,irregular
IMG_01796,Surface depression,severe,rural,clear_dry,daylight,none,irregular
IMG_01797,Manhole; Surface depression,moderate,rural,clear_dry,daylight,none,irregular
IMG_01798,Surface depression,severe,rural,clear_dry,daylight,none,irregular
IMG_01799,Surface depression; Manhole; Road patch failure,severe,rural,clear_dry,daylight,none,irregular
IMG_01800,Surface depression,moderate,rural,clear_dry,daylight,none,circular
IMG_01801,Surface depression,moderate,rural,clear_dry,daylight,none,irregular
IMG_01802,Surface depression,severe,rural,clear_dry,daylight,none,irregular
IMG_01803,Surface depression,severe,rural,clear_dry,daylight,none,irregular
IMG_01804,,severe,rural,clear_dry,daylight,none,irregular
IMG_01805,Surface depression,severe,rural,clear_dry,daylight,none,longitudinal
IMG_01806,Surface depression,minor,urban,clear_dry,daylight,none,irregular
IMG_01807,,minor,urban,clear_dry,daylight,none,longitudinal
IMG_01808,Surface depression,severe,rural,clear_dry,daylight,none,longitudinal
IMG_01809,Surface depression; Manhole,minor,urban,clear_dry,daylight,none,irregular
IMG_01810,Surface depression,severe,rural,clear_dry,daylight,none,irregular
IMG_01811,Surface depression,moderate,rural,clear_dry,daylight,none,irregular
IMG_01812,Surface depression,severe,rural,clear_dry,daylight,none,irregular
IMG_01813,Surface depression,severe,rural,clear_dry,daylight,none,irregular
IMG_01814,Surface depression,severe,rural,clear_dry,daylight,none,irregular
IMG_01815,Surface depression; Manhole; Pothole,severe,urban,clear_dry,daylight,none,irregular
IMG_01816,,severe,rural,clear_dry,daylight,none,irregular
IMG_01817,Surface depression,severe,rural,clear_dry,daylight,none,irregular
IMG_01818,Surface depression,minor,rural,clear_dry,daylight,none,longitudinal
IMG_01819,Surface depression,severe,rural,clear_dry,daylight,none,irregular
IMG_01820,Surface depression,severe,rural,wet_road,daylight,none,irregular
IMG_01821,,moderate,rural,clear_dry,daylight,none,longitudinal
IMG_01822,Surface depression,severe,rural,clear_dry,daylight,none,irregular
IMG_01823,Crack,severe,rural,clear_dry,daylight,none,irregular
IMG_01824,Surface depression; Manhole,severe,urban,wet_road,daylight,none,irregular
IMG_01825,Surface depression; Pothole,severe,rural,clear_dry,daylight,none,irregular
IMG_01826,Surface depression,minor,urban,clear_dry,daylight,none,irregular
IMG_01827,Manhole; Surface depression,severe,rural,clear_dry,daylight,none,irregular
IMG_01828,Surface depression,minor,urban,clear_dry,daylight,none,longitudinal
IMG_01829,Surface depression,severe,rural,wet_road,daylight,none,irregular
IMG_01830,Pothole,minor,urban,clear_dry,daylight,none,irregular
IMG_01831,Surface depression,minor,rural,clear_dry,daylight,none,irregular
IMG_01832,Surface depression,minor,rural,clear_dry,daylight,none,irregular
IMG_01833,Surface depression,severe,rural,clear_dry,daylight,none,irregular
IMG_01834,Surface depression,severe,rural,clear_dry,daylight,none,irregular
IMG_01835,Surface depression,severe,rural,clear_dry,daylight,none,irregular
IMG_01836,Surface depression,severe,rural,clear_dry,daylight,none,irregular
IMG_01837,Surface depression,severe,rural,clear_dry,daylight,none,irregular
IMG_01838,Surface depression,severe,rural,wet_road,daylight,none,irregular
IMG_01839,Pothole; Surface depression,severe,residential,clear_dry,daylight,none,irregular
IMG_01840,Pothole,severe,urban,wet_road,daylight,none,irregular
IMG_01841,Surface depression,severe,rural,clear_dry,daylight,none,irregular
IMG_01842,Surface depression,severe,rural,wet_road,daylight,none,irregular
IMG_01843,Surface depression,severe,urban,clear_dry,daylight,none,irregular
IMG_01844,Surface depression,minor,urban,clear_dry,daylight,none,circular
IMG_01845,Surface depression,severe,urban,clear_dry,daylight,none,irregular
IMG_01846,,moderate,residential,wet_road,daylight,none,irregular
IMG_01847,Surface depression,moderate,urban,clear_dry,daylight,none,irregular
IMG_01848,Pothole,severe,urban,clear_dry,daylight,none,irregular
IMG_01849,Pothole,severe,rural,clear_dry,daylight,none,irregular
IMG_01850,Surface depression,severe,rural,wet_road,daylight,none,irregular
IMG_01851,Surface depression,moderate,urban,wet_road,daylight,none,irregular
IMG_01852,Pothole; Surface depression,severe,urban,wet_road,daylight,none,irregular
IMG_01853,Pothole; Manhole; Surface depression,moderate,urban,clear_dry,daylight,none,irregular
IMG_01854,Surface depression; Manhole,moderate,urban,clear_dry,daylight,none,irregular
IMG_01855,Manhole,minor,urban,wet_road,daylight,none,longitudinal
IMG_01856,,moderate,urban,cloudy,daylight,none,irregular
IMG_01857,Pothole; Surface depression,severe,urban,wet_road,daylight,none,irregular
IMG_01858,Pothole,severe,urban,wet_road,daylight,none,irregular
IMG_01859,Pothole; Surface depression,severe,urban,wet_road,daylight,none,irregular
IMG_01860,Surface depression,severe,rural,clear_dry,daylight,none,irregular
IMG_01861,Manhole,moderate,urban,wet_road,low_light,none,circular
IMG_01862,Surface depression,moderate,urban,clear_dry,night,none,irregular
IMG_01863,Surface depression,moderate,urban,clear_dry,daylight,none,irregular
IMG_01864,Surface depression,severe,urban,clear_dry,daylight,partial,irregular
IMG_01865,Surface depression,minor,urban,clear_dry,daylight,none,longitudinal
IMG_01866,Surface depression,minor,urban,clear_dry,daylight,none,irregular
IMG_01867,Manhole; Pothole,severe,rural,wet_road,daylight,none,irregular
IMG_01868,Surface depression; Manhole,moderate,urban,wet_road,daylight,none,irregular
IMG_01869,Surface depression; Pothole,severe,urban,clear_dry,daylight,none,irregular
IMG_01870,Surface depression,severe,urban,clear_dry,daylight,none,irregular
IMG_01871,Pothole; Surface depression,severe,urban,wet_road,daylight,none,irregular
IMG_01872,Pothole; Surface depression,severe,urban,clear_dry,daylight,none,irregular
IMG_01873,Pothole; Manhole; Surface depression,severe,urban,wet_road,daylight,none,irregular
IMG_01874,Surface depression,severe,urban,cloudy,daylight,none,irregular
IMG_01875,Manhole; Surface depression,severe,urban,wet_road,daylight,none,irregular
IMG_01876,Pothole; Surface depression; Manhole,severe,urban,wet_road,daylight,none,irregular
IMG_01877,Surface depression,severe,urban,clear_dry,daylight,none,irregular
IMG_01878,Pothole,minor,urban,clear_dry,daylight,none,longitudinal
IMG_01879,Pothole,moderate,urban,clear_dry,daylight,none,irregular
IMG_01880,Crack,minor,urban,clear_dry,daylight,none,longitudinal
IMG_01881,Surface depression,moderate,rural,cloudy,daylight,none,irregular
IMG_01882,Surface depression,moderate,urban,clear_dry,daylight,none,longitudinal
IMG_01883,Pothole,severe,residential,wet_road,daylight,none,irregular
IMG_01884,Manhole,minor,urban,clear_dry,daylight,none,circular
IMG_01885,Pothole,moderate,rural,wet_road,daylight,none,circular
IMG_01886,Manhole; Pothole; Surface depression,severe,urban,wet_road,daylight,none,irregular
IMG_01887,Pothole,severe,rural,wet_road,daylight,none,irregular
IMG_01888,Surface depression,severe,rural,clear_dry,daylight,none,irregular
IMG_01889,Surface depression,minor,urban,clear_dry,daylight,none,irregular
IMG_01890,Surface depression,moderate,urban,clear_dry,daylight,none,irregular
IMG_01891,Surface depression,severe,rural,clear_dry,daylight,none,longitudinal
IMG_01892,Surface depression,moderate,rural,clear_dry,daylight,none,circular
IMG_01893,,severe,rural,cloudy,daylight,none,irregular
IMG_01894,Surface depression,severe,rural,clear_dry,daylight,none,irregular
IMG_01895,Surface depression,severe,urban,clear_dry,daylight,none,longitudinal
IMG_01896,Pothole,minor,urban,clear_dry,daylight,none,irregular
IMG_01897,Surface depression,moderate,urban,clear_dry,daylight,none,irregular
IMG_01898,Surface depression,moderate,urban,clear_dry,daylight,none,irregular
IMG_01899,Pothole,moderate,urban,cloudy,daylight,none,irregular
IMG_01900,,severe,rural,wet_road,daylight,partial,irregular
IMG_01901,Pothole,moderate,urban,clear_dry,daylight,none,irregular
IMG_01902,Surface depression,moderate,highway,clear_dry,daylight,none,irregular
IMG_01903,Pothole,severe,urban,wet_road,daylight,none,irregular
IMG_01904,Surface depression,severe,urban,clear_dry,daylight,none,irregular
IMG_01905,Surface depression,moderate,urban,cloudy,daylight,none,irregular
IMG_01906,Pothole,moderate,urban,clear_dry,daylight,none,irregular
IMG_01907,Pothole,moderate,urban,clear_dry,daylight,none,irregular
IMG_01908,Road patch failure,minor,urban,clear_dry,daylight,none,irregular
IMG_01909,Road patch failure,minor,urban,clear_dry,daylight,none,circular
IMG_01910,Surface depression,moderate,urban,clear_dry,daylight,none,irregular
IMG_01911,Manhole,moderate,urban,clear_dry,daylight,none,irregular
IMG_01912,Surface depression,severe,rural,clear_dry,daylight,none,irregular
IMG_01913,Surface depression,severe,urban,clear_dry,shadow,none,irregular
IMG_01914,Miscellaneous abnormality,severe,rural,wet_road,daylight,none,irregular
IMG_01915,Pothole,moderate,rural,wet_road,daylight,none,irregular
IMG_01916,Pothole; Surface depression,severe,urban,wet_road,daylight,none,irregular
IMG_01917,Surface depression,severe,urban,clear_dry,daylight,none,irregular
IMG_01918,Road patch failure,moderate,residential,wet_road,daylight,none,irregular
IMG_01919,Pothole,moderate,residential,clear_dry,daylight,none,irregular
IMG_01920,Surface depression,severe,urban,clear_dry,daylight,none,irregular
IMG_01921,Pothole,severe,urban,cloudy,daylight,none,irregular
IMG_01922,Surface depression,severe,rural,wet_road,daylight,none,irregular
IMG_01923,Pothole,moderate,residential,clear_dry,daylight,none,circular
IMG_01924,Pothole; Surface depression,moderate,urban,clear_dry,daylight,none,irregular
IMG_01925,Manhole,severe,urban,clear_dry,daylight,none,irregular
IMG_01926,Pothole; Road patch failure,severe,urban,wet_road,low_light,none,circular
IMG_01927,Surface depression,severe,rural,clear_dry,low_light,none,irregular
IMG_01928,Surface depression,severe,residential,clear_dry,daylight,none,irregular
IMG_01929,Manhole; Surface depression,moderate,residential,clear_dry,daylight,none,irregular
IMG_01930,Manhole,moderate,urban,clear_dry,daylight,none,circular
IMG_01931,Manhole,moderate,urban,clear_dry,low_light,none,circular
IMG_01932,Surface depression,severe,urban,wet_road,night,none,irregular
IMG_01933,Manhole,moderate,urban,clear_dry,daylight,none,circular
IMG_01934,Manhole,moderate,urban,clear_dry,daylight,none,circular
IMG_01935,Surface depression; Pothole,severe,urban,wet_road,daylight,partial,irregular
IMG_01936,Pothole,moderate,urban,wet_road,daylight,none,irregular
IMG_01937,Pothole; Manhole,severe,urban,clear_dry,daylight,none,irregular
IMG_01938,Pothole; Manhole,moderate,residential,clear_dry,daylight,none,irregular
IMG_01939,Surface depression,moderate,residential,clear_dry,daylight,none,irregular
IMG_01940,Pothole,moderate,urban,clear_dry,daylight,none,irregular
IMG_01941,Manhole,minor,residential,clear_dry,daylight,none,circular
IMG_01942,Surface depression,severe,urban,clear_dry,daylight,none,longitudinal
IMG_01943,Surface depression,moderate,rural,clear_dry,daylight,none,irregular
IMG_01944,Pothole,severe,urban,clear_dry,shadow,none,irregular
IMG_01945,Surface depression; Road patch failure,severe,urban,clear_dry,daylight,none,irregular
IMG_01946,Pothole,moderate,urban,clear_dry,daylight,none,circular
IMG_01947,Pothole,moderate,residential,wet_road,daylight,none,irregular
IMG_01948,Pothole; Surface depression,severe,urban,wet_road,night,none,irregular
IMG_01949,Pothole; Surface depression,severe,urban,wet_road,night,none,irregular
IMG_01950,Pothole,moderate,urban,cloudy,daylight,none,irregular
IMG_01951,Surface depression; Pothole,severe,urban,clear_dry,daylight,none,irregular
IMG_01952,Manhole; Pothole,moderate,urban,clear_dry,daylight,none,irregular
IMG_01953,Pothole,severe,urban,wet_road,daylight,none,clustered
IMG_01954,Pothole,moderate,urban,wet_road,daylight,none,irregular
IMG_01955,Road patch failure; Crack,moderate,urban,clear_dry,daylight,none,irregular
IMG_01956,Pothole,moderate,urban,clear_dry,daylight,none,irregular
IMG_01957,Surface depression,severe,rural,clear_dry,daylight,none,irregular
IMG_01958,Manhole; Crack,moderate,urban,clear_dry,daylight,none,irregular
IMG_01959,Manhole,moderate,urban,wet_road,daylight,none,irregular
IMG_01960,Manhole; Surface depression,severe,urban,cloudy,daylight,none,irregular
IMG_01961,Surface depression,severe,urban,clear_dry,daylight,none,irregular
IMG_01962,Pothole; Surface depression,severe,urban,wet_road,daylight,none,irregular
IMG_01963,Pothole,moderate,urban,wet_road,daylight,none,irregular
IMG_01964,Pothole; Surface depression,severe,urban,wet_road,daylight,none,irregular
IMG_01965,Pothole,severe,rural,wet_road,daylight,none,irregular
IMG_01966,Road patch failure; Surface depression,moderate,urban,clear_dry,daylight,none,irregular
IMG_01967,Surface depression,moderate,urban,clear_dry,daylight,none,irregular
IMG_01968,Surface depression,severe,rural,wet_road,daylight,none,irregular
IMG_01969,Surface depression,moderate,urban,clear_dry,daylight,none,irregular
IMG_01970,Surface depression,severe,urban,cloudy,daylight,none,irregular
IMG_01971,Surface depression,moderate,urban,clear_dry,daylight,none,irregular
IMG_01972,Road patch failure; Surface depression,moderate,urban,clear_dry,daylight,none,irregular
IMG_01973,Road patch failure,minor,urban,cloudy,daylight,none,irregular
IMG_01974,Pothole,moderate,urban,clear_dry,daylight,none,irregular
IMG_01975,,minor,urban,clear_dry,daylight,none,longitudinal
IMG_01976,,severe,urban,cloudy,daylight,none,longitudinal
IMG_01977,Surface depression,severe,urban,wet_road,daylight,none,irregular
IMG_01978,Manhole,moderate,urban,clear_dry,daylight,none,irregular
IMG_01979,Pothole,moderate,urban,wet_road,daylight,none,irregular
IMG_01980,Surface depression; Pothole,moderate,urban,clear_dry,daylight,none,circular
IMG_01981,Pothole,moderate,urban,clear_dry,daylight,none,irregular
IMG_01982,Pothole,moderate,urban,clear_dry,daylight,none,irregular
IMG_01983,Pothole,severe,urban,clear_dry,daylight,none,circular
IMG_01984,Pothole,moderate,urban,wet_road,daylight,none,irregular
IMG_01985,Surface depression,severe,urban,wet_road,daylight,none,irregular
IMG_01986,Pothole; Manhole,severe,urban,clear_dry,daylight,none,irregular
IMG_01987,Pothole,severe,urban,wet_road,daylight,none,irregular
IMG_01988,Pothole; Manhole,severe,urban,wet_road,daylight,none,irregular
IMG_01989,Pothole; Manhole; Surface depression,moderate,urban,clear_dry,daylight,none,irregular
IMG_01990,Pothole; Road patch failure,moderate,urban,clear_dry,daylight,none,irregular
IMG_01991,Pothole; Surface depression,severe,urban,cloudy,daylight,partial,irregular
IMG_01992,Pothole; Manhole,severe,urban,clear_dry,daylight,none,irregular
IMG_01993,Surface depression,severe,rural,wet_road,daylight,none,irregular
IMG_01994,Surface depression,severe,urban,clear_dry,daylight,none,irregular
IMG_01995,Pothole,moderate,rural,clear_dry,daylight,none,irregular
IMG_01996,Surface depression,moderate,urban,clear_dry,daylight,none,irregular
IMG_01997,Pothole,moderate,urban,clear_dry,daylight,none,circular
IMG_01998,Pothole,severe,urban,clear_dry,low_light,none,circular
IMG_01999,Surface depression,severe,urban,wet_road,daylight,none,irregular
IMG_02000,Road patch failure; Surface depression,severe,highway,clear_dry,daylight,none,irregular
IMG_02001,Surface depression,moderate,urban,clear_dry,daylight,partial,irregular
IMG_02002,Surface depression,moderate,urban,clear_dry,daylight,none,irregular
IMG_02003,Surface depression; Road patch failure,moderate,urban,clear_dry,daylight,none,irregular
IMG_02004,,moderate,urban,clear_dry,daylight,none,irregular
IMG_02005,Pothole,moderate,urban,clear_dry,daylight,none,circular
IMG_02006,Surface depression,minor,highway,clear_dry,daylight,none,circular
IMG_02007,Surface depression,moderate,highway,clear_dry,daylight,none,irregular
IMG_02008,Manhole,minor,urban,clear_dry,daylight,none,circular
IMG_02009,Surface depression,moderate,urban,clear_dry,daylight,none,longitudinal
IMG_02010,Manhole; Surface depression,moderate,urban,clear_dry,daylight,none,circular
IMG_02011,Pothole; Manhole,moderate,urban,clear_dry,daylight,none,irregular
IMG_02012,Surface depression,moderate,urban,wet_road,daylight,none,irregular
IMG_02013,Surface depression,moderate,urban,clear_dry,daylight,none,longitudinal
IMG_02014,Surface depression; Manhole,moderate,urban,cloudy,daylight,none,irregular
IMG_02015,Surface depression,moderate,urban,clear_dry,daylight,none,longitudinal
IMG_02016,Surface depression,moderate,urban,clear_dry,daylight,none,irregular
IMG_02017,Surface depression; Manhole,severe,urban,cloudy,daylight,none,irregular
IMG_02018,Surface depression,severe,rural,clear_dry,daylight,none,irregular
IMG_02019,Surface depression; Road patch failure,moderate,highway,clear_dry,daylight,none,irregular
IMG_02020,Pothole; Surface depression,severe,urban,wet_road,daylight,none,irregular
IMG_02021,Surface depression,severe,rural,wet_road,daylight,none,irregular
IMG_02022,Pothole; Surface depression,severe,urban,wet_road,daylight,none,irregular
IMG_02023,Surface depression,moderate,urban,clear_dry,daylight,none,irregular
IMG_02024,Surface depression,moderate,urban,clear_dry,daylight,partial,circular
IMG_02025,Surface depression,moderate,urban,clear_dry,daylight,none,irregular
IMG_02026,Road patch failure,moderate,urban,clear_dry,daylight,none,irregular
IMG_02027,Surface depression; Manhole,severe,urban,clear_dry,daylight,none,irregular
IMG_02028,Pothole,moderate,urban,clear_dry,daylight,none,clustered
IMG_02029,Pothole; Manhole,moderate,urban,cloudy,daylight,none,circular
IMG_02030,Manhole; Pothole,moderate,urban,clear_dry,daylight,none,irregular
IMG_02031,Surface depression,moderate,urban,cloudy,daylight,none,irregular
IMG_02032,Surface depression,moderate,urban,clear_dry,daylight,none,irregular
IMG_02033,Surface depression,severe,rural,clear_dry,daylight,none,irregular
IMG_02034,Surface depression,severe,rural,clear_dry,daylight,none,irregular
IMG_02035,,minor,urban,clear_dry,daylight,none,longitudinal
IMG_02036,Surface depression,moderate,urban,clear_dry,daylight,none,circular
IMG_02037,,moderate,urban,clear_dry,daylight,partial,irregular
IMG_02038,Pothole,moderate,urban,clear_dry,daylight,none,irregular
IMG_02039,Road patch failure,minor,urban,clear_dry,daylight,none,irregular
IMG_02040,Surface depression,severe,urban,clear_dry,daylight,none,irregular
IMG_02041,Surface depression,severe,urban,cloudy,daylight,none,irregular
IMG_02042,Surface depression,moderate,urban,clear_dry,daylight,none,longitudinal
IMG_02043,Surface depression,minor,urban,clear_dry,daylight,none,irregular
IMG_02044,Pothole; Manhole; Surface depression,moderate,urban,clear_dry,daylight,none,irregular
IMG_02045,Road patch failure,minor,urban,clear_dry,daylight,none,circular
IMG_02046,Manhole,moderate,urban,wet_road,daylight,none,irregular
IMG_02047,Surface depression,moderate,urban,wet_road,daylight,none,circular
IMG_02048,Pothole; Manhole,moderate,urban,clear_dry,daylight,none,irregular
IMG_02049,Manhole; Surface depression,severe,urban,clear_dry,daylight,none,irregular
IMG_02050,Surface depression,severe,rural,wet_road,daylight,none,irregular
IMG_02051,Manhole; Surface depression,moderate,urban,cloudy,daylight,none,irregular
IMG_02052,Manhole,minor,urban,clear_dry,daylight,none,irregular
IMG_02053,Pothole; Surface depression; Manhole,moderate,urban,clear_dry,daylight,none,irregular
IMG_02054,Pothole; Manhole,moderate,urban,clear_dry,daylight,none,irregular
IMG_02055,Surface depression,moderate,urban,clear_dry,daylight,none,irregular
IMG_02056,Manhole; Surface depression,severe,urban,clear_dry,daylight,none,irregular
IMG_02057,Surface depression,moderate,urban,clear_dry,daylight,none,irregular
IMG_02058,Surface depression,minor,urban,clear_dry,daylight,none,irregular
IMG_02059,Surface depression,severe,urban,clear_dry,daylight,none,longitudinal
IMG_02060,,minor,urban,clear_dry,daylight,none,irregular
IMG_02061,Surface depression,moderate,urban,clear_dry,daylight,none,irregular
IMG_02062,Surface depression,moderate,urban,clear_dry,daylight,none,irregular
IMG_02063,Surface depression,severe,residential,clear_dry,daylight,none,irregular
IMG_02064,Manhole; Surface depression,severe,urban,clear_dry,daylight,none,irregular
IMG_02065,Pothole; Road patch failure,moderate,urban,clear_dry,daylight,none,irregular
IMG_02066,Manhole; Surface depression,severe,urban,clear_dry,daylight,none,irregular
IMG_02067,Surface depression,moderate,urban,clear_dry,daylight,none,longitudinal
IMG_02068,Surface depression,moderate,urban,clear_dry,daylight,none,irregular
IMG_02069,Pothole,moderate,urban,clear_dry,daylight,none,irregular
IMG_02070,Surface depression,moderate,urban,clear_dry,daylight,none,irregular
IMG_02071,Surface depression,severe,urban,clear_dry,daylight,none,irregular
IMG_02072,Manhole; Surface depression,moderate,urban,cloudy,daylight,none,irregular
IMG_02073,Surface depression,minor,rural,clear_dry,daylight,none,longitudinal
IMG_02074,Surface depression,moderate,urban,clear_dry,daylight,none,irregular
