image_id,collection_state,district,latitude_grid,longitude_grid,pavement_type,traffic_density,collection_season,nearby_feature,slope_type,road_width_category,intersection_proximity
IMG_00001,Tamil Nadu,Chennai,13.000139,80.2205,asphalt,low,summer,none,flat,medium,mid_block
IMG_00002,Tamil Nadu,Chennai,12.988692,80.227024,asphalt,low,summer,none,flat,medium,mid_block
IMG_00003,Tamil Nadu,Chennai,13.003187,80.24195,asphalt,low,monsoon,none,mild_slope,medium,mid_block
IMG_00004,Tamil Nadu,Chennai,13.008078,80.222539,asphalt,low,monsoon,none,flat,medium,mid_block
IMG_00005,Tamil Nadu,Chennai,12.986921,80.23631,asphalt,low,summer,none,flat,medium,mid_block
IMG_00006,Tamil Nadu,Chennai,13.000467,80.237613,asphalt,low,post_monsoon,parking_area,flat,medium,mid_block
IMG_00007,Tamil Nadu,Chennai,12.986977,80.239072,asphalt,low,post_monsoon,parking_area,flat,medium,mid_block
IMG_00008,Tamil Nadu,Chennai,13.005365,80.242656,concrete,low,summer,construction_site,flat,medium,mid_block
IMG_00009,Tamil Nadu,Chennai,12.990741,80.224794,mixed,low,winter,none,flat,medium,mid_block
IMG_00010,Tamil Nadu,Chennai,13.006674,80.239548,mixed,low,summer,construction_site,flat,medium,near_intersection
IMG_00011,Tamil Nadu,Chennai,13.005407,80.243695,mixed,low,monsoon,residential_building,flat,medium,mid_block
IMG_00012,Tamil Nadu,Chennai,12.991944,80.237847,mixed,low,post_monsoon,residential_building,flat,medium,mid_block
IMG_00013,Delhi,North West,28.725473,76.990214,mixed,low,winter,drainage_channel,flat,medium,mid_block
IMG_00014,Delhi,North West,28.804048,76.966634,unpaved,low,winter,construction_site,flat,medium,mid_block
IMG_00015,Delhi,North West,28.718294,77.039035,mixed,low,winter,construction_site,flat,narrow,mid_block
IMG_00016,Delhi,North West,28.718523,77.053555,mixed,low,winter,construction_site,flat,narrow,mid_block
IMG_00017,Delhi,North West,28.733777,76.978494,unpaved,low,winter,parking_area,flat,wide,mid_block
IMG_00018,Delhi,North West,28.738651,77.047113,unpaved,low,winter,construction_site,flat,wide,mid_block
IMG_00019,Delhi,North West,28.780162,76.95952,unpaved,low,summer,construction_site,flat,wide,mid_block
IMG_00020,Delhi,North West,28.719473,77.001665,asphalt,low,winter,commercial_area,flat,medium,mid_block
IMG_00021,Delhi,North West,28.737588,76.987843,mixed,low,winter,residential_building,flat,narrow,mid_block
IMG_00022,Delhi,North West,28.712246,77.077755,mixed,low,winter,commercial_area,flat,narrow,mid_block
IMG_00023,Delhi,North West,28.711261,77.01725,asphalt,low,summer,residential_building,flat,medium,mid_block
IMG_00024,Delhi,North West,28.73062,76.99792,asphalt,low,summer,commercial_area,flat,narrow,mid_block
IMG_00025,Delhi,North West,28.724181,76.994266,concrete,low,winter,commercial_area,flat,narrow,mid_block
IMG_00026,Delhi,North West,28.761929,76.997054,unpaved,low,summer,residential_building,flat,medium,mid_block
IMG_00027,Delhi,North West,28.741308,76.989541,unpaved,low,winter,commercial_area,flat,medium,mid_block
IMG_00028,Delhi,North West,28.704417,77.060161,mixed,low,summer,commercial_area,flat,medium,mid_block
IMG_00029,Delhi,North West,28.724429,77.0625,mixed,low,summer,residential_building,flat,medium,mid_block
IMG_00030,Delhi,North West,28.70466,77.026821,mixed,medium,winter,commercial_area,flat,narrow,mid_block
IMG_00031,Delhi,North West,28.754191,76.982504,mixed,low,winter,residential_building,flat,narrow,mid_block
IMG_00032,Delhi,North West,28.728454,77.062152,unpaved,low,summer,residential_building,flat,medium,mid_block
IMG_00033,Delhi,North West,28.76799,76.978038,mixed,low,summer,commercial_area,flat,medium,mid_block
IMG_00034,Delhi,North West,28.692937,77.112358,mixed,low,summer,commercial_area,flat,medium,mid_block
IMG_00035,Delhi,North West,28.701362,77.035684,mixed,low,winter,commercial_area,flat,narrow,mid_block
IMG_00036,Delhi,North West,28.699269,77.083202,mixed,low,winter,commercial_area,flat,narrow,mid_block
IMG_00037,Delhi,North West,28.787962,76.973807,unpaved,low,summer,commercial_area,flat,medium,mid_block
IMG_00038,Delhi,North West,28.724203,77.102552,unpaved,low,summer,construction_site,flat,medium,mid_block
IMG_00039,Delhi,North West,28.74433,76.98824,unpaved,low,summer,residential_building,flat,medium,mid_block
IMG_00040,Delhi,North West,28.716067,77.005529,unpaved,low,summer,construction_site,flat,wide,near_intersection
IMG_00041,Delhi,North West,28.733501,77.053389,unpaved,low,winter,commercial_area,flat,wide,mid_block
IMG_00042,Delhi,North West,28.719755,76.989696,unpaved,low,winter,construction_site,flat,wide,mid_block
IMG_00043,Delhi,North West,28.699496,77.060794,unpaved,low,summer,market,flat,wide,mid_block
IMG_00044,Delhi,North West,28.799904,76.963852,unpaved,low,winter,drainage_channel,flat,medium,mid_block
IMG_00045,Delhi,North West,28.720759,77.067348,unpaved,low,winter,commercial_area,flat,medium,mid_block
IMG_00046,Delhi,North West,28.793266,76.984539,unpaved,low,winter,commercial_area,flat,medium,mid_block
IMG_00047,Delhi,North West,28.702798,77.026178,unpaved,low,winter,none,flat,wide,mid_block
IMG_00048,Delhi,North West,28.744386,77.032403,unpaved,low,winter,commercial_area,flat,wide,near_intersection
IMG_00049,Delhi,North West,28.741718,77.010302,unpaved,low,winter,commercial_area,flat,wide,at_intersection
IMG_00050,Delhi,North West,28.714674,77.029217,unpaved,low,winter,commercial_area,flat,medium,mid_block
IMG_00051,Delhi,North West,28.74417,76.999789,unpaved,low,winter,residential_building,flat,medium,mid_block
IMG_00052,Delhi,North West,28.760523,76.960345,unpaved,low,summer,construction_site,flat,medium,mid_block
IMG_00053,Delhi,North West,28.752288,76.988577,unpaved,low,summer,construction_site,flat,medium,mid_block
IMG_00054,Delhi,North West,28.724222,77.087263,unpaved,low,summer,construction_site,flat,medium,near_intersection
IMG_00055,Delhi,North West,28.710165,77.002932,mixed,low,summer,none,flat,medium,mid_block
IMG_00056,Delhi,North West,28.697735,77.052674,asphalt,low,summer,drainage_channel,flat,medium,mid_block
IMG_00057,Delhi,North West,28.716463,77.075517,asphalt,low,summer,residential_building,flat,wide,mid_block
IMG_00058,Delhi,North West,28.720846,77.020076,asphalt,low,winter,residential_building,flat,wide,near_intersection
IMG_00059,Delhi,North West,28.775975,77.003501,asphalt,low,winter,residential_building,flat,wide,mid_block
IMG_00060,Delhi,North West,28.730712,77.08169,asphalt,low,summer,residential_building,flat,wide,mid_block
IMG_00061,Delhi,North West,28.737504,76.978887,asphalt,low,winter,commercial_area,flat,medium,near_intersection
IMG_00062,Delhi,North West,28.704085,77.047318,mixed,low,summer,commercial_area,flat,wide,mid_block
IMG_00063,Delhi,North West,28.725132,77.056248,mixed,low,winter,commercial_area,flat,wide,mid_block
IMG_00064,Delhi,North West,28.781822,76.98682,mixed,low,winter,commercial_area,flat,wide,mid_block
IMG_00065,Delhi,North West,28.771207,76.997269,mixed,low,winter,commercial_area,flat,wide,mid_block
IMG_00066,Delhi,North West,28.798181,76.967562,unpaved,low,winter,commercial_area,flat,medium,mid_block
IMG_00067,Delhi,North West,28.744386,76.999466,mixed,low,winter,commercial_area,flat,wide,near_intersection
IMG_00068,Delhi,North West,28.771573,76.996918,asphalt,low,winter,commercial_area,flat,wide,mid_block
IMG_00069,Delhi,North West,28.700037,77.104399,mixed,low,winter,commercial_area,flat,wide,near_intersection
IMG_00070,Delhi,North West,28.710134,77.112493,asphalt,low,winter,commercial_area,flat,medium,mid_block
IMG_00071,Delhi,North West,28.790704,76.970295,asphalt,low,winter,construction_site,flat,medium,mid_block
IMG_00072,Delhi,North West,28.718777,77.092889,mixed,medium,winter,commercial_area,flat,medium,mid_block
IMG_00073,Delhi,North West,28.749062,77.0044,unpaved,low,winter,construction_site,flat,medium,near_intersection
IMG_00074,Delhi,North West,28.704259,77.026786,asphalt,medium,winter,parking_area,flat,medium,mid_block
IMG_00075,Delhi,North West,28.722888,77.074236,mixed,medium,winter,commercial_area,flat,medium,mid_block
IMG_00076,Delhi,North West,28.690672,77.111748,mixed,medium,winter,market,flat,medium,mid_block
IMG_00077,Delhi,North West,28.782095,77.003557,mixed,medium,summer,commercial_area,flat,medium,mid_block
IMG_00078,Delhi,North West,28.729835,77.022257,mixed,low,winter,commercial_area,flat,medium,mid_block
IMG_00079,Delhi,North West,28.74169,77.00275,unpaved,medium,winter,market,flat,narrow,mid_block
IMG_00080,Delhi,North West,28.706663,77.024343,mixed,high,winter,commercial_area,flat,narrow,mid_block
IMG_00081,Delhi,North West,28.728773,77.046403,unpaved,high,winter,commercial_area,flat,medium,mid_block
IMG_00082,Delhi,North West,28.746752,76.988569,asphalt,high,summer,commercial_area,flat,medium,mid_block
IMG_00083,Delhi,North West,28.791805,76.980954,asphalt,medium,summer,commercial_area,flat,medium,mid_block
IMG_00084,Delhi,North West,28.701253,77.040782,mixed,low,summer,parking_area,flat,medium,mid_block
IMG_00085,Delhi,North West,28.771042,77.00959,unpaved,low,summer,commercial_area,flat,medium,mid_block
IMG_00086,Delhi,North West,28.776116,76.990462,mixed,medium,winter,commercial_area,flat,wide,mid_block
IMG_00087,Delhi,North West,28.72163,77.033806,mixed,medium,winter,commercial_area,flat,wide,mid_block
IMG_00088,Delhi,North West,28.798644,76.964193,mixed,medium,summer,commercial_area,flat,wide,near_intersection
IMG_00089,Delhi,North West,28.715212,77.072085,mixed,low,winter,commercial_area,flat,medium,mid_block
IMG_00090,Delhi,North West,28.7534,76.993809,mixed,low,winter,commercial_area,flat,narrow,mid_block
IMG_00091,Delhi,North West,28.704027,77.025156,unpaved,low,summer,commercial_area,flat,medium,mid_block
IMG_00092,Delhi,North West,28.722184,77.098383,asphalt,medium,summer,commercial_area,flat,medium,mid_block
IMG_00093,Delhi,North West,28.750892,76.99644,unpaved,low,monsoon,commercial_area,flat,medium,mid_block
IMG_00094,Delhi,North West,28.721935,77.061929,mixed,low,post_monsoon,commercial_area,flat,medium,mid_block
IMG_00095,Delhi,North West,28.770253,76.999106,mixed,low,winter,commercial_area,flat,medium,mid_block
IMG_00096,Delhi,North West,28.725051,77.006912,asphalt,medium,winter,commercial_area,flat,medium,mid_block
IMG_00097,Delhi,North West,28.759228,76.975535,mixed,low,winter,market,flat,narrow,mid_block
IMG_00098,Delhi,North West,28.719901,77.071669,mixed,low,winter,residential_building,flat,medium,mid_block
IMG_00099,Delhi,North West,28.780397,76.962705,mixed,low,summer,none,flat,medium,mid_block
IMG_00100,Delhi,North West,28.743393,76.987381,mixed,low,winter,residential_building,flat,medium,near_intersection
IMG_00101,Delhi,North West,28.718536,76.989559,mixed,low,summer,residential_building,flat,medium,near_intersection
IMG_00102,Delhi,North West,28.733252,77.069106,mixed,low,winter,residential_building,flat,medium,near_intersection
IMG_00103,Delhi,North West,28.741934,76.98015,mixed,low,winter,residential_building,flat,medium,mid_block
IMG_00104,Delhi,North West,28.749964,76.973675,mixed,low,winter,residential_building,flat,medium,mid_block
IMG_00105,Delhi,North West,28.707734,77.031481,unpaved,low,winter,residential_building,flat,medium,mid_block
IMG_00106,Delhi,North West,28.717405,77.008147,unpaved,low,winter,none,flat,medium,mid_block
IMG_00107,Delhi,North West,28.706527,77.067431,unpaved,low,summer,none,flat,medium,mid_block
IMG_00108,Delhi,North West,28.76226,76.989306,mixed,low,winter,residential_building,flat,medium,mid_block
IMG_00109,Delhi,North West,28.71182,77.056666,asphalt,low,winter,construction_site,flat,medium,mid_block
IMG_00110,Delhi,North West,28.785681,76.971409,asphalt,low,winter,construction_site,flat,medium,mid_block
IMG_00111,Delhi,North West,28.730175,77.068796,unpaved,low,summer,school,flat,medium,mid_block
IMG_00112,Delhi,North West,28.781491,76.964741,unpaved,low,monsoon,residential_building,flat,medium,mid_block
IMG_00113,Delhi,North West,28.703431,77.085257,unpaved,low,monsoon,residential_building,flat,medium,mid_block
IMG_00114,Delhi,North West,28.744997,77.015713,unpaved,low,monsoon,none,flat,narrow,mid_block
IMG_00115,Delhi,North West,28.754875,77.010636,unpaved,low,winter,residential_building,flat,narrow,near_intersection
IMG_00116,Delhi,North West,28.703894,77.117841,unpaved,low,summer,none,flat,medium,mid_block
IMG_00117,Delhi,North West,28.724843,77.091438,asphalt,low,summer,none,flat,medium,mid_block
IMG_00118,Delhi,North West,28.724629,77.098967,mixed,low,winter,none,flat,medium,near_intersection
IMG_00119,Delhi,North West,28.796224,76.966587,mixed,low,winter,residential_building,flat,medium,near_intersection
IMG_00120,Delhi,North West,28.717464,77.089644,unpaved,low,winter,none,flat,medium,mid_block
IMG_00121,Delhi,North West,28.77973,76.999395,mixed,low,winter,none,flat,medium,mid_block
IMG_00122,Delhi,North West,28.691749,77.115639,unpaved,low,winter,residential_building,flat,medium,mid_block
IMG_00123,Delhi,North West,28.701357,77.076189,mixed,low,winter,residential_building,flat,medium,mid_block
IMG_00124,Delhi,North West,28.778534,77.004575,unpaved,low,winter,residential_building,flat,medium,mid_block
IMG_00125,Delhi,North West,28.779943,76.998469,unpaved,low,winter,residential_building,flat,medium,mid_block
IMG_00126,Delhi,North West,28.71403,76.989033,unpaved,low,winter,residential_building,flat,medium,mid_block
IMG_00127,Delhi,North West,28.715172,76.990954,unpaved,low,winter,residential_building,flat,narrow,near_intersection
IMG_00128,Delhi,North West,28.758462,76.999056,unpaved,low,summer,residential_building,flat,narrow,mid_block
IMG_00129,Delhi,North West,28.779251,76.973442,asphalt,low,winter,commercial_area,flat,medium,near_intersection
IMG_00130,Delhi,North West,28.699889,77.060507,unpaved,low,summer,residential_building,flat,wide,at_intersection
IMG_00131,Delhi,North West,28.762117,77.004165,unpaved,low,winter,residential_building,flat,medium,at_intersection
IMG_00132,Delhi,North West,28.791133,76.990643,unpaved,low,summer,residential_building,flat,wide,mid_block
IMG_00133,Delhi,North West,28.716912,76.988106,unpaved,low,summer,residential_building,flat,medium,near_intersection
IMG_00134,Delhi,North West,28.774541,76.978767,asphalt,low,winter,commercial_area,flat,medium,mid_block
IMG_00135,Delhi,North West,28.76606,77.001989,mixed,low,summer,commercial_area,flat,medium,mid_block
IMG_00136,Delhi,North West,28.719928,77.073919,mixed,low,winter,commercial_area,flat,medium,mid_block
IMG_00137,Delhi,North West,28.795702,76.963947,unpaved,low,summer,residential_building,flat,medium,mid_block
IMG_00138,Delhi,North West,28.711582,77.004819,asphalt,low,winter,drainage_channel,flat,medium,mid_block
IMG_00139,Delhi,North West,28.727202,76.973109,mixed,low,winter,residential_building,flat,medium,mid_block
IMG_00140,Delhi,North West,28.753326,76.96551,mixed,low,winter,residential_building,flat,medium,mid_block
IMG_00141,Delhi,North West,28.731494,76.994913,mixed,low,winter,none,flat,narrow,mid_block
IMG_00142,Delhi,North West,28.702085,77.118035,mixed,low,winter,residential_building,flat,narrow,mid_block
IMG_00143,Delhi,North West,28.776051,76.998226,asphalt,low,summer,residential_building,flat,medium,mid_block
IMG_00144,Delhi,North West,28.695579,77.082452,mixed,low,winter,residential_building,flat,medium,mid_block
IMG_00145,Delhi,North West,28.753063,76.967379,mixed,low,winter,residential_building,flat,medium,mid_block
IMG_00146,Delhi,North West,28.734759,77.009265,mixed,low,winter,residential_building,flat,medium,mid_block
IMG_00147,Delhi,North West,28.732447,77.071621,unpaved,low,winter,residential_building,flat,medium,mid_block
IMG_00148,Delhi,North West,28.748365,77.006013,asphalt,low,winter,construction_site,flat,medium,mid_block
IMG_00149,Delhi,North West,28.741916,77.040634,mixed,low,summer,construction_site,flat,medium,mid_block
IMG_00150,Delhi,North West,28.71434,77.014191,mixed,low,summer,construction_site,flat,medium,mid_block
IMG_00151,Delhi,North West,28.787217,76.986814,mixed,low,summer,residential_building,flat,medium,mid_block
IMG_00152,Delhi,North West,28.705917,77.119979,asphalt,low,winter,residential_building,flat,medium,mid_block
IMG_00153,Delhi,North West,28.767977,76.992998,asphalt,low,winter,residential_building,flat,medium,mid_block
IMG_00154,Delhi,North West,28.710621,77.046905,asphalt,low,winter,residential_building,flat,medium,mid_block
IMG_00155,Delhi,North West,28.760769,76.967719,mixed,low,summer,commercial_area,flat,medium,mid_block
IMG_00156,Delhi,North West,28.749208,76.971917,unpaved,low,summer,commercial_area,flat,medium,mid_block
IMG_00157,Delhi,North West,28.725269,77.096027,unpaved,low,summer,commercial_area,flat,narrow,mid_block
IMG_00158,Delhi,North West,28.725628,77.08829,mixed,low,summer,residential_building,flat,medium,near_intersection
IMG_00159,Delhi,North West,28.726467,77.003252,mixed,low,winter,residential_building,flat,medium,mid_block
IMG_00160,Delhi,North West,28.752797,76.977303,mixed,low,winter,commercial_area,flat,medium,mid_block
IMG_00161,Delhi,North West,28.759028,77.01131,unpaved,low,winter,residential_building,flat,medium,mid_block
IMG_00162,Delhi,North West,28.748431,77.00727,mixed,low,winter,residential_building,flat,medium,mid_block
IMG_00163,Delhi,North West,28.714476,77.072283,unpaved,low,summer,residential_building,flat,medium,mid_block
IMG_00164,Delhi,North West,28.763257,76.992005,mixed,low,winter,residential_building,flat,medium,mid_block
IMG_00165,Delhi,North West,28.789198,76.959144,mixed,low,winter,residential_building,flat,medium,mid_block
IMG_00166,Delhi,North West,28.773822,76.978301,unpaved,low,summer,residential_building,flat,medium,mid_block
IMG_00167,Delhi,North West,28.733562,77.071453,unpaved,low,summer,residential_building,flat,medium,mid_block
IMG_00168,Delhi,North West,28.738839,77.006384,unpaved,low,summer,residential_building,flat,medium,mid_block
IMG_00169,Delhi,North West,28.801527,76.957803,mixed,low,winter,commercial_area,flat,medium,near_intersection
IMG_00170,Delhi,North West,28.699168,77.060804,unpaved,low,winter,commercial_area,flat,medium,mid_block
IMG_00171,Delhi,North West,28.702991,77.061252,unpaved,low,summer,commercial_area,flat,narrow,mid_block
IMG_00172,Delhi,North West,28.696312,77.089352,unpaved,low,winter,residential_building,flat,narrow,near_intersection
IMG_00173,Delhi,North West,28.727808,77.016452,mixed,low,summer,commercial_area,flat,medium,mid_block
IMG_00174,Delhi,North West,28.708991,77.043501,asphalt,low,winter,commercial_area,flat,medium,mid_block
IMG_00175,Delhi,North West,28.708678,77.031386,mixed,low,winter,residential_building,flat,medium,mid_block
IMG_00176,Delhi,North West,28.722793,76.995771,mixed,low,summer,residential_building,flat,medium,near_intersection
IMG_00177,Delhi,North West,28.71057,77.028026,asphalt,low,winter,drainage_channel,flat,medium,mid_block
IMG_00178,Delhi,North West,28.734454,77.053261,asphalt,low,winter,residential_building,flat,narrow,mid_block
IMG_00179,Delhi,North West,28.722299,77.097858,unpaved,low,summer,residential_building,flat,medium,mid_block
IMG_00180,Delhi,North West,28.715821,77.018156,concrete,low,winter,residential_building,flat,medium,mid_block
IMG_00181,Delhi,North West,28.751978,76.992636,mixed,low,winter,residential_building,flat,medium,mid_block
IMG_00182,Delhi,North West,28.725403,77.049517,mixed,low,winter,residential_building,flat,medium,mid_block
IMG_00183,Delhi,North West,28.726895,77.089822,mixed,low,winter,commercial_area,flat,medium,mid_block
IMG_00184,Delhi,North West,28.772748,77.005047,unpaved,low,winter,residential_building,flat,medium,mid_block
IMG_00185,Delhi,North West,28.7837,76.967187,mixed,low,winter,residential_building,flat,medium,mid_block
IMG_00186,Delhi,North West,28.72803,77.080931,mixed,low,winter,construction_site,flat,wide,near_intersection
IMG_00187,Delhi,North West,28.733582,76.971519,unpaved,low,winter,parking_area,flat,wide,near_intersection
IMG_00188,Delhi,North West,28.693643,77.104595,mixed,low,winter,commercial_area,flat,wide,mid_block
IMG_00189,Delhi,North West,28.728931,77.02224,mixed,low,winter,residential_building,flat,wide,mid_block
IMG_00190,Delhi,North West,28.708253,77.115327,mixed,low,summer,school,flat,medium,near_intersection
IMG_00191,Delhi,North West,28.729208,77.036832,unpaved,medium,winter,commercial_area,flat,medium,near_intersection
IMG_00192,Delhi,North West,28.702831,77.105118,mixed,medium,winter,commercial_area,flat,wide,at_intersection
IMG_00193,Delhi,North West,28.707729,77.030087,mixed,medium,winter,commercial_area,flat,wide,at_intersection
IMG_00194,Delhi,North West,28.784961,76.978329,mixed,low,winter,commercial_area,flat,wide,near_intersection
IMG_00195,Delhi,North West,28.743279,76.968725,mixed,medium,winter,market,flat,wide,mid_block
IMG_00196,Delhi,North West,28.811603,76.957252,asphalt,low,winter,commercial_area,flat,medium,mid_block
IMG_00197,Delhi,North West,28.737632,77.028312,asphalt,medium,winter,commercial_area,flat,medium,mid_block
IMG_00198,Delhi,North West,28.703107,77.070238,asphalt,low,summer,residential_building,flat,medium,mid_block
IMG_00199,Delhi,North West,28.736123,77.020483,mixed,medium,winter,commercial_area,flat,medium,mid_block
IMG_00200,Delhi,North West,28.706489,77.049283,asphalt,low,summer,commercial_area,flat,medium,near_intersection
IMG_00201,Delhi,North West,28.699192,77.08399,mixed,low,summer,construction_site,flat,medium,near_intersection
IMG_00202,Delhi,North West,28.716832,76.988958,unpaved,low,summer,construction_site,flat,medium,mid_block
IMG_00203,Delhi,North West,28.709243,77.107414,unpaved,low,winter,construction_site,flat,medium,mid_block
IMG_00204,Delhi,North West,28.72237,76.981785,asphalt,medium,winter,commercial_area,flat,medium,mid_block
IMG_00205,Delhi,North West,28.72075,77.007615,asphalt,low,summer,construction_site,flat,narrow,mid_block
IMG_00206,Delhi,North West,28.704342,77.038773,asphalt,low,summer,construction_site,flat,medium,mid_block
IMG_00207,Delhi,North West,28.810825,76.959095,asphalt,low,summer,residential_building,flat,medium,mid_block
IMG_00208,Delhi,North West,28.806278,76.964307,unpaved,low,winter,construction_site,flat,wide,mid_block
IMG_00209,Delhi,North West,28.700743,77.056848,unpaved,low,post_monsoon,parking_area,flat,medium,mid_block
IMG_00210,Delhi,North West,28.767539,76.968752,unpaved,medium,winter,commercial_area,flat,wide,mid_block
IMG_00211,Delhi,North West,28.782233,76.988798,unpaved,medium,winter,commercial_area,flat,wide,mid_block
IMG_00212,Delhi,North West,28.747948,76.991128,unpaved,low,summer,residential_building,flat,wide,mid_block
IMG_00213,Delhi,North West,28.733609,77.030062,unpaved,low,summer,construction_site,flat,wide,mid_block
IMG_00214,Delhi,North West,28.74342,76.968044,unpaved,low,winter,none,flat,wide,mid_block
IMG_00215,Delhi,North West,28.738112,76.978003,unpaved,low,summer,residential_building,flat,wide,mid_block
IMG_00216,Delhi,North West,28.80797,76.963207,unpaved,low,winter,residential_building,flat,wide,mid_block
IMG_00217,Delhi,North West,28.796357,76.967723,asphalt,low,summer,none,flat,wide,mid_block
IMG_00218,Delhi,North West,28.702751,77.079429,asphalt,low,winter,residential_building,flat,wide,mid_block
IMG_00219,Delhi,North West,28.732427,76.972741,asphalt,low,summer,residential_building,flat,wide,mid_block
IMG_00220,Delhi,North West,28.7669,77.012438,mixed,low,summer,commercial_area,flat,wide,mid_block
IMG_00221,Delhi,North West,28.764036,76.988402,unpaved,low,winter,residential_building,flat,wide,mid_block
IMG_00222,Delhi,North West,28.774071,76.990393,unpaved,low,winter,commercial_area,flat,wide,mid_block
IMG_00223,Delhi,North West,28.704235,77.09787,unpaved,low,summer,commercial_area,flat,wide,mid_block
IMG_00224,Delhi,North West,28.724508,76.982809,unpaved,low,summer,parking_area,flat,very_wide,mid_block
IMG_00225,Delhi,North West,28.779923,77.005056,mixed,low,summer,none,flat,medium,mid_block
IMG_00226,Delhi,North West,28.741484,76.97614,asphalt,low,winter,none,flat,wide,mid_block
IMG_00227,Delhi,North West,28.78545,76.988817,unpaved,medium,summer,parking_area,flat,wide,near_intersection
IMG_00228,Delhi,North West,28.743909,77.010578,unpaved,low,summer,commercial_area,flat,wide,near_intersection
IMG_00229,Delhi,North West,28.710498,77.058499,unpaved,low,summer,parking_area,flat,wide,near_intersection
IMG_00230,Delhi,North West,28.776265,76.998674,unpaved,low,summer,construction_site,flat,wide,mid_block
IMG_00231,Delhi,North West,28.746737,76.998858,unpaved,low,winter,construction_site,flat,wide,mid_block
IMG_00232,Delhi,North West,28.786575,76.971285,unpaved,low,summer,construction_site,flat,wide,mid_block
IMG_00233,Delhi,North West,28.745193,77.000603,unpaved,low,winter,construction_site,flat,wide,mid_block
IMG_00234,Delhi,North West,28.775395,76.95945,asphalt,low,winter,construction_site,flat,medium,mid_block
IMG_00235,Delhi,North West,28.722989,77.008368,asphalt,low,summer,construction_site,flat,medium,mid_block
IMG_00236,Delhi,North West,28.712826,77.01738,asphalt,low,summer,construction_site,flat,medium,mid_block
IMG_00237,Delhi,North West,28.699634,77.100706,asphalt,low,winter,parking_area,flat,medium,mid_block
IMG_00238,Delhi,North West,28.740845,77.005279,asphalt,low,winter,construction_site,flat,medium,mid_block
IMG_00239,Delhi,North West,28.733683,77.009224,asphalt,low,winter,construction_site,flat,medium,mid_block
IMG_00240,Delhi,North West,28.711863,77.039922,asphalt,low,summer,construction_site,flat,medium,mid_block
IMG_00241,Delhi,North West,28.704975,77.039831,mixed,low,summer,construction_site,flat,medium,mid_block
IMG_00242,Delhi,North West,28.709102,76.985726,mixed,low,summer,construction_site,flat,medium,mid_block
IMG_00243,Delhi,North West,28.773915,76.982243,mixed,low,winter,school,flat,medium,at_intersection
IMG_00244,Delhi,North West,28.770313,76.977712,asphalt,low,winter,school,flat,medium,mid_block
IMG_00245,Delhi,North West,28.729011,76.999119,mixed,low,winter,parking_area,flat,wide,mid_block
IMG_00246,Delhi,North West,28.729978,77.029788,asphalt,low,winter,parking_area,flat,wide,mid_block
IMG_00247,Delhi,North West,28.6977,77.095504,mixed,low,summer,construction_site,flat,wide,mid_block
IMG_00248,Delhi,North West,28.700226,77.101137,mixed,low,winter,construction_site,flat,wide,mid_block
IMG_00249,Delhi,North West,28.731393,77.033891,mixed,low,summer,construction_site,flat,wide,mid_block
IMG_00250,Delhi,North West,28.703635,77.107171,unpaved,low,winter,commercial_area,flat,wide,near_intersection
IMG_00251,Delhi,North West,28.754695,76.98145,mixed,low,winter,residential_building,flat,medium,mid_block
IMG_00252,Delhi,North West,28.721999,77.027339,mixed,low,winter,construction_site,flat,medium,mid_block
IMG_00253,Delhi,North West,28.710668,77.016107,mixed,low,summer,construction_site,flat,wide,mid_block
IMG_00254,Delhi,North West,28.726474,77.022322,mixed,low,winter,commercial_area,flat,medium,near_intersection
IMG_00255,Delhi,North West,28.733537,77.055046,mixed,low,summer,construction_site,flat,wide,mid_block
IMG_00256,Delhi,North West,28.776827,77.000758,mixed,low,winter,construction_site,flat,medium,mid_block
IMG_00257,Delhi,North West,28.7329,77.052425,concrete,low,winter,construction_site,flat,wide,near_intersection
IMG_00258,Delhi,North West,28.708463,77.012122,asphalt,low,winter,commercial_area,flat,wide,near_intersection
IMG_00259,Delhi,North West,28.736524,77.014333,concrete,low,summer,residential_building,flat,medium,mid_block
IMG_00260,Delhi,North West,28.713408,76.988654,mixed,low,summer,residential_building,flat,medium,mid_block
IMG_00261,Delhi,North West,28.700282,77.097707,unpaved,low,winter,commercial_area,flat,wide,near_intersection
IMG_00262,Delhi,North West,28.703334,77.084979,mixed,medium,winter,commercial_area,flat,medium,near_intersection
IMG_00263,Delhi,North West,28.788022,76.974267,mixed,medium,winter,residential_building,flat,medium,near_intersection
IMG_00264,Delhi,North West,28.73842,76.979665,asphalt,low,winter,commercial_area,flat,medium,mid_block
IMG_00265,Delhi,North West,28.793463,76.980235,asphalt,low,winter,commercial_area,flat,medium,mid_block
IMG_00266,Delhi,North West,28.746181,77.022684,mixed,low,summer,commercial_area,flat,medium,mid_block
IMG_00267,Delhi,North West,28.77657,76.992692,asphalt,low,winter,traffic_signal,flat,medium,at_intersection
IMG_00268,Delhi,North West,28.747011,77.000894,asphalt,low,winter,market,flat,medium,mid_block
IMG_00269,Delhi,North West,28.758446,77.00514,mixed,low,winter,commercial_area,flat,medium,mid_block
IMG_00270,Delhi,North West,28.749237,77.000347,asphalt,medium,summer,commercial_area,flat,medium,mid_block
IMG_00271,Delhi,North West,28.739076,77.04286,asphalt,low,summer,commercial_area,flat,medium,mid_block
IMG_00272,Delhi,North West,28.792472,76.975539,asphalt,low,winter,commercial_area,flat,medium,mid_block
IMG_00273,Delhi,North West,28.722287,77.062537,asphalt,low,summer,commercial_area,flat,medium,mid_block
IMG_00274,Delhi,North West,28.703519,77.09796,asphalt,low,summer,residential_building,flat,medium,mid_block
IMG_00275,Delhi,North West,28.718726,77.029652,asphalt,medium,winter,construction_site,flat,wide,near_intersection
IMG_00276,Delhi,North West,28.707976,77.001231,mixed,medium,summer,construction_site,flat,wide,near_intersection
IMG_00277,Delhi,North West,28.708128,77.073673,asphalt,medium,summer,construction_site,flat,wide,near_intersection
IMG_00278,Delhi,North West,28.748656,76.970773,asphalt,medium,winter,market,flat,medium,near_intersection
IMG_00279,Delhi,North West,28.72126,76.976435,mixed,medium,winter,market,flat,wide,near_intersection
IMG_00280,Delhi,North West,28.721085,77.023672,mixed,medium,summer,market,flat,wide,near_intersection
IMG_00281,Delhi,North West,28.775043,76.966405,unpaved,low,winter,construction_site,flat,wide,near_intersection
IMG_00282,Delhi,North West,28.740169,77.032941,mixed,medium,winter,market,flat,wide,mid_block
IMG_00283,Delhi,North West,28.712749,77.08641,asphalt,low,summer,parking_area,flat,medium,near_intersection
IMG_00284,Delhi,North West,28.698491,77.085899,asphalt,medium,summer,commercial_area,flat,medium,mid_block
IMG_00285,Delhi,North West,28.748728,77.002367,concrete,low,summer,school,flat,medium,mid_block
IMG_00286,Delhi,North West,28.695792,77.113097,asphalt,low,winter,commercial_area,flat,medium,mid_block
IMG_00287,Delhi,North West,28.759595,76.995423,mixed,low,summer,commercial_area,flat,medium,mid_block
IMG_00288,Delhi,North West,28.786364,76.984659,concrete,low,summer,market,flat,medium,mid_block
IMG_00289,Delhi,North West,28.706305,77.015271,asphalt,low,winter,commercial_area,flat,medium,mid_block
IMG_00290,Delhi,North West,28.783028,76.965248,mixed,low,winter,commercial_area,flat,medium,mid_block
IMG_00291,Delhi,North West,28.759906,77.007172,unpaved,low,winter,construction_site,flat,wide,mid_block
IMG_00292,Delhi,North West,28.700651,77.065953,mixed,low,winter,construction_site,flat,wide,mid_block
IMG_00293,Delhi,North West,28.729479,77.055866,mixed,low,winter,construction_site,flat,wide,mid_block
IMG_00294,Delhi,North West,28.700011,77.061903,unpaved,low,summer,construction_site,flat,wide,mid_block
IMG_00295,Delhi,North West,28.708635,77.056722,mixed,low,winter,construction_site,flat,wide,mid_block
IMG_00296,Delhi,North West,28.789932,76.957612,unpaved,low,winter,residential_building,flat,wide,mid_block
IMG_00297,Delhi,North West,28.699017,77.086301,mixed,low,winter,construction_site,flat,wide,mid_block
IMG_00298,Delhi,North West,28.737097,77.017838,mixed,low,winter,construction_site,flat,wide,mid_block
IMG_00299,Delhi,North West,28.739727,77.04878,unpaved,low,winter,parking_area,flat,wide,mid_block
IMG_00300,Delhi,North West,28.723786,76.99663,mixed,low,summer,construction_site,flat,medium,mid_block
IMG_00301,Delhi,North West,28.752996,76.972812,unpaved,low,summer,parking_area,flat,medium,mid_block
IMG_00302,Delhi,North West,28.701634,77.069589,unpaved,low,winter,commercial_area,flat,very_wide,at_intersection
IMG_00303,Delhi,North West,28.708139,77.088353,unpaved,medium,winter,commercial_area,flat,wide,near_intersection
IMG_00304,Delhi,North West,28.795283,76.964352,unpaved,low,summer,commercial_area,flat,wide,mid_block
IMG_00305,Delhi,North West,28.731538,77.07433,asphalt,low,summer,commercial_area,flat,medium,near_intersection
IMG_00306,Delhi,North West,28.722364,77.061478,asphalt,low,winter,residential_building,flat,wide,mid_block
IMG_00307,Delhi,North West,28.760589,76.97325,asphalt,low,winter,commercial_area,flat,medium,mid_block
IMG_00308,Delhi,North West,28.729012,77.043901,asphalt,high,summer,parking_area,flat,medium,mid_block
IMG_00309,Delhi,North West,28.754444,76.980771,asphalt,high,summer,school,flat,narrow,mid_block
IMG_00310,Delhi,North West,28.777669,77.003057,mixed,low,summer,residential_building,flat,narrow,mid_block
IMG_00311,Delhi,North West,28.716433,77.056564,concrete,low,summer,residential_building,flat,narrow,mid_block
IMG_00312,Delhi,North West,28.730254,77.075893,concrete,low,winter,residential_building,flat,narrow,mid_block
IMG_00313,Delhi,North West,28.737633,77.048776,concrete,low,summer,residential_building,flat,narrow,mid_block
IMG_00314,Delhi,North West,28.731086,77.032307,unpaved,low,winter,construction_site,flat,wide,mid_block
IMG_00315,Delhi,North West,28.724511,76.99449,unpaved,low,summer,construction_site,flat,medium,mid_block
IMG_00316,Delhi,North West,28.722066,77.101319,unpaved,low,winter,bus_stop,flat,wide,mid_block
IMG_00317,Delhi,North West,28.71079,77.008249,unpaved,medium,winter,construction_site,flat,wide,mid_block
IMG_00318,Delhi,North West,28.764007,77.005702,unpaved,low,winter,construction_site,flat,medium,mid_block
IMG_00319,Delhi,North West,28.737047,77.020906,unpaved,low,summer,construction_site,flat,wide,mid_block
IMG_00320,Delhi,North West,28.763064,76.985273,unpaved,low,summer,construction_site,flat,wide,mid_block
IMG_00321,Delhi,North West,28.760892,76.964315,unpaved,low,winter,construction_site,flat,wide,mid_block
IMG_00322,Delhi,North West,28.777084,76.972149,unpaved,low,summer,construction_site,flat,wide,mid_block
IMG_00323,Delhi,North West,28.715801,77.039687,asphalt,low,winter,commercial_area,flat,medium,near_intersection
IMG_00324,Delhi,North West,28.707904,77.009219,asphalt,low,summer,commercial_area,flat,medium,near_intersection
IMG_00325,Delhi,North West,28.732213,77.057673,asphalt,low,winter,market,flat,wide,near_intersection
IMG_00326,Delhi,North West,28.728626,77.092744,asphalt,low,summer,market,flat,wide,at_intersection
IMG_00327,Delhi,North West,28.76475,76.981096,asphalt,medium,winter,market,flat,wide,near_intersection
IMG_00328,Delhi,North West,28.797553,76.977161,asphalt,medium,summer,market,flat,medium,mid_block
IMG_00329,Delhi,North West,28.777126,76.957054,asphalt,medium,winter,commercial_area,flat,medium,near_intersection
IMG_00330,Delhi,North West,28.709737,77.071072,asphalt,medium,winter,commercial_area,flat,wide,near_intersection
IMG_00331,Delhi,North West,28.784142,76.962368,unpaved,low,winter,construction_site,flat,medium,mid_block
IMG_00332,Delhi,North West,28.731842,77.066179,unpaved,low,winter,construction_site,flat,medium,mid_block
IMG_00333,Delhi,North West,28.75736,77.005881,unpaved,low,winter,construction_site,flat,medium,mid_block
IMG_00334,Delhi,North West,28.712506,77.10942,asphalt,low,summer,none,flat,medium,mid_block
IMG_00335,Delhi,North West,28.734041,77.012895,asphalt,low,summer,none,flat,medium,mid_block
IMG_00336,Delhi,North West,28.768131,76.984859,asphalt,low,summer,commercial_area,flat,medium,mid_block
IMG_00337,Delhi,North West,28.721843,77.04816,asphalt,low,summer,residential_building,flat,wide,mid_block
IMG_00338,Delhi,North West,28.728349,77.001599,asphalt,low,summer,none,flat,medium,mid_block
IMG_00339,Delhi,North West,28.716847,77.073579,asphalt,low,winter,commercial_area,flat,medium,near_intersection
IMG_00340,Delhi,North West,28.730822,77.011946,asphalt,low,summer,commercial_area,flat,medium,mid_block
IMG_00341,Delhi,North West,28.725273,76.972679,asphalt,medium,winter,commercial_area,flat,medium,mid_block
IMG_00342,Delhi,North West,28.727437,77.001361,asphalt,low,winter,market,flat,medium,near_intersection
IMG_00343,Delhi,North West,28.746779,76.995965,unpaved,low,winter,commercial_area,flat,wide,mid_block
IMG_00344,Delhi,North West,28.751452,76.986556,unpaved,low,summer,construction_site,flat,medium,mid_block
IMG_00345,Delhi,North West,28.779092,76.975344,mixed,low,summer,commercial_area,flat,medium,mid_block
IMG_00346,Delhi,North West,28.721326,77.067496,mixed,medium,winter,market,flat,medium,mid_block
IMG_00347,Delhi,North West,28.78179,76.968989,unpaved,medium,summer,construction_site,flat,medium,mid_block
IMG_00348,Delhi,North West,28.731347,77.063354,asphalt,medium,summer,commercial_area,flat,medium,mid_block
IMG_00349,Delhi,North West,28.806054,76.967071,mixed,low,winter,commercial_area,flat,medium,mid_block
IMG_00350,Delhi,North West,28.741002,77.03731,mixed,low,summer,none,flat,medium,mid_block
IMG_00351,Delhi,North West,28.704118,77.121683,asphalt,low,winter,commercial_area,flat,wide,mid_block
IMG_00352,Delhi,North West,28.750044,76.984954,unpaved,low,summer,none,flat,narrow,mid_block
IMG_00353,Delhi,North West,28.748885,76.996107,unpaved,low,winter,commercial_area,flat,wide,mid_block
IMG_00354,Delhi,North West,28.714163,77.079052,unpaved,low,summer,commercial_area,flat,wide,mid_block
IMG_00355,Delhi,North West,28.786873,76.981958,unpaved,low,summer,commercial_area,flat,wide,mid_block
IMG_00356,Delhi,North West,28.7015,77.067396,mixed,low,summer,parking_area,flat,medium,mid_block
IMG_00357,Delhi,North West,28.731657,76.994512,unpaved,low,winter,residential_building,flat,wide,near_intersection
IMG_00358,Delhi,North West,28.72366,76.992344,unpaved,low,summer,residential_building,flat,wide,mid_block
IMG_00359,Delhi,North West,28.7289,77.076675,mixed,medium,winter,market,flat,narrow,mid_block
IMG_00360,Delhi,North West,28.778659,76.962341,mixed,low,winter,commercial_area,flat,narrow,mid_block
IMG_00361,Delhi,North West,28.705509,77.004679,asphalt,medium,winter,commercial_area,flat,medium,mid_block
IMG_00362,Delhi,North West,28.742074,77.038545,unpaved,low,summer,residential_building,flat,medium,mid_block
IMG_00363,Delhi,North West,28.73005,76.971908,unpaved,low,summer,residential_building,flat,narrow,mid_block
IMG_00364,Delhi,North West,28.76871,76.989508,concrete,low,summer,residential_building,flat,narrow,mid_block
IMG_00365,Delhi,North West,28.775008,76.989384,mixed,low,winter,commercial_area,flat,wide,mid_block
IMG_00366,Delhi,North West,28.721964,77.082187,unpaved,low,winter,residential_building,flat,wide,near_intersection
IMG_00367,Delhi,North West,28.801623,76.965757,unpaved,low,winter,residential_building,flat,medium,mid_block
IMG_00368,Delhi,North West,28.700401,77.049212,unpaved,low,winter,residential_building,flat,medium,mid_block
IMG_00369,Delhi,North West,28.709536,77.008367,unpaved,low,winter,residential_building,flat,medium,mid_block
IMG_00370,Delhi,North West,28.756706,76.971705,asphalt,low,winter,residential_building,flat,medium,mid_block
IMG_00371,Delhi,North West,28.716608,77.052496,asphalt,low,summer,residential_building,flat,medium,mid_block
IMG_00372,Delhi,North West,28.702036,77.039904,asphalt,low,summer,school,flat,wide,near_intersection
IMG_00373,Delhi,North West,28.698575,77.123609,asphalt,medium,winter,commercial_area,flat,medium,mid_block
IMG_00374,Delhi,North West,28.809446,76.963534,mixed,low,winter,commercial_area,mild_slope,medium,mid_block
IMG_00375,Delhi,North West,28.809343,76.957082,asphalt,medium,winter,commercial_area,flat,medium,mid_block
IMG_00376,Delhi,North West,28.71318,77.044556,asphalt,low,winter,commercial_area,flat,medium,mid_block
IMG_00377,Delhi,North West,28.72197,77.011489,asphalt,low,summer,commercial_area,flat,medium,mid_block
IMG_00378,Delhi,North West,28.782766,76.971117,asphalt,low,summer,commercial_area,flat,medium,mid_block
IMG_00379,Delhi,North West,28.696654,77.079731,asphalt,medium,winter,market,flat,medium,mid_block
IMG_00380,Delhi,North West,28.741673,76.99214,mixed,medium,summer,school,flat,narrow,mid_block
IMG_00381,Delhi,North West,28.718119,77.101047,mixed,low,summer,commercial_area,flat,narrow,mid_block
IMG_00382,Delhi,North West,28.727285,77.092751,mixed,low,summer,commercial_area,flat,narrow,mid_block
IMG_00383,Delhi,North West,28.731283,77.003807,mixed,low,summer,market,flat,medium,mid_block
IMG_00384,Delhi,North West,28.708697,77.065831,asphalt,medium,summer,market,flat,medium,mid_block
IMG_00385,Delhi,North West,28.7186,77.003588,mixed,low,winter,commercial_area,flat,medium,mid_block
IMG_00386,Delhi,North West,28.698218,77.115718,asphalt,medium,winter,market,flat,medium,mid_block
IMG_00387,Delhi,North West,28.743463,76.977411,asphalt,medium,winter,commercial_area,flat,medium,mid_block
IMG_00388,Delhi,North West,28.728746,77.074027,concrete,low,winter,commercial_area,flat,medium,mid_block
IMG_00389,Delhi,North West,28.76141,76.974794,mixed,low,summer,commercial_area,flat,narrow,mid_block
IMG_00390,Delhi,North West,28.721377,76.986775,unpaved,medium,summer,commercial_area,flat,narrow,mid_block
IMG_00391,Delhi,North West,28.798312,76.967591,asphalt,medium,summer,commercial_area,flat,medium,mid_block
IMG_00392,Delhi,North West,28.78271,76.984551,asphalt,medium,winter,commercial_area,flat,medium,mid_block
IMG_00393,Delhi,North West,28.724637,77.06816,asphalt,medium,winter,commercial_area,flat,medium,mid_block
IMG_00394,Delhi,North West,28.714414,77.083391,mixed,medium,winter,commercial_area,flat,medium,mid_block
IMG_00395,Delhi,North West,28.692409,77.113752,mixed,medium,winter,commercial_area,flat,narrow,mid_block
IMG_00396,Delhi,North West,28.721343,77.056174,asphalt,medium,winter,commercial_area,flat,narrow,mid_block
IMG_00397,Delhi,North West,28.716495,77.10994,mixed,medium,winter,commercial_area,flat,narrow,mid_block
IMG_00398,Delhi,North West,28.738922,77.043931,unpaved,medium,winter,commercial_area,flat,wide,at_intersection
IMG_00399,Delhi,North West,28.736197,76.99685,mixed,medium,winter,construction_site,flat,wide,near_intersection
IMG_00400,Delhi,North West,28.703012,77.121393,mixed,medium,winter,none,flat,medium,mid_block
IMG_00401,Delhi,North West,28.718629,76.976841,mixed,medium,winter,none,flat,medium,mid_block
IMG_00402,Delhi,North West,28.709862,77.008669,asphalt,medium,summer,none,flat,medium,mid_block
IMG_00403,Delhi,North West,28.77765,76.996118,mixed,medium,summer,construction_site,flat,medium,mid_block
IMG_00404,Delhi,North West,28.711876,77.08915,mixed,medium,summer,construction_site,flat,medium,mid_block
IMG_00405,Delhi,North West,28.712008,77.07623,asphalt,medium,winter,commercial_area,flat,wide,near_intersection
IMG_00406,Delhi,North West,28.719923,77.073956,asphalt,low,summer,none,flat,medium,mid_block
IMG_00407,Delhi,North West,28.69264,77.092296,asphalt,low,summer,residential_building,flat,wide,mid_block
IMG_00408,Delhi,North West,28.714893,77.042686,asphalt,low,winter,construction_site,flat,wide,mid_block
IMG_00409,Delhi,North West,28.740989,77.016142,asphalt,low,summer,residential_building,flat,wide,mid_block
IMG_00410,Delhi,North West,28.787166,76.96777,asphalt,low,summer,none,flat,wide,mid_block
IMG_00411,Delhi,North West,28.738744,77.047228,asphalt,medium,summer,residential_building,flat,wide,mid_block
IMG_00412,Delhi,North West,28.712277,77.038084,asphalt,medium,winter,residential_building,flat,wide,near_intersection
IMG_00413,Delhi,North West,28.702598,77.042981,asphalt,low,summer,residential_building,flat,wide,mid_block
IMG_00414,Delhi,North West,28.699923,77.11175,asphalt,low,summer,residential_building,flat,wide,mid_block
IMG_00415,Delhi,North West,28.694646,77.1123,asphalt,low,winter,residential_building,flat,medium,mid_block
IMG_00416,Delhi,North West,28.721073,77.096015,concrete,low,summer,school,flat,wide,mid_block
IMG_00417,Delhi,North West,28.788944,76.956717,unpaved,low,summer,school,flat,medium,mid_block
IMG_00418,Delhi,North West,28.75292,77.013159,mixed,medium,winter,residential_building,flat,wide,mid_block
IMG_00419,Delhi,North West,28.701367,77.058633,mixed,medium,summer,commercial_area,flat,medium,mid_block
IMG_00420,Delhi,North West,28.729705,77.013869,asphalt,low,winter,school,flat,medium,mid_block
IMG_00421,Delhi,North West,28.724803,76.974519,mixed,low,summer,residential_building,flat,wide,mid_block
IMG_00422,Delhi,North West,28.714315,77.029257,asphalt,low,winter,none,flat,wide,mid_block
IMG_00423,Delhi,North West,28.702306,77.055074,asphalt,low,winter,none,flat,wide,near_intersection
IMG_00424,Delhi,North West,28.731763,77.018251,asphalt,low,summer,commercial_area,flat,wide,mid_block
IMG_00425,Delhi,North West,28.727614,77.018694,asphalt,low,summer,none,flat,wide,mid_block
IMG_00426,Delhi,North West,28.701241,77.107519,asphalt,low,summer,school,flat,wide,mid_block
IMG_00427,Delhi,North West,28.763278,76.980935,asphalt,medium,winter,commercial_area,flat,medium,mid_block
IMG_00428,Delhi,North West,28.738931,76.975615,asphalt,medium,winter,commercial_area,flat,medium,mid_block
IMG_00429,Delhi,North West,28.728796,77.036919,asphalt,medium,winter,commercial_area,flat,medium,mid_block
IMG_00430,Delhi,North West,28.744071,77.03538,asphalt,medium,winter,market,flat,medium,near_intersection
IMG_00431,Delhi,North West,28.721852,77.059744,asphalt,medium,winter,commercial_area,flat,medium,near_intersection
IMG_00432,Delhi,North West,28.766059,76.985428,asphalt,medium,summer,commercial_area,flat,medium,near_intersection
IMG_00433,Delhi,North West,28.732414,77.009512,asphalt,medium,winter,commercial_area,flat,medium,at_intersection
IMG_00434,Delhi,North West,28.716029,77.005956,mixed,medium,summer,commercial_area,flat,medium,mid_block
IMG_00435,Delhi,North West,28.727564,77.071843,asphalt,low,winter,commercial_area,flat,medium,near_intersection
IMG_00436,Delhi,North West,28.721322,77.016662,asphalt,medium,winter,commercial_area,flat,medium,mid_block
IMG_00437,Delhi,North West,28.704957,77.049157,asphalt,medium,summer,commercial_area,flat,medium,mid_block
IMG_00438,Delhi,North West,28.727549,77.071476,asphalt,low,winter,market,flat,medium,mid_block
IMG_00439,Delhi,North West,28.742548,77.037988,asphalt,medium,winter,market,flat,narrow,mid_block
IMG_00440,Delhi,North West,28.771092,76.993469,asphalt,medium,summer,market,flat,medium,mid_block
IMG_00441,Delhi,North West,28.790921,76.96439,asphalt,medium,winter,commercial_area,flat,medium,mid_block
IMG_00442,Delhi,North West,28.741487,77.039253,asphalt,medium,winter,market,flat,medium,mid_block
IMG_00443,Delhi,North West,28.701277,77.084647,asphalt,medium,winter,market,flat,medium,mid_block
IMG_00444,Delhi,North West,28.772832,76.959256,asphalt,medium,winter,market,flat,medium,mid_block
IMG_00445,Delhi,North West,28.747213,77.019271,asphalt,medium,summer,commercial_area,flat,medium,mid_block
IMG_00446,Delhi,North West,28.754175,77.011282,asphalt,medium,summer,market,flat,medium,mid_block
IMG_00447,Delhi,North West,28.705235,77.114361,asphalt,medium,winter,market,flat,medium,mid_block
IMG_00448,Delhi,North West,28.708495,77.005559,asphalt,medium,winter,market,flat,medium,mid_block
IMG_00449,Delhi,North West,28.748429,76.987386,asphalt,low,winter,market,flat,medium,mid_block
IMG_00450,Delhi,North West,28.73106,77.003547,mixed,low,summer,market,flat,medium,mid_block
IMG_00451,Delhi,North West,28.793608,76.971505,asphalt,low,winter,commercial_area,flat,medium,mid_block
IMG_00452,Delhi,North West,28.776669,76.98003,mixed,medium,summer,school,flat,wide,near_intersection
IMG_00453,Delhi,North West,28.719976,77.021678,asphalt,medium,summer,commercial_area,flat,wide,at_intersection
IMG_00454,Delhi,North West,28.713941,77.062416,mixed,low,winter,market,flat,narrow,near_intersection
IMG_00455,Delhi,North West,28.768644,76.985735,mixed,medium,winter,market,flat,medium,mid_block
IMG_00456,Delhi,North West,28.780183,76.987199,asphalt,medium,winter,commercial_area,flat,medium,mid_block
IMG_00457,Delhi,North West,28.731961,77.030763,asphalt,medium,winter,commercial_area,flat,medium,mid_block
IMG_00458,Delhi,North West,28.723859,77.100857,asphalt,low,summer,commercial_area,flat,medium,near_intersection
IMG_00459,Delhi,North West,28.765193,77.011794,asphalt,medium,winter,market,flat,medium,near_intersection
IMG_00460,Delhi,North West,28.728327,77.057918,mixed,medium,winter,commercial_area,flat,medium,near_intersection
IMG_00461,Delhi,North West,28.705463,77.004432,mixed,low,winter,residential_building,flat,medium,at_intersection
IMG_00462,Delhi,North West,28.713762,77.07158,asphalt,low,winter,residential_building,flat,wide,at_intersection
IMG_00463,Delhi,North West,28.70801,77.017986,mixed,medium,summer,traffic_signal,flat,wide,at_intersection
IMG_00464,Delhi,North West,28.714107,77.061555,asphalt,low,winter,school,flat,medium,mid_block
IMG_00465,Delhi,North West,28.752797,76.975867,asphalt,low,summer,none,flat,wide,mid_block
IMG_00466,Delhi,North West,28.730509,77.02963,asphalt,low,winter,residential_building,flat,medium,mid_block
IMG_00467,Delhi,North West,28.725451,77.044616,asphalt,low,winter,residential_building,flat,wide,mid_block
IMG_00468,Delhi,North West,28.711873,77.030724,asphalt,low,winter,residential_building,flat,medium,mid_block
IMG_00469,Delhi,North West,28.760447,76.97118,asphalt,low,winter,residential_building,flat,medium,mid_block
IMG_00470,Delhi,North West,28.704998,77.085713,asphalt,low,summer,residential_building,flat,wide,mid_block
IMG_00471,Delhi,North West,28.79519,76.958791,asphalt,medium,summer,commercial_area,flat,wide,near_intersection
IMG_00472,Delhi,North West,28.747716,77.011907,asphalt,medium,winter,commercial_area,flat,wide,near_intersection
IMG_00473,Delhi,North West,28.720624,77.091871,asphalt,low,summer,commercial_area,flat,wide,near_intersection
IMG_00474,Delhi,North West,28.76531,77.012262,asphalt,low,summer,commercial_area,flat,wide,at_intersection
IMG_00475,Delhi,North West,28.716763,76.987399,asphalt,low,winter,construction_site,flat,wide,at_intersection
IMG_00476,Delhi,North West,28.726244,77.044817,asphalt,medium,winter,residential_building,flat,wide,mid_block
IMG_00477,Delhi,North West,28.731664,77.073417,asphalt,low,winter,residential_building,flat,medium,mid_block
IMG_00478,Delhi,North West,28.727294,76.997851,asphalt,low,summer,none,flat,medium,mid_block
IMG_00479,Delhi,North West,28.776944,76.968068,asphalt,low,summer,none,flat,medium,mid_block
IMG_00480,Delhi,North West,28.800848,76.973547,asphalt,low,summer,none,flat,medium,mid_block
IMG_00481,Delhi,North West,28.72467,77.023266,asphalt,low,summer,none,flat,medium,mid_block
IMG_00482,Delhi,North West,28.802513,76.9677,mixed,medium,winter,commercial_area,flat,wide,near_intersection
IMG_00483,Delhi,North West,28.756104,76.999734,asphalt,low,summer,none,flat,wide,mid_block
IMG_00484,Delhi,North West,28.758499,76.989283,asphalt,medium,winter,market,flat,medium,mid_block
IMG_00485,Delhi,North West,28.745158,76.988249,asphalt,medium,winter,commercial_area,flat,medium,mid_block
IMG_00486,Delhi,North West,28.724647,77.094923,asphalt,medium,winter,commercial_area,flat,medium,mid_block
IMG_00487,Delhi,North West,28.733459,77.051594,asphalt,medium,winter,commercial_area,flat,wide,mid_block
IMG_00488,Delhi,North West,28.734221,77.069696,asphalt,low,winter,commercial_area,flat,medium,mid_block
IMG_00489,Delhi,North West,28.706275,77.099995,asphalt,low,summer,commercial_area,flat,medium,mid_block
IMG_00490,Delhi,North West,28.778127,76.974417,asphalt,low,winter,commercial_area,flat,medium,mid_block
IMG_00491,Delhi,North West,28.773213,76.9791,asphalt,low,summer,market,flat,medium,mid_block
IMG_00492,Delhi,North West,28.773798,76.994917,asphalt,low,summer,commercial_area,flat,medium,mid_block
IMG_00493,Delhi,North West,28.711531,77.020172,asphalt,medium,winter,parking_area,flat,medium,mid_block
IMG_00494,Delhi,North West,28.729354,77.072619,asphalt,low,winter,parking_area,flat,medium,mid_block
IMG_00495,Delhi,North West,28.720268,77.065013,asphalt,low,winter,residential_building,flat,medium,mid_block
IMG_00496,Delhi,North West,28.751163,76.974553,asphalt,low,summer,commercial_area,flat,medium,mid_block
IMG_00497,Delhi,North West,28.719255,77.069252,asphalt,low,winter,commercial_area,flat,medium,mid_block
IMG_00498,Delhi,North West,28.744225,76.974462,mixed,low,summer,commercial_area,flat,medium,near_intersection
IMG_00499,Delhi,North West,28.783496,76.969314,asphalt,low,summer,commercial_area,flat,medium,mid_block
IMG_00500,Delhi,North West,28.707916,77.085427,asphalt,low,summer,commercial_area,flat,medium,mid_block
IMG_00501,Delhi,North West,28.786348,76.97463,asphalt,low,summer,commercial_area,flat,medium,near_intersection
IMG_00502,Delhi,North West,28.70973,77.022831,mixed,low,post_monsoon,parking_area,flat,medium,mid_block
IMG_00503,Delhi,North West,28.730499,76.975787,asphalt,low,summer,commercial_area,flat,medium,mid_block
IMG_00504,Delhi,North West,28.774284,77.003787,asphalt,low,summer,parking_area,flat,medium,mid_block
IMG_00505,Delhi,North West,28.697405,77.106961,mixed,low,summer,commercial_area,flat,medium,mid_block
IMG_00506,Delhi,North West,28.704811,77.038036,mixed,low,winter,commercial_area,flat,medium,mid_block
IMG_00507,Delhi,North West,28.700952,77.044435,mixed,low,summer,parking_area,flat,wide,mid_block
IMG_00508,Delhi,North West,28.768891,76.999603,mixed,low,summer,residential_building,flat,narrow,mid_block
IMG_00509,Delhi,North West,28.729914,77.040065,mixed,low,winter,commercial_area,flat,medium,mid_block
IMG_00510,Delhi,North West,28.716328,77.091414,asphalt,low,summer,parking_area,flat,medium,mid_block
IMG_00511,Delhi,North West,28.777168,76.963031,mixed,low,summer,commercial_area,flat,medium,mid_block
IMG_00512,Delhi,North West,28.798228,76.961611,mixed,low,summer,parking_area,flat,medium,mid_block
IMG_00513,Delhi,North West,28.701433,77.026772,mixed,medium,summer,parking_area,flat,medium,mid_block
IMG_00514,Delhi,North West,28.729835,77.07993,mixed,low,summer,commercial_area,flat,medium,mid_block
IMG_00515,Delhi,North West,28.784756,76.972259,mixed,low,summer,commercial_area,flat,medium,near_intersection
IMG_00516,Delhi,North West,28.782223,76.980481,mixed,medium,winter,commercial_area,flat,wide,at_intersection
IMG_00517,Delhi,North West,28.706618,77.086753,mixed,low,summer,commercial_area,flat,medium,near_intersection
IMG_00518,Delhi,North West,28.788674,76.956671,asphalt,low,summer,parking_area,flat,medium,mid_block
IMG_00519,Delhi,North West,28.698589,77.074848,asphalt,low,summer,parking_area,flat,medium,mid_block
IMG_00520,Delhi,North West,28.763875,76.964927,mixed,low,summer,commercial_area,flat,medium,mid_block
IMG_00521,Delhi,North West,28.748412,77.013905,mixed,low,summer,residential_building,flat,medium,mid_block
IMG_00522,Delhi,North West,28.73727,76.995735,mixed,low,summer,parking_area,flat,medium,mid_block
IMG_00523,Delhi,North West,28.703559,77.050898,mixed,low,summer,commercial_area,flat,medium,mid_block
IMG_00524,Delhi,North West,28.78248,76.991113,asphalt,low,summer,parking_area,flat,medium,mid_block
IMG_00525,Delhi,North West,28.750521,77.01786,mixed,low,summer,commercial_area,flat,narrow,mid_block
IMG_00526,Delhi,North West,28.709565,77.112714,asphalt,low,summer,commercial_area,flat,medium,mid_block
IMG_00527,Delhi,North West,28.74385,77.007274,mixed,low,summer,commercial_area,flat,medium,mid_block
IMG_00528,Delhi,North West,28.737922,77.038462,mixed,low,monsoon,commercial_area,flat,medium,mid_block
IMG_00529,Delhi,North West,28.749672,77.00044,mixed,low,post_monsoon,commercial_area,flat,medium,mid_block
IMG_00530,Delhi,North West,28.716006,77.049149,mixed,low,summer,parking_area,flat,medium,mid_block
IMG_00531,Delhi,North West,28.72915,77.059343,mixed,low,summer,commercial_area,flat,medium,mid_block
IMG_00532,Delhi,North West,28.715338,77.107399,mixed,low,summer,commercial_area,flat,medium,mid_block
IMG_00533,Delhi,North West,28.78728,76.994007,mixed,low,summer,parking_area,flat,medium,mid_block
IMG_00534,Delhi,North West,28.720122,77.011534,mixed,low,summer,commercial_area,flat,medium,mid_block
IMG_00535,Delhi,North West,28.783045,76.969578,mixed,low,summer,parking_area,flat,medium,mid_block
IMG_00536,Delhi,North West,28.757912,76.992802,mixed,low,summer,parking_area,flat,medium,mid_block
IMG_00537,Delhi,North West,28.753101,76.961955,mixed,low,summer,construction_site,flat,narrow,mid_block
IMG_00538,Delhi,North West,28.702301,77.111004,unpaved,low,summer,parking_area,flat,medium,mid_block
IMG_00539,Delhi,North West,28.794853,76.964539,mixed,low,summer,commercial_area,flat,medium,mid_block
IMG_00540,Delhi,North West,28.723686,77.006099,mixed,low,summer,none,flat,medium,mid_block
IMG_00541,Delhi,North West,28.716266,77.086547,asphalt,low,summer,parking_area,flat,medium,mid_block
IMG_00542,Delhi,North West,28.764901,76.978482,asphalt,low,summer,parking_area,flat,medium,mid_block
IMG_00543,Delhi,North West,28.711385,77.032235,asphalt,low,summer,parking_area,flat,medium,mid_block
IMG_00544,Delhi,North West,28.72971,76.997447,asphalt,low,summer,parking_area,flat,wide,mid_block
IMG_00545,Delhi,North West,28.779182,76.958569,asphalt,low,summer,parking_area,flat,wide,mid_block
IMG_00546,Delhi,North West,28.735749,77.040437,asphalt,low,summer,parking_area,flat,medium,mid_block
IMG_00547,Delhi,North West,28.776675,76.996609,asphalt,low,winter,parking_area,flat,medium,mid_block
IMG_00548,Delhi,North West,28.741943,77.029838,mixed,low,summer,parking_area,flat,medium,near_intersection
IMG_00549,Delhi,North West,28.785701,76.994824,mixed,low,summer,parking_area,flat,medium,mid_block
IMG_00550,Delhi,North West,28.707099,77.094115,unpaved,low,summer,parking_area,flat,medium,mid_block
IMG_00551,Delhi,North West,28.72341,77.092225,unpaved,low,summer,parking_area,flat,medium,mid_block
IMG_00552,Delhi,North West,28.706854,77.108201,asphalt,medium,summer,commercial_area,flat,medium,mid_block
IMG_00553,Delhi,North West,28.711845,77.050893,mixed,medium,summer,commercial_area,flat,medium,mid_block
IMG_00554,Delhi,North West,28.712458,76.988744,mixed,medium,summer,commercial_area,flat,medium,mid_block
IMG_00555,Delhi,North West,28.714285,77.000016,asphalt,low,summer,commercial_area,flat,medium,mid_block
IMG_00556,Delhi,North West,28.802933,76.957587,asphalt,medium,summer,commercial_area,flat,medium,mid_block
IMG_00557,Delhi,North West,28.769289,76.99412,asphalt,medium,summer,school,flat,medium,mid_block
IMG_00558,Delhi,North West,28.728029,77.02288,asphalt,low,summer,school,flat,medium,near_intersection
IMG_00559,Delhi,North West,28.76057,76.962143,mixed,medium,summer,commercial_area,flat,medium,mid_block
IMG_00560,Delhi,North West,28.726078,76.975338,mixed,medium,summer,commercial_area,flat,medium,mid_block
IMG_00561,Delhi,North West,28.715852,77.104667,mixed,low,summer,parking_area,flat,medium,mid_block
IMG_00562,Delhi,North West,28.736178,77.045812,mixed,low,winter,commercial_area,flat,medium,mid_block
IMG_00563,Delhi,North West,28.754421,77.018795,mixed,low,winter,residential_building,flat,wide,mid_block
IMG_00564,Delhi,North West,28.713351,77.006768,mixed,low,summer,school,flat,medium,mid_block
IMG_00565,Delhi,North West,28.718342,77.10659,mixed,low,summer,residential_building,flat,medium,mid_block
IMG_00566,Delhi,North West,28.789579,76.961729,asphalt,low,summer,commercial_area,flat,medium,mid_block
IMG_00567,Delhi,North West,28.774088,76.997709,asphalt,low,summer,school,flat,medium,mid_block
IMG_00568,Delhi,North West,28.718392,77.098066,mixed,low,summer,parking_area,flat,wide,mid_block
IMG_00569,Delhi,North West,28.712878,77.054118,asphalt,low,summer,residential_building,flat,narrow,mid_block
IMG_00570,Delhi,North West,28.806823,76.956472,mixed,low,summer,parking_area,flat,medium,mid_block
IMG_00571,Delhi,North West,28.729805,77.036454,asphalt,low,summer,parking_area,flat,medium,mid_block
IMG_00572,Delhi,North West,28.718315,77.042685,asphalt,low,summer,parking_area,flat,medium,mid_block
IMG_00573,Delhi,North West,28.790655,76.990219,asphalt,low,summer,commercial_area,flat,medium,mid_block
IMG_00574,Delhi,North West,28.765441,76.981933,asphalt,medium,summer,commercial_area,flat,medium,mid_block
IMG_00575,Delhi,North West,28.729521,77.070725,mixed,low,summer,commercial_area,flat,narrow,at_intersection
IMG_00576,Delhi,North West,28.706671,77.077704,mixed,low,summer,commercial_area,flat,medium,near_intersection
IMG_00577,Delhi,North West,28.813342,76.957194,mixed,low,winter,commercial_area,flat,medium,near_intersection
IMG_00578,Delhi,North West,28.708363,77.080561,asphalt,low,winter,commercial_area,flat,medium,mid_block
IMG_00579,Delhi,North West,28.711832,77.104782,asphalt,low,summer,commercial_area,flat,medium,mid_block
IMG_00580,Delhi,North West,28.701753,77.074267,asphalt,medium,winter,commercial_area,flat,medium,mid_block
IMG_00581,Delhi,North West,28.747321,76.997482,asphalt,medium,summer,commercial_area,flat,medium,mid_block
IMG_00582,Delhi,North West,28.738674,77.046072,asphalt,low,winter,residential_building,flat,medium,mid_block
IMG_00583,Delhi,North West,28.703371,77.034559,asphalt,low,winter,commercial_area,flat,medium,mid_block
IMG_00584,Delhi,North West,28.777945,76.979736,mixed,low,post_monsoon,parking_area,flat,medium,mid_block
IMG_00585,Delhi,North West,28.699842,77.097938,mixed,low,post_monsoon,commercial_area,flat,medium,near_intersection
IMG_00586,Delhi,North West,28.728004,77.00674,mixed,low,post_monsoon,commercial_area,flat,medium,mid_block
IMG_00587,Delhi,North West,28.712114,77.016558,mixed,low,summer,parking_area,flat,medium,mid_block
IMG_00588,Delhi,North West,28.804804,76.967701,mixed,low,summer,parking_area,flat,medium,mid_block
IMG_00589,Delhi,North West,28.714645,77.07223,asphalt,low,summer,residential_building,flat,medium,mid_block
IMG_00590,Delhi,North West,28.72423,77.000304,mixed,low,summer,parking_area,flat,medium,mid_block
IMG_00591,Delhi,North West,28.710012,77.014027,mixed,low,summer,residential_building,flat,medium,mid_block
IMG_00592,Delhi,North West,28.744899,77.002558,mixed,low,winter,residential_building,flat,medium,mid_block
IMG_00593,Delhi,North West,28.712207,77.002085,asphalt,low,winter,residential_building,flat,medium,mid_block
IMG_00594,Delhi,North West,28.700889,77.097593,asphalt,low,summer,commercial_area,flat,medium,mid_block
IMG_00595,Delhi,North West,28.729716,77.020367,mixed,low,summer,commercial_area,flat,medium,mid_block
IMG_00596,Delhi,North West,28.70206,77.045744,mixed,low,summer,parking_area,flat,medium,mid_block
IMG_00597,Delhi,North West,28.713996,77.104812,mixed,low,summer,commercial_area,flat,medium,mid_block
IMG_00598,Delhi,North West,28.737488,77.028726,asphalt,low,summer,parking_area,flat,medium,mid_block
IMG_00599,Delhi,North West,28.723979,77.032062,asphalt,low,summer,commercial_area,flat,medium,mid_block
IMG_00600,Delhi,North West,28.719262,76.998062,asphalt,low,summer,commercial_area,flat,medium,mid_block
IMG_00601,Delhi,North West,28.698305,77.081754,asphalt,medium,summer,market,flat,medium,mid_block
IMG_00602,Delhi,North West,28.775438,76.966421,asphalt,medium,winter,commercial_area,flat,medium,mid_block
IMG_00603,Delhi,North West,28.734228,77.045281,unpaved,low,summer,market,flat,medium,mid_block
IMG_00604,Delhi,North West,28.751094,76.965253,asphalt,medium,summer,market,flat,medium,mid_block
IMG_00605,Delhi,North West,28.769429,76.972404,asphalt,medium,summer,commercial_area,flat,wide,near_intersection
IMG_00606,Delhi,North West,28.786861,76.981505,asphalt,low,summer,commercial_area,flat,medium,mid_block
IMG_00607,Delhi,North West,28.793389,76.973426,asphalt,low,summer,commercial_area,flat,medium,mid_block
IMG_00608,Delhi,North West,28.806848,76.963186,asphalt,low,winter,commercial_area,flat,medium,near_intersection
IMG_00609,Delhi,North West,28.739869,77.020347,mixed,low,summer,commercial_area,flat,medium,mid_block
IMG_00610,Delhi,North West,28.731979,76.999383,asphalt,low,summer,commercial_area,flat,medium,mid_block
IMG_00611,Delhi,North West,28.743223,76.977235,mixed,medium,summer,commercial_area,flat,medium,mid_block
IMG_00612,Delhi,North West,28.762097,76.969066,asphalt,medium,winter,commercial_area,flat,medium,mid_block
IMG_00613,Delhi,North West,28.726882,77.044274,asphalt,medium,summer,commercial_area,flat,medium,mid_block
IMG_00614,Delhi,North West,28.734238,77.022689,asphalt,medium,summer,commercial_area,flat,medium,near_intersection
IMG_00615,Delhi,North West,28.739225,77.035614,asphalt,low,summer,commercial_area,flat,wide,mid_block
IMG_00616,Delhi,North West,28.725522,76.976483,asphalt,low,winter,commercial_area,flat,wide,mid_block
IMG_00617,Delhi,North West,28.695395,77.105518,asphalt,medium,winter,commercial_area,flat,wide,mid_block
IMG_00618,Delhi,North West,28.732662,76.992701,asphalt,low,winter,commercial_area,flat,wide,mid_block
IMG_00619,Delhi,North West,28.804665,76.955092,asphalt,low,summer,commercial_area,flat,medium,mid_block
IMG_00620,Delhi,North West,28.72615,77.036658,asphalt,low,summer,commercial_area,flat,medium,mid_block
IMG_00621,Delhi,North West,28.779094,76.968586,asphalt,low,winter,residential_building,flat,medium,mid_block
IMG_00622,Delhi,North West,28.801084,76.974844,asphalt,low,winter,residential_building,flat,medium,mid_block
IMG_00623,Delhi,North West,28.714385,76.988169,asphalt,low,winter,parking_area,flat,medium,mid_block
IMG_00624,Delhi,North West,28.710697,77.005426,asphalt,low,summer,commercial_area,flat,medium,mid_block
IMG_00625,Delhi,North West,28.754981,76.975063,asphalt,low,winter,commercial_area,flat,medium,mid_block
IMG_00626,Delhi,North West,28.722222,77.030573,asphalt,low,summer,commercial_area,flat,medium,mid_block
IMG_00627,Delhi,North West,28.725339,77.094086,asphalt,low,winter,commercial_area,flat,medium,mid_block
IMG_00628,Delhi,North West,28.737879,77.054381,asphalt,low,summer,market,flat,medium,mid_block
IMG_00629,Delhi,North West,28.713067,77.102215,asphalt,medium,winter,commercial_area,flat,wide,mid_block
IMG_00630,Delhi,North West,28.765177,77.012112,asphalt,medium,winter,commercial_area,flat,wide,near_intersection
IMG_00631,Delhi,North West,28.711275,77.106369,asphalt,low,winter,commercial_area,flat,medium,mid_block
IMG_00632,Delhi,North West,28.726751,77.01848,asphalt,low,winter,commercial_area,flat,medium,mid_block
IMG_00633,Delhi,North West,28.711198,77.050612,asphalt,low,winter,commercial_area,flat,medium,mid_block
IMG_00634,Delhi,North West,28.724716,77.02245,asphalt,low,winter,commercial_area,flat,medium,mid_block
IMG_00635,Delhi,North West,28.69301,77.086611,asphalt,low,winter,commercial_area,flat,medium,mid_block
IMG_00636,Delhi,North West,28.722591,77.090899,asphalt,low,summer,commercial_area,flat,medium,mid_block
IMG_00637,Delhi,North West,28.738389,77.01193,asphalt,low,summer,market,flat,narrow,mid_block
IMG_00638,Delhi,North West,28.722541,77.032346,asphalt,low,summer,commercial_area,flat,narrow,mid_block
IMG_00639,Delhi,North West,28.741022,76.969295,mixed,low,summer,commercial_area,flat,medium,at_intersection
IMG_00640,Delhi,North West,28.698585,77.122612,asphalt,low,summer,commercial_area,flat,medium,mid_block
IMG_00641,Delhi,North West,28.723706,77.074635,asphalt,low,summer,commercial_area,flat,medium,mid_block
IMG_00642,Delhi,North West,28.709546,77.084045,asphalt,low,summer,parking_area,flat,medium,mid_block
IMG_00643,Delhi,North West,28.743748,77.018776,asphalt,low,summer,residential_building,flat,medium,mid_block
IMG_00644,Delhi,North West,28.694954,77.074112,mixed,low,summer,commercial_area,flat,wide,near_intersection
IMG_00645,Delhi,North West,28.763288,76.984453,asphalt,medium,winter,traffic_signal,flat,wide,near_intersection
IMG_00646,Delhi,North West,28.78296,76.990068,asphalt,low,winter,residential_building,flat,wide,near_intersection
IMG_00647,Delhi,North West,28.706747,76.996347,asphalt,low,winter,residential_building,flat,medium,near_intersection
IMG_00648,Delhi,North West,28.713765,77.069205,asphalt,low,summer,none,flat,medium,mid_block
IMG_00649,Delhi,North West,28.729554,77.087958,asphalt,low,summer,none,flat,medium,mid_block
IMG_00650,Delhi,North West,28.73264,76.996677,asphalt,low,summer,none,flat,wide,mid_block
IMG_00651,Delhi,North West,28.727895,77.098881,asphalt,low,summer,none,flat,wide,mid_block
IMG_00652,Delhi,North West,28.699524,77.105493,asphalt,low,winter,none,flat,wide,mid_block
IMG_00653,Delhi,North West,28.73905,77.003217,asphalt,low,summer,none,flat,wide,near_intersection
IMG_00654,Delhi,North West,28.69734,77.099404,asphalt,low,winter,none,flat,medium,mid_block
IMG_00655,Delhi,North West,28.730738,77.075427,asphalt,low,winter,none,flat,wide,mid_block
IMG_00656,Delhi,North West,28.770799,76.982188,asphalt,low,winter,commercial_area,flat,wide,mid_block
IMG_00657,Delhi,North West,28.725282,77.083304,asphalt,low,winter,commercial_area,flat,wide,mid_block
IMG_00658,Delhi,North West,28.711924,77.083873,asphalt,low,winter,residential_building,flat,medium,mid_block
IMG_00659,Delhi,North West,28.701666,77.057918,asphalt,low,winter,residential_building,flat,medium,mid_block
IMG_00660,Delhi,North West,28.714721,77.068692,asphalt,low,winter,residential_building,flat,medium,mid_block
IMG_00661,Delhi,North West,28.770246,76.994646,asphalt,low,winter,none,flat,medium,mid_block
IMG_00662,Delhi,North West,28.706872,77.017959,asphalt,low,summer,none,flat,medium,mid_block
IMG_00663,Delhi,North West,28.765405,76.980491,asphalt,low,winter,none,flat,medium,mid_block
IMG_00664,Delhi,North West,28.727485,77.077531,unpaved,low,winter,residential_building,flat,medium,mid_block
IMG_00665,Delhi,North West,28.766386,77.010048,unpaved,low,winter,residential_building,flat,medium,mid_block
IMG_00666,Delhi,North West,28.736196,76.984195,mixed,low,post_monsoon,residential_building,flat,medium,mid_block
IMG_00667,Delhi,North West,28.741816,76.991115,mixed,low,winter,residential_building,flat,medium,mid_block
IMG_00668,Delhi,North West,28.783039,76.974294,mixed,low,post_monsoon,commercial_area,flat,medium,near_intersection
IMG_00669,Delhi,North West,28.711972,77.015024,asphalt,low,winter,none,flat,medium,mid_block
IMG_00670,Delhi,North West,28.773283,76.958056,asphalt,low,winter,none,flat,medium,mid_block
IMG_00671,Delhi,North West,28.73887,77.04629,asphalt,low,winter,none,flat,medium,mid_block
IMG_00672,Delhi,North West,28.750856,76.978087,asphalt,low,winter,residential_building,flat,medium,mid_block
IMG_00673,Delhi,North West,28.728795,77.066082,asphalt,low,winter,residential_building,flat,medium,mid_block
IMG_00674,Delhi,North West,28.774803,76.998306,mixed,low,summer,residential_building,flat,medium,mid_block
IMG_00675,Delhi,North West,28.767565,76.975325,asphalt,low,winter,residential_building,flat,medium,near_intersection
IMG_00676,Delhi,North West,28.796214,76.969745,asphalt,low,summer,residential_building,flat,medium,mid_block
IMG_00677,Delhi,North West,28.781969,76.971963,asphalt,low,winter,traffic_signal,flat,medium,near_intersection
IMG_00678,Delhi,North West,28.715748,76.986155,asphalt,low,winter,commercial_area,flat,medium,at_intersection
IMG_00679,Delhi,North West,28.723941,77.042114,asphalt,low,summer,parking_area,flat,medium,mid_block
IMG_00680,Delhi,North West,28.716134,77.07331,asphalt,low,winter,parking_area,flat,medium,mid_block
IMG_00681,Delhi,North West,28.753652,76.987529,mixed,low,winter,residential_building,flat,medium,near_intersection
IMG_00682,Delhi,North West,28.775636,76.977398,asphalt,medium,summer,commercial_area,flat,wide,near_intersection
IMG_00683,Delhi,North West,28.701926,77.040134,asphalt,medium,winter,commercial_area,flat,medium,mid_block
IMG_00684,Delhi,North West,28.78258,76.969118,concrete,low,monsoon,residential_building,flat,narrow,mid_block
IMG_00685,Delhi,North West,28.723037,76.99159,asphalt,medium,winter,commercial_area,flat,medium,mid_block
IMG_00686,Delhi,North West,28.749568,76.968861,asphalt,medium,winter,commercial_area,flat,wide,near_intersection
IMG_00687,Delhi,North West,28.727451,77.090295,asphalt,medium,winter,traffic_signal,flat,wide,at_intersection
IMG_00688,Delhi,North West,28.73027,77.079384,asphalt,low,winter,none,flat,wide,mid_block
IMG_00689,Delhi,North West,28.702552,77.082787,asphalt,low,winter,none,flat,wide,mid_block
IMG_00690,Delhi,North West,28.6963,77.099017,asphalt,medium,winter,none,flat,wide,mid_block
IMG_00691,Delhi,North West,28.774914,76.981096,asphalt,medium,winter,none,flat,wide,mid_block
IMG_00692,Delhi,North West,28.735977,77.027331,asphalt,medium,winter,traffic_signal,flat,wide,at_intersection
IMG_00693,Delhi,North West,28.702291,77.092608,mixed,medium,winter,commercial_area,flat,wide,at_intersection
IMG_00694,Delhi,North West,28.71374,77.02094,unpaved,medium,winter,residential_building,flat,wide,near_intersection
IMG_00695,Delhi,North West,28.791918,76.971154,unpaved,medium,summer,residential_building,flat,wide,near_intersection
IMG_00696,Delhi,North West,28.779092,76.961739,unpaved,low,winter,commercial_area,flat,wide,near_intersection
IMG_00697,Delhi,North West,28.713535,77.017301,unpaved,low,winter,residential_building,flat,wide,near_intersection
IMG_00698,Delhi,North West,28.723765,77.005965,unpaved,low,summer,residential_building,flat,narrow,mid_block
IMG_00699,Delhi,North West,28.702583,77.066091,unpaved,low,winter,construction_site,flat,wide,near_intersection
IMG_00700,Delhi,North West,28.722105,77.011418,unpaved,low,summer,none,flat,wide,near_intersection
IMG_00701,Delhi,North West,28.772373,76.978745,unpaved,low,winter,construction_site,flat,wide,near_intersection
IMG_00702,Delhi,North West,28.801149,76.964545,mixed,low,summer,construction_site,flat,wide,near_intersection
IMG_00703,Delhi,North West,28.753053,76.993274,unpaved,low,winter,none,flat,wide,near_intersection
IMG_00704,Delhi,North West,28.718812,77.062907,unpaved,low,post_monsoon,drainage_channel,flat,medium,mid_block
IMG_00705,Delhi,North West,28.741801,76.992254,unpaved,low,monsoon,drainage_channel,flat,medium,mid_block
IMG_00706,Delhi,North West,28.747377,76.972131,asphalt,low,winter,traffic_signal,flat,wide,near_intersection
IMG_00707,Delhi,North West,28.703525,77.02294,asphalt,low,winter,traffic_signal,flat,wide,at_intersection
IMG_00708,Delhi,North West,28.70203,77.056139,asphalt,medium,winter,none,flat,wide,mid_block
IMG_00709,Delhi,North West,28.769275,77.004297,asphalt,low,winter,none,flat,medium,mid_block
IMG_00710,Delhi,North West,28.755178,76.987384,asphalt,low,winter,none,flat,medium,mid_block
IMG_00711,Delhi,North West,28.718838,77.030228,asphalt,medium,winter,none,flat,wide,mid_block
IMG_00712,Delhi,North West,28.781606,76.971321,asphalt,medium,winter,none,flat,wide,mid_block
IMG_00713,Delhi,North West,28.787132,76.989961,asphalt,medium,summer,none,flat,wide,mid_block
IMG_00714,Delhi,North West,28.708339,77.075632,asphalt,low,winter,none,flat,wide,mid_block
IMG_00715,Delhi,North West,28.782324,76.970099,asphalt,medium,winter,none,flat,wide,mid_block
IMG_00716,Delhi,North West,28.768229,76.984043,asphalt,medium,winter,none,flat,wide,mid_block
IMG_00717,Delhi,North West,28.781717,76.970238,asphalt,medium,summer,none,flat,wide,mid_block
IMG_00718,Delhi,North West,28.707599,77.037906,asphalt,low,winter,none,flat,wide,mid_block
IMG_00719,Delhi,North West,28.706802,77.018626,asphalt,medium,winter,commercial_area,flat,wide,at_intersection
IMG_00720,Delhi,North West,28.754639,77.018151,asphalt,low,winter,commercial_area,flat,wide,near_intersection
IMG_00721,Delhi,North West,28.748112,76.974669,asphalt,low,summer,commercial_area,flat,wide,near_intersection
IMG_00722,Delhi,North West,28.770996,76.986352,asphalt,low,winter,residential_building,flat,medium,mid_block
IMG_00723,Delhi,North West,28.769925,77.001871,asphalt,low,summer,bus_stop,flat,wide,near_intersection
IMG_00724,Delhi,North West,28.734419,77.067935,asphalt,low,winter,bus_stop,flat,wide,at_intersection
IMG_00725,Delhi,North West,28.70515,77.01254,asphalt,low,summer,parking_area,flat,very_wide,at_intersection
IMG_00726,Delhi,North West,28.726861,77.098204,asphalt,low,summer,parking_area,flat,wide,near_intersection
IMG_00727,Delhi,North West,28.775792,76.986181,asphalt,low,summer,commercial_area,flat,wide,near_intersection
IMG_00728,Delhi,North West,28.785969,76.979438,asphalt,low,winter,residential_building,flat,wide,mid_block
IMG_00729,Delhi,North West,28.726948,76.994947,asphalt,low,summer,commercial_area,flat,wide,mid_block
IMG_00730,Delhi,North West,28.728034,77.081989,asphalt,low,winter,residential_building,flat,wide,mid_block
IMG_00731,Delhi,North West,28.69457,77.092446,asphalt,low,winter,residential_building,flat,wide,mid_block
IMG_00732,Delhi,North West,28.703505,77.101792,asphalt,low,winter,residential_building,flat,medium,mid_block
IMG_00733,Delhi,North West,28.720707,77.087304,asphalt,low,winter,residential_building,flat,wide,mid_block
IMG_00734,Delhi,North West,28.722457,77.05897,asphalt,low,summer,none,flat,wide,mid_block
IMG_00735,Delhi,North West,28.713047,77.069715,asphalt,low,winter,none,flat,medium,mid_block
IMG_00736,Delhi,North West,28.714262,76.981664,asphalt,low,winter,none,flat,wide,mid_block
IMG_00737,Delhi,North West,28.755879,77.016859,asphalt,low,winter,none,flat,wide,mid_block
IMG_00738,Delhi,North West,28.707017,77.052641,asphalt,low,winter,residential_building,flat,wide,mid_block
IMG_00739,Delhi,North West,28.722925,77.00879,asphalt,low,summer,none,flat,wide,mid_block
IMG_00740,Delhi,North West,28.780813,76.978378,asphalt,medium,winter,commercial_area,flat,medium,mid_block
IMG_00741,Delhi,North West,28.710026,77.007417,mixed,medium,winter,commercial_area,flat,medium,near_intersection
IMG_00742,Delhi,North West,28.696932,77.112926,mixed,medium,winter,hospital,flat,wide,mid_block
IMG_00743,Delhi,North West,28.730926,76.989652,mixed,low,winter,commercial_area,flat,medium,near_intersection
IMG_00744,Delhi,North West,28.758831,76.967501,asphalt,medium,winter,commercial_area,flat,medium,at_intersection
IMG_00745,Delhi,North West,28.718619,76.988509,asphalt,medium,winter,commercial_area,flat,medium,mid_block
IMG_00746,Delhi,North West,28.732712,77.014022,mixed,medium,summer,residential_building,flat,narrow,mid_block
IMG_00747,Delhi,North West,28.718269,77.081827,mixed,medium,summer,commercial_area,flat,medium,mid_block
IMG_00748,Delhi,North West,28.759239,77.00053,asphalt,low,summer,commercial_area,flat,narrow,mid_block
IMG_00749,Delhi,North West,28.698793,77.067582,mixed,low,summer,commercial_area,flat,medium,mid_block
IMG_00750,Delhi,North West,28.744466,76.969574,asphalt,medium,winter,market,flat,medium,near_intersection
IMG_00751,Delhi,North West,28.78555,76.978196,asphalt,medium,summer,commercial_area,flat,narrow,mid_block
IMG_00752,Delhi,North West,28.748925,77.008989,mixed,medium,winter,commercial_area,flat,medium,mid_block
IMG_00753,Delhi,North West,28.76366,76.990982,mixed,medium,summer,commercial_area,flat,medium,mid_block
IMG_00754,Delhi,North West,28.723388,77.018734,mixed,low,summer,commercial_area,flat,medium,mid_block
IMG_00755,Delhi,North West,28.699699,77.112176,asphalt,low,summer,commercial_area,flat,medium,mid_block
IMG_00756,Delhi,North West,28.70397,77.087751,unpaved,low,summer,commercial_area,flat,medium,mid_block
IMG_00757,Delhi,North West,28.707821,77.019246,mixed,medium,summer,commercial_area,flat,medium,mid_block
IMG_00758,Delhi,North West,28.734236,77.022995,mixed,low,winter,market,flat,medium,mid_block
IMG_00759,Delhi,North West,28.710949,76.989795,mixed,low,summer,market,flat,medium,mid_block
IMG_00760,Delhi,North West,28.713547,77.08996,mixed,low,summer,market,flat,medium,mid_block
IMG_00761,Delhi,North West,28.70296,77.077143,asphalt,medium,summer,market,flat,medium,mid_block
IMG_00762,Delhi,North West,28.752485,77.00884,unpaved,medium,summer,commercial_area,flat,medium,mid_block
IMG_00763,Delhi,North West,28.706781,77.065011,mixed,low,winter,residential_building,flat,medium,mid_block
IMG_00764,Delhi,North West,28.703195,77.058789,asphalt,medium,winter,commercial_area,flat,medium,mid_block
IMG_00765,Delhi,North West,28.729375,77.052673,asphalt,medium,winter,commercial_area,flat,medium,mid_block
IMG_00766,Delhi,North West,28.762462,77.014661,asphalt,medium,winter,commercial_area,flat,medium,mid_block
IMG_00767,Delhi,North West,28.730732,77.025703,asphalt,medium,winter,market,flat,medium,mid_block
IMG_00768,Delhi,North West,28.718661,77.079605,asphalt,medium,winter,commercial_area,flat,narrow,mid_block
IMG_00769,Delhi,North West,28.707557,77.078421,asphalt,medium,winter,commercial_area,flat,medium,mid_block
IMG_00770,Delhi,North West,28.736131,77.004448,asphalt,high,summer,commercial_area,flat,medium,mid_block
IMG_00771,Delhi,North West,28.760695,76.982005,asphalt,medium,summer,commercial_area,flat,medium,mid_block
IMG_00772,Delhi,North West,28.799787,76.975816,asphalt,medium,summer,parking_area,flat,medium,mid_block
IMG_00773,Delhi,North West,28.759033,76.99714,asphalt,medium,summer,commercial_area,flat,medium,mid_block
IMG_00774,Delhi,North West,28.803304,76.964822,asphalt,low,winter,commercial_area,flat,medium,mid_block
IMG_00775,Delhi,North West,28.718888,77.085199,asphalt,low,winter,commercial_area,flat,medium,mid_block
IMG_00776,Delhi,North West,28.78381,77.001944,asphalt,medium,winter,commercial_area,flat,medium,mid_block
IMG_00777,Delhi,North West,28.740975,77.038484,mixed,low,summer,commercial_area,flat,medium,mid_block
IMG_00778,Delhi,North West,28.711572,77.040555,asphalt,low,winter,commercial_area,flat,medium,mid_block
IMG_00779,Delhi,North West,28.747269,76.982589,mixed,medium,winter,market,flat,medium,mid_block
IMG_00780,Delhi,North West,28.752016,77.013675,asphalt,low,winter,commercial_area,flat,medium,mid_block
IMG_00781,Delhi,North West,28.718317,77.03597,asphalt,medium,winter,market,flat,medium,mid_block
IMG_00782,Delhi,North West,28.696369,77.121267,mixed,low,summer,parking_area,flat,medium,mid_block
IMG_00783,Delhi,North West,28.731717,77.073362,mixed,low,winter,commercial_area,flat,medium,mid_block
IMG_00784,Delhi,North West,28.759763,76.981673,asphalt,medium,summer,market,flat,medium,mid_block
IMG_00785,Delhi,North West,28.756237,77.016709,mixed,low,summer,market,flat,medium,near_intersection
IMG_00786,Delhi,North West,28.700272,77.062935,asphalt,medium,winter,commercial_area,flat,medium,mid_block
IMG_00787,Delhi,North West,28.717387,76.983932,asphalt,low,winter,market,flat,medium,mid_block
IMG_00788,Delhi,North West,28.717283,76.979492,mixed,low,winter,market,flat,narrow,mid_block
IMG_00789,Delhi,North West,28.796559,76.955475,asphalt,low,winter,market,flat,medium,mid_block
IMG_00790,Delhi,North West,28.710972,77.060524,mixed,low,summer,commercial_area,flat,medium,mid_block
IMG_00791,Delhi,North West,28.774709,77.000639,mixed,low,winter,market,flat,medium,mid_block
IMG_00792,Maharashtra,Sangli,16.83621,74.615373,asphalt,medium,winter,commercial_area,flat,wide,mid_block
IMG_00793,Maharashtra,Sangli,16.834153,74.592114,asphalt,medium,winter,commercial_area,flat,medium,mid_block
IMG_00794,Maharashtra,Sangli,16.850086,74.616541,asphalt,medium,winter,commercial_area,flat,medium,mid_block
IMG_00795,Maharashtra,Sangli,16.876129,74.604725,asphalt,low,winter,commercial_area,flat,medium,mid_block
IMG_00796,Maharashtra,Sangli,16.84444,74.545493,asphalt,medium,winter,commercial_area,flat,medium,mid_block
IMG_00797,Maharashtra,Sangli,16.867654,74.602032,asphalt,low,winter,commercial_area,flat,medium,mid_block
IMG_00798,Maharashtra,Sangli,16.867792,74.597199,asphalt,medium,winter,commercial_area,flat,medium,mid_block
IMG_00799,Maharashtra,Sangli,16.871967,74.590313,asphalt,low,winter,commercial_area,flat,medium,mid_block
IMG_00800,Maharashtra,Sangli,16.833525,74.568555,asphalt,low,winter,market,flat,medium,mid_block
IMG_00801,Maharashtra,Sangli,16.836234,74.54844,asphalt,low,winter,market,flat,medium,mid_block
IMG_00802,Maharashtra,Sangli,16.854196,74.55525,asphalt,low,winter,commercial_area,flat,medium,mid_block
IMG_00803,Maharashtra,Sangli,16.869877,74.566173,asphalt,low,winter,commercial_area,flat,medium,mid_block
IMG_00804,Maharashtra,Sangli,16.858229,74.600674,asphalt,medium,winter,commercial_area,flat,narrow,mid_block
IMG_00805,Maharashtra,Sangli,16.871414,74.58874,asphalt,low,winter,commercial_area,flat,medium,mid_block
IMG_00806,Maharashtra,Sangli,16.860866,74.56536,asphalt,low,winter,commercial_area,flat,narrow,mid_block
IMG_00807,Maharashtra,Sangli,16.826226,74.595542,mixed,low,winter,commercial_area,flat,medium,mid_block
IMG_00808,Maharashtra,Sangli,16.879217,74.593115,asphalt,medium,winter,commercial_area,flat,medium,mid_block
IMG_00809,Maharashtra,Sangli,16.877201,74.575186,asphalt,medium,winter,commercial_area,flat,medium,mid_block
IMG_00810,Maharashtra,Sangli,16.863855,74.613611,asphalt,low,winter,residential_building,flat,medium,mid_block
IMG_00811,Maharashtra,Sangli,16.840509,74.575876,asphalt,low,winter,commercial_area,flat,medium,mid_block
IMG_00812,Maharashtra,Sangli,16.854358,74.615766,asphalt,low,winter,commercial_area,flat,medium,mid_block
IMG_00813,Maharashtra,Sangli,16.865223,74.580957,asphalt,low,winter,residential_building,flat,medium,mid_block
IMG_00814,Maharashtra,Sangli,16.868668,74.563533,asphalt,low,winter,residential_building,flat,medium,mid_block
IMG_00815,Maharashtra,Sangli,16.841003,74.606712,asphalt,medium,winter,bus_stop,flat,medium,mid_block
IMG_00816,Maharashtra,Sangli,16.846957,74.558901,mixed,low,winter,drainage_channel,flat,narrow,mid_block
IMG_00817,Maharashtra,Sangli,16.834024,74.584581,asphalt,low,winter,market,flat,medium,mid_block
IMG_00818,Maharashtra,Sangli,16.864878,74.588135,asphalt,low,winter,market,flat,medium,mid_block
IMG_00819,Maharashtra,Sangli,16.877722,74.59474,asphalt,low,winter,commercial_area,flat,medium,mid_block
IMG_00820,Maharashtra,Sangli,16.868987,74.578308,asphalt,low,winter,market,flat,medium,mid_block
IMG_00821,Maharashtra,Sangli,16.853337,74.607278,asphalt,medium,winter,commercial_area,flat,medium,mid_block
IMG_00822,Maharashtra,Sangli,16.830386,74.593728,asphalt,medium,winter,commercial_area,flat,medium,mid_block
IMG_00823,Maharashtra,Sangli,16.823925,74.564863,asphalt,low,winter,commercial_area,flat,medium,mid_block
IMG_00824,Maharashtra,Sangli,16.863223,74.563864,asphalt,medium,winter,commercial_area,flat,medium,mid_block
IMG_00825,Maharashtra,Sangli,16.835209,74.549974,asphalt,low,winter,commercial_area,flat,medium,mid_block
IMG_00826,Maharashtra,Sangli,16.870506,74.567372,asphalt,low,winter,residential_building,flat,medium,mid_block
IMG_00827,Maharashtra,Sangli,16.836368,74.550043,mixed,low,winter,residential_building,flat,medium,mid_block
IMG_00828,Maharashtra,Sangli,16.821233,74.577998,asphalt,low,winter,residential_building,flat,narrow,mid_block
IMG_00829,Maharashtra,Sangli,16.85672,74.607639,asphalt,low,winter,residential_building,flat,narrow,near_intersection
IMG_00830,Maharashtra,Sangli,16.866438,74.566144,asphalt,low,winter,residential_building,flat,narrow,mid_block
IMG_00831,Maharashtra,Sangli,16.845941,74.590976,asphalt,low,winter,residential_building,flat,medium,mid_block
IMG_00832,Maharashtra,Sangli,16.840951,74.563248,asphalt,low,winter,commercial_area,flat,medium,mid_block
IMG_00833,Maharashtra,Sangli,16.843548,74.606856,asphalt,low,winter,commercial_area,flat,medium,mid_block
IMG_00834,Maharashtra,Sangli,16.841867,74.616811,asphalt,low,winter,residential_building,flat,medium,mid_block
IMG_00835,Maharashtra,Sangli,16.83199,74.579487,asphalt,low,winter,construction_site,flat,medium,mid_block
IMG_00836,Maharashtra,Sangli,16.847187,74.569673,asphalt,low,winter,commercial_area,flat,medium,mid_block
IMG_00837,Maharashtra,Sangli,16.848375,74.591612,asphalt,low,winter,commercial_area,flat,medium,mid_block
IMG_00838,Maharashtra,Sangli,16.830625,74.604671,asphalt,low,winter,commercial_area,flat,narrow,mid_block
IMG_00839,Maharashtra,Sangli,16.877806,74.588398,asphalt,low,winter,commercial_area,flat,medium,mid_block
IMG_00840,Maharashtra,Sangli,16.831628,74.558638,asphalt,low,winter,hospital,flat,medium,mid_block
IMG_00841,Maharashtra,Sangli,16.85865,74.566489,asphalt,low,winter,commercial_area,flat,medium,mid_block
IMG_00842,Maharashtra,Sangli,16.834942,74.60268,asphalt,low,winter,drainage_channel,flat,medium,mid_block
IMG_00843,Maharashtra,Sangli,16.824509,74.582842,asphalt,low,winter,drainage_channel,flat,medium,mid_block
IMG_00844,Maharashtra,Sangli,16.84243,74.600183,asphalt,medium,winter,drainage_channel,flat,medium,mid_block
IMG_00845,Maharashtra,Sangli,16.848687,74.564051,asphalt,low,winter,residential_building,flat,narrow,mid_block
IMG_00846,Maharashtra,Sangli,16.886935,74.574822,asphalt,low,winter,residential_building,flat,medium,mid_block
IMG_00847,Maharashtra,Sangli,16.863666,74.569304,mixed,low,winter,residential_building,flat,narrow,mid_block
IMG_00848,Maharashtra,Sangli,16.826137,74.578225,asphalt,low,winter,residential_building,flat,medium,mid_block
IMG_00849,Maharashtra,Sangli,16.846572,74.589881,mixed,low,winter,residential_building,flat,narrow,mid_block
IMG_00850,Maharashtra,Sangli,16.879017,74.593412,mixed,low,winter,residential_building,flat,narrow,mid_block
IMG_00851,Maharashtra,Sangli,16.852343,74.562481,mixed,low,winter,residential_building,flat,narrow,near_intersection
IMG_00852,Maharashtra,Sangli,16.823571,74.580355,asphalt,medium,winter,commercial_area,flat,medium,mid_block
IMG_00853,Maharashtra,Sangli,16.869843,74.584529,asphalt,low,winter,commercial_area,flat,medium,near_intersection
IMG_00854,Maharashtra,Sangli,16.854581,74.569846,asphalt,low,winter,commercial_area,flat,medium,mid_block
IMG_00855,Maharashtra,Sangli,16.852199,74.609653,asphalt,low,winter,residential_building,flat,medium,mid_block
IMG_00856,Maharashtra,Sangli,16.876035,74.601889,asphalt,low,winter,commercial_area,flat,medium,mid_block
IMG_00857,Maharashtra,Sangli,16.856597,74.563838,asphalt,low,winter,residential_building,flat,medium,mid_block
IMG_00858,Maharashtra,Sangli,16.849138,74.591281,asphalt,low,winter,commercial_area,flat,medium,mid_block
IMG_00859,Maharashtra,Sangli,16.856906,74.6038,asphalt,medium,winter,residential_building,flat,medium,mid_block
IMG_00860,Maharashtra,Sangli,16.827038,74.559384,asphalt,medium,winter,residential_building,flat,medium,mid_block
IMG_00861,Maharashtra,Sangli,16.825316,74.57791,asphalt,low,winter,residential_building,flat,narrow,mid_block
IMG_00862,Maharashtra,Sangli,16.837705,74.61177,asphalt,low,winter,commercial_area,flat,medium,mid_block
IMG_00863,Maharashtra,Sangli,16.830252,74.566828,asphalt,low,winter,residential_building,flat,narrow,mid_block
IMG_00864,Maharashtra,Sangli,16.873173,74.586012,asphalt,low,winter,market,flat,medium,at_intersection
IMG_00865,Maharashtra,Sangli,16.849545,74.604841,asphalt,low,winter,school,flat,medium,mid_block
IMG_00866,Maharashtra,Sangli,16.829456,74.565849,asphalt,low,winter,residential_building,flat,medium,near_intersection
IMG_00867,Maharashtra,Sangli,16.861753,74.585126,asphalt,low,winter,commercial_area,flat,medium,mid_block
IMG_00868,Maharashtra,Sangli,16.873075,74.593645,asphalt,low,winter,commercial_area,flat,narrow,mid_block
IMG_00869,Maharashtra,Sangli,16.848687,74.58114,asphalt,low,winter,residential_building,flat,narrow,mid_block
IMG_00870,Maharashtra,Sangli,16.860206,74.619816,asphalt,low,winter,residential_building,flat,medium,at_intersection
IMG_00871,Maharashtra,Sangli,16.826007,74.57738,asphalt,low,winter,none,flat,medium,mid_block
IMG_00872,Maharashtra,Sangli,16.83903,74.550375,asphalt,low,winter,residential_building,flat,medium,mid_block
IMG_00873,Maharashtra,Sangli,16.832995,74.603509,asphalt,low,winter,residential_building,flat,medium,mid_block
IMG_00874,Maharashtra,Sangli,16.876937,74.606647,asphalt,low,winter,residential_building,flat,medium,mid_block
IMG_00875,Maharashtra,Sangli,16.868549,74.564014,asphalt,low,winter,none,flat,medium,mid_block
IMG_00876,Maharashtra,Sangli,16.866518,74.559379,asphalt,low,winter,none,flat,medium,mid_block
IMG_00877,Maharashtra,Sangli,16.822471,74.591657,asphalt,low,winter,none,flat,narrow,mid_block
IMG_00878,Maharashtra,Sangli,16.838629,74.548236,asphalt,medium,winter,none,flat,narrow,mid_block
IMG_00879,Maharashtra,Sangli,16.867876,74.566702,asphalt,low,winter,residential_building,flat,medium,mid_block
IMG_00880,Maharashtra,Sangli,16.84903,74.57248,asphalt,low,winter,residential_building,flat,narrow,mid_block
IMG_00881,Maharashtra,Sangli,16.858545,74.562799,asphalt,low,winter,residential_building,flat,medium,mid_block
IMG_00882,Maharashtra,Sangli,16.863759,74.562911,asphalt,low,winter,residential_building,flat,narrow,mid_block
IMG_00883,Maharashtra,Sangli,16.842725,74.55317,asphalt,low,winter,residential_building,flat,narrow,mid_block
IMG_00884,Maharashtra,Sangli,16.848033,74.59575,mixed,low,winter,residential_building,flat,narrow,mid_block
IMG_00885,Maharashtra,Sangli,16.83216,74.549944,asphalt,low,winter,residential_building,flat,narrow,mid_block
IMG_00886,Maharashtra,Sangli,16.833248,74.558156,mixed,low,winter,residential_building,flat,medium,mid_block
IMG_00887,Maharashtra,Sangli,16.875052,74.577112,mixed,low,winter,construction_site,flat,narrow,mid_block
IMG_00888,Maharashtra,Sangli,16.851039,74.611161,asphalt,low,winter,construction_site,flat,medium,mid_block
IMG_00889,Maharashtra,Sangli,16.841442,74.561689,mixed,medium,winter,construction_site,flat,medium,mid_block
IMG_00890,Maharashtra,Sangli,16.839913,74.588404,mixed,medium,winter,construction_site,flat,narrow,mid_block
IMG_00891,Maharashtra,Sangli,16.847309,74.554028,asphalt,low,winter,residential_building,flat,medium,mid_block
IMG_00892,Maharashtra,Sangli,16.878033,74.602373,asphalt,medium,winter,residential_building,flat,narrow,mid_block
IMG_00893,Maharashtra,Sangli,16.847074,74.544475,asphalt,low,winter,residential_building,flat,narrow,mid_block
IMG_00894,Maharashtra,Sangli,16.82346,74.59587,asphalt,medium,winter,residential_building,flat,narrow,mid_block
IMG_00895,Maharashtra,Sangli,16.87211,74.608344,asphalt,low,winter,residential_building,flat,narrow,near_intersection
IMG_00896,Maharashtra,Sangli,16.878094,74.591508,asphalt,low,winter,residential_building,flat,medium,mid_block
IMG_00897,Maharashtra,Sangli,16.867792,74.595524,asphalt,low,winter,residential_building,flat,medium,mid_block
IMG_00898,Maharashtra,Sangli,16.848798,74.588101,asphalt,low,winter,commercial_area,flat,medium,mid_block
IMG_00899,Maharashtra,Sangli,16.826362,74.578243,asphalt,low,winter,residential_building,flat,medium,mid_block
IMG_00900,Maharashtra,Sangli,16.86017,74.601654,mixed,low,winter,residential_building,flat,narrow,mid_block
IMG_00901,Maharashtra,Sangli,16.851821,74.550669,asphalt,low,winter,residential_building,flat,narrow,near_intersection
IMG_00902,Maharashtra,Sangli,16.835458,74.574744,mixed,low,winter,commercial_area,flat,narrow,mid_block
IMG_00903,Maharashtra,Sangli,16.821979,74.573246,asphalt,medium,winter,residential_building,flat,medium,mid_block
IMG_00904,Maharashtra,Sangli,16.857455,74.59337,asphalt,medium,winter,residential_building,flat,medium,mid_block
IMG_00905,Maharashtra,Sangli,16.861951,74.552933,asphalt,low,winter,residential_building,flat,narrow,at_intersection
IMG_00906,Maharashtra,Sangli,16.850844,74.624843,asphalt,low,winter,residential_building,flat,narrow,mid_block
IMG_00907,Maharashtra,Sangli,16.826039,74.588878,asphalt,low,winter,commercial_area,flat,narrow,mid_block
IMG_00908,Maharashtra,Sangli,16.848361,74.606321,mixed,low,winter,residential_building,flat,narrow,mid_block
IMG_00909,Maharashtra,Sangli,16.880821,74.590749,concrete,low,winter,commercial_area,flat,narrow,mid_block
IMG_00910,Maharashtra,Sangli,16.853127,74.558401,unpaved,low,winter,residential_building,flat,narrow,mid_block
IMG_00911,Maharashtra,Sangli,16.840436,74.61992,mixed,low,winter,commercial_area,flat,medium,near_intersection
IMG_00912,Maharashtra,Sangli,16.860917,74.594818,mixed,low,winter,residential_building,flat,medium,near_intersection
IMG_00913,Maharashtra,Sangli,16.856966,74.604743,asphalt,low,winter,residential_building,flat,narrow,mid_block
IMG_00914,Maharashtra,Sangli,16.845497,74.541788,mixed,medium,winter,commercial_area,flat,narrow,mid_block
IMG_00915,Maharashtra,Sangli,16.868678,74.579973,mixed,low,winter,residential_building,flat,narrow,mid_block
IMG_00916,Maharashtra,Sangli,16.869724,74.55749,mixed,low,winter,residential_building,flat,medium,at_intersection
IMG_00917,Maharashtra,Sangli,16.833709,74.55109,concrete,low,winter,residential_building,flat,narrow,mid_block
IMG_00918,Maharashtra,Sangli,16.883814,74.580406,concrete,low,winter,residential_building,flat,narrow,mid_block
IMG_00919,Maharashtra,Sangli,16.849726,74.585678,concrete,low,winter,residential_building,flat,narrow,mid_block
IMG_00920,Maharashtra,Sangli,16.824506,74.603858,concrete,low,winter,residential_building,flat,narrow,mid_block
IMG_00921,Maharashtra,Sangli,16.833558,74.610839,concrete,low,winter,residential_building,flat,narrow,mid_block
IMG_00922,Maharashtra,Sangli,16.87175,74.568909,concrete,low,winter,residential_building,flat,narrow,mid_block
IMG_00923,Maharashtra,Sangli,16.834686,74.565192,asphalt,low,winter,residential_building,flat,narrow,mid_block
IMG_00924,Maharashtra,Sangli,16.834295,74.612523,mixed,low,winter,residential_building,flat,narrow,at_intersection
IMG_00925,Maharashtra,Sangli,16.857027,74.551634,asphalt,low,winter,commercial_area,flat,medium,mid_block
IMG_00926,Maharashtra,Sangli,16.864897,74.609349,asphalt,low,winter,commercial_area,flat,medium,mid_block
IMG_00927,Maharashtra,Sangli,16.880517,74.583281,asphalt,low,winter,commercial_area,flat,narrow,mid_block
IMG_00928,Maharashtra,Sangli,16.865012,74.606925,asphalt,low,winter,residential_building,flat,narrow,mid_block
IMG_00929,Maharashtra,Sangli,16.874748,74.595327,asphalt,low,winter,commercial_area,flat,narrow,mid_block
IMG_00930,Maharashtra,Sangli,16.832773,74.567196,mixed,low,winter,residential_building,flat,narrow,at_intersection
IMG_00931,Maharashtra,Sangli,16.88216,74.594214,asphalt,low,winter,residential_building,flat,narrow,near_intersection
IMG_00932,Maharashtra,Sangli,16.851629,74.594005,mixed,low,summer,commercial_area,flat,medium,near_intersection
IMG_00933,Maharashtra,Sangli,16.835899,74.581868,mixed,medium,winter,market,flat,medium,mid_block
IMG_00934,Maharashtra,Sangli,16.857173,74.606363,asphalt,low,summer,residential_building,flat,narrow,mid_block
IMG_00935,Maharashtra,Sangli,16.83227,74.559634,mixed,low,summer,residential_building,flat,narrow,mid_block
IMG_00936,Maharashtra,Sangli,16.852386,74.588571,concrete,low,summer,residential_building,flat,narrow,mid_block
IMG_00937,Maharashtra,Sangli,16.830072,74.573278,mixed,low,summer,residential_building,flat,narrow,mid_block
IMG_00938,Maharashtra,Sangli,16.858731,74.558779,mixed,medium,summer,market,flat,medium,mid_block
IMG_00939,Maharashtra,Sangli,16.853498,74.610399,mixed,low,winter,market,flat,medium,mid_block
IMG_00940,Maharashtra,Sangli,16.822926,74.573472,mixed,low,summer,commercial_area,flat,medium,mid_block
IMG_00941,Maharashtra,Sangli,16.847456,74.594933,mixed,medium,summer,market,flat,medium,mid_block
IMG_00942,Maharashtra,Sangli,16.860954,74.59983,unpaved,low,summer,market,flat,narrow,mid_block
IMG_00943,Maharashtra,Sangli,16.863862,74.571965,asphalt,low,summer,commercial_area,flat,medium,mid_block
IMG_00944,Maharashtra,Sangli,16.847172,74.565754,asphalt,low,summer,commercial_area,flat,medium,mid_block
IMG_00945,Maharashtra,Sangli,16.83541,74.59927,mixed,low,summer,commercial_area,flat,medium,near_intersection
IMG_00946,Maharashtra,Sangli,16.848565,74.564218,mixed,medium,summer,commercial_area,flat,medium,mid_block
IMG_00947,Maharashtra,Sangli,16.872936,74.587635,mixed,medium,summer,commercial_area,flat,medium,mid_block
IMG_00948,Maharashtra,Sangli,16.856886,74.582618,mixed,medium,summer,commercial_area,flat,wide,at_intersection
IMG_00949,Maharashtra,Sangli,16.855769,74.579657,unpaved,low,summer,none,flat,wide,mid_block
IMG_00950,Maharashtra,Sangli,16.840841,74.615344,asphalt,low,summer,commercial_area,flat,wide,near_intersection
IMG_00951,Maharashtra,Sangli,16.858145,74.603708,mixed,medium,post_monsoon,residential_building,flat,medium,mid_block
IMG_00952,Maharashtra,Sangli,16.827412,74.599314,mixed,low,monsoon,none,flat,medium,mid_block
IMG_00953,Maharashtra,Sangli,16.852236,74.620117,mixed,medium,summer,residential_building,flat,medium,near_intersection
IMG_00954,Maharashtra,Sangli,16.885827,74.584142,asphalt,low,summer,commercial_area,flat,narrow,mid_block
IMG_00955,Maharashtra,Sangli,16.856367,74.577412,asphalt,medium,summer,commercial_area,flat,medium,near_intersection
IMG_00956,Maharashtra,Sangli,16.837355,74.609603,mixed,medium,summer,commercial_area,flat,medium,mid_block
IMG_00957,Maharashtra,Sangli,16.842148,74.622778,mixed,medium,summer,commercial_area,flat,medium,mid_block
IMG_00958,Maharashtra,Sangli,16.853752,74.561115,mixed,low,summer,commercial_area,flat,medium,near_intersection
IMG_00959,Maharashtra,Sangli,16.82809,74.580661,asphalt,low,summer,market,flat,medium,near_intersection
IMG_00960,Maharashtra,Sangli,16.825607,74.564167,mixed,low,summer,commercial_area,flat,medium,mid_block
IMG_00961,Maharashtra,Sangli,16.84257,74.592028,asphalt,medium,summer,market,flat,medium,mid_block
IMG_00962,Maharashtra,Sangli,16.850016,74.558397,asphalt,medium,summer,commercial_area,flat,medium,mid_block
IMG_00963,Maharashtra,Sangli,16.837584,74.615676,unpaved,medium,summer,market,flat,medium,mid_block
IMG_00964,Maharashtra,Sangli,16.823681,74.595721,mixed,medium,summer,market,flat,medium,mid_block
IMG_00965,Maharashtra,Sangli,16.874376,74.570382,mixed,medium,summer,market,flat,medium,mid_block
IMG_00966,Maharashtra,Sangli,16.84482,74.553373,mixed,low,summer,market,flat,medium,mid_block
IMG_00967,Maharashtra,Sangli,16.844866,74.55802,asphalt,low,summer,commercial_area,flat,medium,near_intersection
IMG_00968,Maharashtra,Sangli,16.865276,74.57473,asphalt,low,summer,residential_building,flat,narrow,mid_block
IMG_00969,Maharashtra,Sangli,16.827488,74.576958,asphalt,low,summer,commercial_area,flat,narrow,mid_block
IMG_00970,Maharashtra,Sangli,16.850935,74.577188,asphalt,low,summer,commercial_area,flat,narrow,mid_block
IMG_00971,Maharashtra,Sangli,16.838059,74.55925,asphalt,low,summer,commercial_area,flat,medium,mid_block
IMG_00972,Maharashtra,Sangli,16.876842,74.566089,asphalt,low,summer,commercial_area,flat,medium,mid_block
IMG_00973,Maharashtra,Sangli,16.864277,74.575093,asphalt,low,summer,residential_building,flat,medium,mid_block
IMG_00974,Maharashtra,Sangli,16.871465,74.599419,asphalt,low,summer,residential_building,flat,medium,near_intersection
IMG_00975,Maharashtra,Sangli,16.834927,74.601512,asphalt,medium,winter,residential_building,flat,medium,mid_block
IMG_00976,Maharashtra,Sangli,16.868426,74.608062,asphalt,medium,summer,residential_building,flat,medium,mid_block
IMG_00977,Maharashtra,Sangli,16.83643,74.546564,asphalt,low,summer,residential_building,flat,medium,mid_block
IMG_00978,Maharashtra,Sangli,16.853024,74.604263,asphalt,medium,summer,residential_building,flat,medium,mid_block
IMG_00979,Maharashtra,Sangli,16.837821,74.567914,mixed,low,summer,residential_building,flat,narrow,at_intersection
IMG_00980,Maharashtra,Sangli,16.880034,74.591045,asphalt,low,winter,commercial_area,flat,medium,at_intersection
IMG_00981,Maharashtra,Sangli,16.866481,74.563407,asphalt,low,summer,residential_building,flat,medium,mid_block
IMG_00982,Maharashtra,Sangli,16.837867,74.593511,asphalt,low,summer,residential_building,flat,narrow,at_intersection
IMG_00983,Maharashtra,Sangli,16.839734,74.596575,asphalt,low,summer,commercial_area,flat,medium,mid_block
IMG_00984,Maharashtra,Sangli,16.842731,74.618244,asphalt,low,summer,residential_building,flat,medium,mid_block
IMG_00985,Maharashtra,Sangli,16.850056,74.616435,mixed,low,summer,school,flat,medium,mid_block
IMG_00986,Maharashtra,Sangli,16.837345,74.617536,mixed,low,summer,residential_building,flat,medium,mid_block
IMG_00987,Maharashtra,Sangli,16.864746,74.593898,unpaved,medium,summer,commercial_area,flat,wide,near_intersection
IMG_00988,Maharashtra,Sangli,16.867155,74.587419,unpaved,medium,summer,commercial_area,flat,medium,near_intersection
IMG_00989,Maharashtra,Sangli,16.851965,74.578755,mixed,medium,summer,commercial_area,flat,medium,mid_block
IMG_00990,Maharashtra,Sangli,16.878191,74.590851,asphalt,low,summer,residential_building,flat,narrow,mid_block
IMG_00991,Maharashtra,Sangli,16.845495,74.62767,unpaved,low,summer,none,flat,narrow,mid_block
IMG_00992,Maharashtra,Sangli,16.837472,74.596755,gravel,low,summer,none,flat,narrow,mid_block
IMG_00993,Maharashtra,Sangli,16.83416,74.55891,unpaved,low,summer,residential_building,flat,medium,mid_block
IMG_00994,Maharashtra,Sangli,16.848655,74.558226,unpaved,low,summer,commercial_area,flat,medium,near_intersection
IMG_00995,Maharashtra,Sangli,16.848128,74.55778,mixed,low,summer,residential_building,flat,medium,mid_block
IMG_00996,Maharashtra,Sangli,16.85999,74.581699,asphalt,low,summer,construction_site,flat,medium,mid_block
IMG_00997,Maharashtra,Sangli,16.874089,74.586825,mixed,low,summer,residential_building,flat,medium,mid_block
IMG_00998,Maharashtra,Sangli,16.832292,74.601728,unpaved,low,summer,residential_building,flat,narrow,mid_block
IMG_00999,Maharashtra,Sangli,16.872845,74.573248,asphalt,low,winter,residential_building,flat,medium,mid_block
IMG_01000,Maharashtra,Sangli,16.870544,74.599664,unpaved,low,summer,residential_building,flat,medium,mid_block
IMG_01001,Maharashtra,Sangli,16.863965,74.562729,asphalt,low,summer,parking_area,flat,medium,mid_block
IMG_01002,Maharashtra,Sangli,16.847544,74.587926,mixed,low,summer,residential_building,flat,medium,near_intersection
IMG_01003,Maharashtra,Sangli,16.851314,74.56661,mixed,low,summer,residential_building,flat,narrow,near_intersection
IMG_01004,Maharashtra,Sangli,16.871073,74.599964,asphalt,low,summer,residential_building,flat,medium,mid_block
IMG_01005,Maharashtra,Sangli,16.885711,74.582101,concrete,low,summer,residential_building,flat,narrow,mid_block
IMG_01006,Maharashtra,Sangli,16.824448,74.585487,asphalt,low,summer,commercial_area,flat,narrow,mid_block
IMG_01007,Maharashtra,Sangli,16.883054,74.588193,asphalt,medium,summer,commercial_area,flat,medium,mid_block
IMG_01008,Maharashtra,Sangli,16.834845,74.558982,asphalt,low,summer,commercial_area,flat,narrow,mid_block
IMG_01009,Maharashtra,Sangli,16.83607,74.596459,asphalt,low,winter,commercial_area,flat,medium,mid_block
IMG_01010,Maharashtra,Sangli,16.845464,74.588772,asphalt,low,winter,commercial_area,flat,medium,mid_block
IMG_01011,Maharashtra,Sangli,16.848441,74.620446,asphalt,medium,winter,commercial_area,flat,medium,mid_block
IMG_01012,Maharashtra,Sangli,16.840701,74.600022,asphalt,low,winter,commercial_area,flat,medium,mid_block
IMG_01013,Maharashtra,Sangli,16.837332,74.561353,asphalt,low,winter,residential_building,flat,medium,mid_block
IMG_01014,Maharashtra,Sangli,16.836606,74.602844,asphalt,low,summer,commercial_area,flat,wide,mid_block
IMG_01015,Maharashtra,Sangli,16.840383,74.544411,asphalt,low,summer,commercial_area,flat,wide,mid_block
IMG_01016,Maharashtra,Sangli,16.865905,74.568856,mixed,medium,winter,market,flat,medium,mid_block
IMG_01017,Maharashtra,Sangli,16.862814,74.593942,mixed,medium,winter,market,flat,medium,mid_block
IMG_01018,Maharashtra,Sangli,16.853334,74.62049,mixed,medium,summer,market,flat,narrow,mid_block
IMG_01019,Tamil Nadu,Chennai,13.006106,80.240035,mixed,low,summer,parking_area,flat,medium,near_intersection
IMG_01020,Tamil Nadu,Chennai,13.007121,80.23868,mixed,low,summer,parking_area,flat,medium,near_intersection
IMG_01021,Tamil Nadu,Chennai,13.002185,80.221185,asphalt,low,summer,parking_area,flat,medium,near_intersection
IMG_01022,Tamil Nadu,Chennai,12.987212,80.229202,mixed,low,winter,parking_area,flat,medium,mid_block
IMG_01023,Tamil Nadu,Chennai,13.000021,80.231685,asphalt,low,winter,residential_building,flat,narrow,mid_block
IMG_01024,Tamil Nadu,Chennai,12.991681,80.226573,asphalt,low,winter,residential_building,flat,medium,mid_block
IMG_01025,Tamil Nadu,Chennai,12.988439,80.250506,asphalt,low,monsoon,parking_area,flat,medium,mid_block
IMG_01026,Tamil Nadu,Chennai,13.000409,80.239726,asphalt,low,monsoon,commercial_area,flat,narrow,mid_block
IMG_01027,Tamil Nadu,Chennai,12.985429,80.243675,asphalt,low,summer,residential_building,flat,narrow,mid_block
IMG_01028,Tamil Nadu,Chennai,12.985186,80.232166,unpaved,low,monsoon,residential_building,flat,narrow,mid_block
IMG_01029,Tamil Nadu,Chennai,12.997548,80.24221,unpaved,low,monsoon,residential_building,flat,narrow,mid_block
IMG_01030,Tamil Nadu,Chennai,13.006529,80.245218,mixed,low,summer,residential_building,flat,narrow,mid_block
IMG_01031,Tamil Nadu,Chennai,12.989962,80.228489,mixed,low,monsoon,drainage_channel,flat,narrow,mid_block
IMG_01032,Tamil Nadu,Chennai,12.98668,80.250712,asphalt,low,monsoon,none,flat,medium,mid_block
IMG_01033,Tamil Nadu,Chennai,13.007581,80.230034,asphalt,low,summer,none,flat,medium,mid_block
IMG_01034,Tamil Nadu,Chennai,13.000642,80.232699,asphalt,low,summer,residential_building,flat,narrow,mid_block
IMG_01035,Tamil Nadu,Chennai,12.988373,80.227794,asphalt,low,summer,commercial_area,flat,narrow,mid_block
IMG_01036,Tamil Nadu,Chennai,12.997687,80.228325,mixed,low,summer,commercial_area,flat,narrow,mid_block
IMG_01037,Tamil Nadu,Chennai,12.992599,80.226896,asphalt,low,summer,commercial_area,flat,medium,mid_block
IMG_01038,Tamil Nadu,Chennai,12.983497,80.240329,asphalt,low,summer,commercial_area,flat,narrow,mid_block
IMG_01039,Tamil Nadu,Chennai,13.004934,80.233572,asphalt,low,summer,residential_building,flat,narrow,mid_block
IMG_01040,Tamil Nadu,Chennai,13.001467,80.237351,asphalt,low,summer,residential_building,flat,narrow,mid_block
IMG_01041,Tamil Nadu,Chennai,12.988435,80.240774,mixed,low,summer,none,flat,medium,mid_block
IMG_01042,Tamil Nadu,Chennai,12.983557,80.233987,asphalt,low,summer,none,flat,medium,near_intersection
IMG_01043,Tamil Nadu,Chennai,13.007565,80.228346,asphalt,low,summer,commercial_area,flat,narrow,mid_block
IMG_01044,Tamil Nadu,Chennai,12.995777,80.225557,asphalt,low,summer,residential_building,flat,narrow,mid_block
IMG_01045,Tamil Nadu,Chennai,12.989428,80.240707,asphalt,low,summer,residential_building,flat,medium,mid_block
IMG_01046,Tamil Nadu,Chennai,12.999182,80.224708,asphalt,low,summer,commercial_area,flat,narrow,mid_block
IMG_01047,Tamil Nadu,Chennai,13.004005,80.23743,asphalt,low,summer,commercial_area,flat,medium,mid_block
IMG_01048,Tamil Nadu,Chennai,13.004511,80.237133,asphalt,low,summer,commercial_area,flat,medium,mid_block
IMG_01049,Tamil Nadu,Chennai,12.980665,80.250257,asphalt,low,summer,residential_building,flat,medium,mid_block
IMG_01050,Tamil Nadu,Chennai,12.982744,80.235673,asphalt,low,summer,commercial_area,flat,narrow,mid_block
IMG_01051,Tamil Nadu,Chennai,12.982227,80.244711,asphalt,low,summer,commercial_area,flat,medium,mid_block
IMG_01052,Tamil Nadu,Chennai,13.004109,80.223903,asphalt,low,summer,commercial_area,flat,narrow,mid_block
IMG_01053,Tamil Nadu,Chennai,12.994983,80.237773,asphalt,low,summer,commercial_area,flat,medium,mid_block
IMG_01054,Tamil Nadu,Chennai,12.988379,80.248392,asphalt,low,summer,commercial_area,flat,narrow,mid_block
IMG_01055,Tamil Nadu,Chennai,12.993345,80.226648,asphalt,low,summer,commercial_area,flat,medium,mid_block
IMG_01056,Tamil Nadu,Chennai,12.996993,80.243702,asphalt,low,summer,commercial_area,flat,medium,near_intersection
IMG_01057,Tamil Nadu,Chennai,12.986372,80.229937,asphalt,low,summer,construction_site,flat,medium,mid_block
IMG_01058,Tamil Nadu,Chennai,12.993815,80.236712,asphalt,low,summer,commercial_area,flat,medium,mid_block
IMG_01059,Tamil Nadu,Chennai,12.990673,80.239041,asphalt,low,summer,commercial_area,flat,medium,mid_block
IMG_01060,Tamil Nadu,Chennai,12.987281,80.226925,asphalt,low,summer,construction_site,flat,medium,mid_block
IMG_01061,Tamil Nadu,Chennai,12.982283,80.240449,asphalt,low,summer,commercial_area,flat,medium,mid_block
IMG_01062,Tamil Nadu,Chennai,12.987245,80.249478,asphalt,low,summer,commercial_area,flat,medium,mid_block
IMG_01063,Tamil Nadu,Chennai,13.007056,80.222009,asphalt,low,summer,construction_site,flat,medium,mid_block
IMG_01064,Tamil Nadu,Chennai,12.987529,80.241696,asphalt,low,summer,commercial_area,flat,medium,near_intersection
IMG_01065,Tamil Nadu,Chennai,12.994901,80.245502,asphalt,low,summer,commercial_area,flat,narrow,mid_block
IMG_01066,Tamil Nadu,Chennai,13.005418,80.225944,asphalt,medium,summer,commercial_area,flat,medium,near_intersection
IMG_01067,Tamil Nadu,Chennai,12.983098,80.233865,asphalt,low,summer,commercial_area,flat,medium,mid_block
IMG_01068,Tamil Nadu,Chennai,12.993358,80.235049,asphalt,low,summer,residential_building,flat,medium,mid_block
IMG_01069,Tamil Nadu,Chennai,13.002955,80.24184,mixed,low,summer,none,flat,medium,mid_block
IMG_01070,Tamil Nadu,Chennai,12.9927,80.230845,asphalt,low,summer,residential_building,flat,medium,mid_block
IMG_01071,Tamil Nadu,Chennai,13.00712,80.227861,asphalt,low,summer,commercial_area,flat,medium,mid_block
IMG_01072,Tamil Nadu,Chennai,12.986028,80.234443,asphalt,low,summer,commercial_area,flat,medium,mid_block
IMG_01073,Tamil Nadu,Chennai,12.993305,80.228845,asphalt,low,summer,residential_building,flat,medium,mid_block
IMG_01074,Tamil Nadu,Chennai,12.9879,80.250065,asphalt,low,summer,commercial_area,flat,narrow,mid_block
IMG_01075,Tamil Nadu,Chennai,12.993973,80.248027,asphalt,low,summer,commercial_area,flat,narrow,mid_block
IMG_01076,Tamil Nadu,Chennai,12.99734,80.221342,asphalt,low,summer,residential_building,flat,narrow,mid_block
IMG_01077,Tamil Nadu,Chennai,13.006712,80.225151,asphalt,low,summer,commercial_area,flat,narrow,mid_block
IMG_01078,Tamil Nadu,Chennai,12.995308,80.226712,concrete,low,monsoon,residential_building,flat,narrow,mid_block
IMG_01079,Tamil Nadu,Chennai,12.988384,80.245484,asphalt,low,summer,residential_building,flat,narrow,mid_block
IMG_01080,Tamil Nadu,Chennai,12.994346,80.2336,asphalt,low,summer,residential_building,flat,narrow,mid_block
IMG_01081,Tamil Nadu,Chennai,12.997511,80.243323,mixed,low,summer,commercial_area,flat,narrow,mid_block
IMG_01082,Tamil Nadu,Chennai,12.984915,80.229443,concrete,low,monsoon,commercial_area,flat,narrow,mid_block
IMG_01083,Tamil Nadu,Chennai,12.997084,80.244296,mixed,low,summer,residential_building,flat,narrow,mid_block
IMG_01084,Tamil Nadu,Chennai,12.981849,80.238905,mixed,low,summer,residential_building,flat,narrow,near_intersection
IMG_01085,Tamil Nadu,Chennai,12.995849,80.247743,asphalt,low,summer,commercial_area,flat,medium,mid_block
IMG_01086,Tamil Nadu,Chennai,12.984998,80.2513,asphalt,low,summer,commercial_area,flat,medium,mid_block
IMG_01087,Tamil Nadu,Chennai,12.998744,80.241901,asphalt,low,summer,commercial_area,flat,medium,mid_block
IMG_01088,Tamil Nadu,Chennai,13.008019,80.227781,asphalt,low,summer,commercial_area,flat,medium,mid_block
IMG_01089,Tamil Nadu,Chennai,12.998728,80.240063,asphalt,medium,summer,commercial_area,flat,medium,mid_block
IMG_01090,Tamil Nadu,Chennai,12.993222,80.238888,asphalt,low,summer,commercial_area,flat,medium,mid_block
IMG_01091,Tamil Nadu,Chennai,12.986469,80.24325,asphalt,low,summer,commercial_area,flat,medium,near_intersection
IMG_01092,Tamil Nadu,Chennai,12.987551,80.232704,asphalt,low,summer,commercial_area,flat,narrow,mid_block
IMG_01093,Tamil Nadu,Chennai,13.001152,80.229551,asphalt,low,summer,commercial_area,flat,medium,mid_block
IMG_01094,Tamil Nadu,Chennai,12.989985,80.244424,asphalt,low,summer,commercial_area,flat,medium,at_intersection
IMG_01095,Tamil Nadu,Chennai,12.982332,80.234761,asphalt,medium,summer,commercial_area,flat,narrow,near_intersection
IMG_01096,Tamil Nadu,Chennai,12.988383,80.250394,asphalt,low,summer,commercial_area,flat,narrow,near_intersection
IMG_01097,Tamil Nadu,Chennai,12.991661,80.224869,asphalt,low,summer,commercial_area,flat,medium,mid_block
IMG_01098,Tamil Nadu,Chennai,13.006243,80.242833,asphalt,low,summer,commercial_area,flat,medium,mid_block
IMG_01099,Tamil Nadu,Chennai,13.00572,80.229531,asphalt,medium,summer,commercial_area,flat,medium,near_intersection
IMG_01100,Tamil Nadu,Chennai,12.983415,80.237886,asphalt,medium,summer,commercial_area,flat,wide,near_intersection
IMG_01101,Tamil Nadu,Chennai,12.988608,80.239584,asphalt,low,summer,commercial_area,flat,wide,near_intersection
IMG_01102,Tamil Nadu,Chennai,13.002595,80.226378,mixed,low,summer,commercial_area,flat,wide,mid_block
IMG_01103,Tamil Nadu,Chennai,12.999976,80.228366,concrete,low,summer,commercial_area,flat,narrow,mid_block
IMG_01104,Tamil Nadu,Chennai,12.995399,80.249475,concrete,low,summer,residential_building,flat,narrow,mid_block
IMG_01105,Tamil Nadu,Chennai,13.006631,80.222715,mixed,low,summer,residential_building,flat,narrow,mid_block
IMG_01106,Tamil Nadu,Chennai,12.993358,80.228784,asphalt,medium,summer,commercial_area,flat,wide,mid_block
IMG_01107,Tamil Nadu,Chennai,13.000066,80.228299,mixed,low,summer,commercial_area,flat,medium,mid_block
IMG_01108,Tamil Nadu,Chennai,13.003337,80.237835,mixed,low,summer,commercial_area,flat,narrow,near_intersection
IMG_01109,Tamil Nadu,Chennai,12.982417,80.248744,asphalt,medium,summer,commercial_area,flat,narrow,mid_block
IMG_01110,Tamil Nadu,Chennai,13.006269,80.23885,mixed,medium,summer,market,flat,narrow,near_intersection
IMG_01111,Tamil Nadu,Chennai,12.989736,80.249266,asphalt,low,summer,commercial_area,flat,narrow,mid_block
IMG_01112,Tamil Nadu,Chennai,13.00829,80.226591,asphalt,medium,summer,commercial_area,flat,narrow,mid_block
IMG_01113,Tamil Nadu,Chennai,12.992818,80.240105,asphalt,low,summer,commercial_area,flat,narrow,mid_block
IMG_01114,Tamil Nadu,Chennai,12.984908,80.250283,asphalt,medium,summer,commercial_area,flat,narrow,mid_block
IMG_01115,Tamil Nadu,Chennai,12.990488,80.250314,asphalt,low,summer,residential_building,flat,narrow,mid_block
IMG_01116,Tamil Nadu,Chennai,13.00552,80.228459,asphalt,low,summer,residential_building,flat,medium,mid_block
IMG_01117,Tamil Nadu,Chennai,13.004786,80.223235,asphalt,low,summer,none,flat,medium,mid_block
IMG_01118,Tamil Nadu,Chennai,12.98704,80.246554,asphalt,low,summer,construction_site,flat,medium,mid_block
IMG_01119,Tamil Nadu,Chennai,12.994512,80.229722,unpaved,low,summer,residential_building,flat,narrow,mid_block
IMG_01120,Tamil Nadu,Chennai,13.005036,80.227168,gravel,low,summer,residential_building,flat,narrow,mid_block
IMG_01121,Tamil Nadu,Chennai,12.990364,80.248126,mixed,low,summer,commercial_area,flat,medium,near_intersection
IMG_01122,Tamil Nadu,Chennai,13.000203,80.232832,mixed,low,summer,residential_building,flat,narrow,mid_block
IMG_01123,Tamil Nadu,Chennai,13.009556,80.223473,mixed,low,summer,residential_building,flat,narrow,mid_block
IMG_01124,Tamil Nadu,Chennai,13.010535,80.225554,asphalt,low,summer,residential_building,flat,narrow,mid_block
IMG_01125,Tamil Nadu,Chennai,12.983458,80.23398,mixed,low,summer,residential_building,flat,narrow,mid_block
IMG_01126,Tamil Nadu,Chennai,13.002938,80.230001,mixed,low,summer,residential_building,flat,narrow,mid_block
IMG_01127,Tamil Nadu,Chennai,12.999095,80.23651,mixed,low,winter,residential_building,flat,narrow,mid_block
IMG_01128,Tamil Nadu,Chennai,12.992153,80.238655,asphalt,low,summer,residential_building,flat,narrow,mid_block
IMG_01129,Tamil Nadu,Chennai,12.988054,80.243006,asphalt,low,summer,residential_building,flat,narrow,mid_block
IMG_01130,Tamil Nadu,Chennai,12.996967,80.243356,asphalt,low,summer,residential_building,flat,narrow,mid_block
IMG_01131,Tamil Nadu,Chennai,13.003359,80.24175,mixed,low,summer,residential_building,flat,narrow,mid_block
IMG_01132,Tamil Nadu,Chennai,13.000918,80.230545,mixed,low,summer,residential_building,flat,narrow,mid_block
IMG_01133,Tamil Nadu,Chennai,12.989914,80.247589,asphalt,low,summer,commercial_area,flat,narrow,mid_block
IMG_01134,Tamil Nadu,Chennai,13.002662,80.229562,asphalt,low,summer,commercial_area,flat,narrow,mid_block
IMG_01135,Tamil Nadu,Chennai,12.989768,80.233119,asphalt,low,summer,commercial_area,flat,narrow,mid_block
IMG_01136,Tamil Nadu,Chennai,12.992693,80.229408,asphalt,low,summer,commercial_area,flat,narrow,mid_block
IMG_01137,Tamil Nadu,Chennai,12.984051,80.233516,asphalt,low,summer,commercial_area,flat,medium,mid_block
IMG_01138,Tamil Nadu,Chennai,12.989506,80.237712,asphalt,low,summer,commercial_area,flat,narrow,mid_block
IMG_01139,Tamil Nadu,Chennai,12.993557,80.238767,asphalt,low,summer,commercial_area,flat,medium,mid_block
IMG_01140,Tamil Nadu,Chennai,13.000619,80.234982,asphalt,low,summer,commercial_area,flat,narrow,mid_block
IMG_01141,Tamil Nadu,Chennai,12.993942,80.226711,asphalt,low,summer,commercial_area,flat,medium,mid_block
IMG_01142,Tamil Nadu,Chennai,12.994917,80.249338,asphalt,medium,summer,commercial_area,flat,narrow,mid_block
IMG_01143,Tamil Nadu,Chennai,13.005058,80.225262,asphalt,medium,summer,commercial_area,flat,narrow,mid_block
IMG_01144,Tamil Nadu,Tiruvallur,13.117133,79.925472,unpaved,low,summer,construction_site,flat,wide,mid_block
IMG_01145,Tamil Nadu,Tiruvallur,13.111953,79.934614,unpaved,low,summer,construction_site,flat,wide,mid_block
IMG_01146,Tamil Nadu,Tiruvallur,13.110317,79.934587,asphalt,low,summer,residential_building,flat,medium,mid_block
IMG_01147,Tamil Nadu,Tiruvallur,13.134253,79.926312,asphalt,low,summer,none,flat,medium,mid_block
IMG_01148,Tamil Nadu,Tiruvallur,13.131505,79.920483,asphalt,low,summer,residential_building,flat,medium,mid_block
IMG_01149,Tamil Nadu,Tiruvallur,13.111297,79.918474,asphalt,low,summer,residential_building,flat,medium,mid_block
IMG_01150,Tamil Nadu,Tiruvallur,13.126684,79.917437,unpaved,low,summer,residential_building,flat,narrow,mid_block
IMG_01151,Tamil Nadu,Tiruvallur,13.125829,79.916087,mixed,low,summer,parking_area,flat,narrow,mid_block
IMG_01152,Tamil Nadu,Tiruvallur,13.108935,79.931096,asphalt,low,summer,parking_area,flat,narrow,mid_block
IMG_01153,Tamil Nadu,Tiruvallur,13.116024,79.922462,mixed,low,summer,construction_site,flat,narrow,mid_block
IMG_01154,Tamil Nadu,Tiruvallur,13.116253,79.931596,mixed,low,summer,residential_building,flat,medium,near_intersection
IMG_01155,Tamil Nadu,Tiruvallur,13.108591,79.951167,mixed,low,summer,none,flat,narrow,mid_block
IMG_01156,Tamil Nadu,Tiruvallur,13.10919,79.952845,mixed,low,summer,residential_building,flat,medium,at_intersection
IMG_01157,Tamil Nadu,Tiruvallur,13.122197,79.932152,mixed,low,summer,commercial_area,flat,medium,at_intersection
IMG_01158,Tamil Nadu,Tiruvallur,13.116589,79.932818,asphalt,low,summer,drainage_channel,flat,medium,at_intersection
IMG_01159,Tamil Nadu,Tiruvallur,13.109999,79.954642,mixed,low,summer,commercial_area,flat,medium,mid_block
IMG_01160,Tamil Nadu,Tiruvallur,13.117251,79.945118,asphalt,low,summer,drainage_channel,flat,medium,mid_block
IMG_01161,Tamil Nadu,Tiruvallur,13.122121,79.9172,asphalt,low,summer,residential_building,flat,medium,mid_block
IMG_01162,Tamil Nadu,Tiruvallur,13.114359,79.930867,asphalt,low,summer,residential_building,flat,medium,near_intersection
IMG_01163,Tamil Nadu,Tiruvallur,13.120153,79.935246,asphalt,low,winter,residential_building,flat,medium,mid_block
IMG_01164,Tamil Nadu,Tiruvallur,13.111669,79.927522,asphalt,low,summer,drainage_channel,flat,narrow,mid_block
IMG_01165,Tamil Nadu,Tiruvallur,13.115421,79.929373,asphalt,low,summer,commercial_area,flat,medium,mid_block
IMG_01166,Tamil Nadu,Tiruvallur,13.117098,79.939118,mixed,low,summer,construction_site,flat,medium,mid_block
IMG_01167,Tamil Nadu,Tiruvallur,13.127375,79.922951,concrete,low,summer,none,flat,medium,mid_block
IMG_01168,Tamil Nadu,Tiruvallur,13.116947,79.938338,asphalt,low,summer,drainage_channel,flat,medium,mid_block
IMG_01169,Tamil Nadu,Tiruvallur,13.111146,79.926335,mixed,low,summer,none,flat,narrow,mid_block
IMG_01170,Tamil Nadu,Tiruvallur,13.118718,79.938972,asphalt,low,summer,residential_building,flat,medium,mid_block
IMG_01171,Tamil Nadu,Tiruvallur,13.135222,79.924261,mixed,low,summer,residential_building,flat,medium,mid_block
IMG_01172,Tamil Nadu,Tiruvallur,13.126397,79.930127,asphalt,low,summer,commercial_area,flat,medium,mid_block
IMG_01173,Tamil Nadu,Tiruvallur,13.117807,79.926993,asphalt,low,summer,residential_building,flat,narrow,mid_block
IMG_01174,Tamil Nadu,Tiruvallur,13.112319,79.919346,asphalt,low,summer,residential_building,flat,medium,mid_block
IMG_01175,Tamil Nadu,Tiruvallur,13.113718,79.915397,asphalt,low,summer,drainage_channel,flat,medium,mid_block
IMG_01176,Tamil Nadu,Tiruvallur,13.109203,79.951823,asphalt,low,summer,residential_building,flat,medium,near_intersection
IMG_01177,Tamil Nadu,Tiruvallur,13.109928,79.948033,asphalt,low,summer,residential_building,flat,medium,mid_block
IMG_01178,Tamil Nadu,Tiruvallur,13.130033,79.915061,asphalt,low,winter,drainage_channel,flat,medium,mid_block
IMG_01179,Tamil Nadu,Tiruvallur,13.118257,79.916669,asphalt,low,summer,none,flat,medium,mid_block
IMG_01180,Tamil Nadu,Tiruvallur,13.131324,79.916839,asphalt,low,summer,none,flat,medium,mid_block
IMG_01181,Tamil Nadu,Tiruvallur,13.1201,79.92948,asphalt,low,summer,none,flat,medium,mid_block
IMG_01182,Tamil Nadu,Tiruvallur,13.127314,79.920548,asphalt,low,summer,none,flat,narrow,mid_block
IMG_01183,Tamil Nadu,Tiruvallur,13.120297,79.922991,asphalt,low,summer,none,flat,narrow,mid_block
IMG_01184,Tamil Nadu,Tiruvallur,13.129496,79.931442,asphalt,low,summer,residential_building,flat,medium,mid_block
IMG_01185,Tamil Nadu,Tiruvallur,13.123011,79.924255,asphalt,low,summer,drainage_channel,flat,medium,mid_block
IMG_01186,Tamil Nadu,Tiruvallur,13.132112,79.927264,asphalt,low,winter,none,flat,narrow,mid_block
IMG_01187,Tamil Nadu,Tiruvallur,13.120825,79.922828,mixed,low,monsoon,none,flat,narrow,mid_block
IMG_01188,Tamil Nadu,Tiruvallur,13.118413,79.935489,mixed,low,summer,drainage_channel,flat,medium,mid_block
IMG_01189,Tamil Nadu,Tiruvallur,13.131089,79.91544,mixed,low,summer,none,flat,medium,mid_block
IMG_01190,Tamil Nadu,Tiruvallur,13.114427,79.941349,asphalt,low,summer,residential_building,flat,medium,mid_block
IMG_01191,Tamil Nadu,Tiruvallur,13.109972,79.951899,mixed,low,summer,none,flat,medium,mid_block
IMG_01192,Tamil Nadu,Tiruvallur,13.132597,79.922998,asphalt,low,summer,none,flat,medium,mid_block
IMG_01193,Tamil Nadu,Tiruvallur,13.129936,79.922365,asphalt,low,summer,residential_building,flat,medium,mid_block
IMG_01194,Tamil Nadu,Tiruvallur,13.134234,79.915901,asphalt,low,summer,none,flat,narrow,mid_block
IMG_01195,Tamil Nadu,Tiruvallur,13.113582,79.931556,asphalt,low,summer,none,flat,medium,mid_block
IMG_01196,Tamil Nadu,Tiruvallur,13.117437,79.909682,asphalt,low,summer,none,flat,narrow,mid_block
IMG_01197,Tamil Nadu,Tiruvallur,13.118203,79.909761,asphalt,low,summer,none,flat,narrow,mid_block
IMG_01198,Tamil Nadu,Tiruvallur,13.11103,79.923091,asphalt,low,summer,residential_building,flat,medium,mid_block
IMG_01199,Tamil Nadu,Tiruvallur,13.111066,79.944666,asphalt,low,summer,residential_building,flat,medium,mid_block
IMG_01200,Tamil Nadu,Tiruvallur,13.110232,79.923154,asphalt,low,summer,commercial_area,flat,medium,mid_block
IMG_01201,Tamil Nadu,Tiruvallur,13.115973,79.910769,asphalt,low,monsoon,drainage_channel,flat,medium,mid_block
IMG_01202,Tamil Nadu,Tiruvallur,13.120687,79.914021,asphalt,low,summer,none,flat,medium,mid_block
IMG_01203,Tamil Nadu,Tiruvallur,13.114184,79.915707,asphalt,low,summer,none,flat,medium,mid_block
IMG_01204,Tamil Nadu,Tiruvallur,13.119845,79.93999,asphalt,low,summer,none,flat,medium,mid_block
IMG_01205,Tamil Nadu,Tiruvallur,13.114142,79.929775,asphalt,low,summer,commercial_area,flat,medium,near_intersection
IMG_01206,Tamil Nadu,Tiruvallur,13.126952,79.91272,asphalt,low,summer,none,flat,medium,mid_block
IMG_01207,Tamil Nadu,Tiruvallur,13.13633,79.911796,asphalt,low,summer,commercial_area,flat,medium,near_intersection
IMG_01208,Tamil Nadu,Tiruvallur,13.122771,79.934452,asphalt,low,monsoon,none,flat,medium,mid_block
IMG_01209,Tamil Nadu,Tiruvallur,13.118672,79.932535,asphalt,low,summer,commercial_area,flat,medium,mid_block
IMG_01210,Tamil Nadu,Tiruvallur,13.130704,79.926076,mixed,low,summer,none,flat,medium,mid_block
IMG_01211,Tamil Nadu,Tiruvallur,13.116921,79.910593,asphalt,low,summer,commercial_area,flat,medium,mid_block
IMG_01212,Tamil Nadu,Tiruvallur,13.112163,79.948459,asphalt,low,summer,drainage_channel,flat,medium,mid_block
IMG_01213,Tamil Nadu,Tiruvallur,13.108778,79.948307,asphalt,low,summer,none,flat,medium,mid_block
IMG_01214,Tamil Nadu,Tiruvallur,13.120704,79.92343,asphalt,low,summer,traffic_signal,flat,medium,near_intersection
IMG_01215,Tamil Nadu,Tiruvallur,13.108138,79.956406,asphalt,low,summer,drainage_channel,flat,wide,mid_block
IMG_01216,Tamil Nadu,Tiruvallur,13.123284,79.921362,asphalt,low,summer,bus_stop,flat,medium,near_intersection
IMG_01217,Tamil Nadu,Tiruvallur,13.129639,79.918156,asphalt,low,summer,residential_building,flat,wide,mid_block
IMG_01218,Tamil Nadu,Tiruvallur,13.13304,79.925413,asphalt,low,summer,residential_building,flat,medium,mid_block
IMG_01219,Tamil Nadu,Tiruvallur,13.110633,79.927273,asphalt,low,summer,drainage_channel,flat,medium,mid_block
IMG_01220,Tamil Nadu,Tiruvallur,13.128847,79.912375,asphalt,low,summer,residential_building,flat,medium,mid_block
IMG_01221,Tamil Nadu,Tiruvallur,13.123358,79.924861,asphalt,low,summer,none,flat,medium,mid_block
IMG_01222,Tamil Nadu,Tiruvallur,13.109291,79.942366,asphalt,low,winter,drainage_channel,flat,medium,mid_block
IMG_01223,Tamil Nadu,Tiruvallur,13.116135,79.939362,asphalt,low,summer,residential_building,flat,medium,mid_block
IMG_01224,Tamil Nadu,Tiruvallur,13.117497,79.910491,asphalt,low,monsoon,none,flat,medium,mid_block
IMG_01225,Tamil Nadu,Tiruvallur,13.133168,79.926476,asphalt,low,summer,construction_site,flat,medium,mid_block
IMG_01226,Tamil Nadu,Tiruvallur,13.109139,79.94116,asphalt,low,summer,construction_site,flat,medium,mid_block
IMG_01227,Tamil Nadu,Tiruvallur,13.111187,79.939617,asphalt,low,summer,residential_building,flat,medium,mid_block
IMG_01228,Tamil Nadu,Tiruvallur,13.130486,79.910101,asphalt,low,summer,residential_building,flat,medium,near_intersection
IMG_01229,Tamil Nadu,Tiruvallur,13.108903,79.948426,asphalt,low,summer,residential_building,flat,medium,mid_block
IMG_01230,Tamil Nadu,Tiruvallur,13.117943,79.928037,asphalt,low,winter,none,flat,medium,mid_block
IMG_01231,Tamil Nadu,Tiruvallur,13.124218,79.935592,asphalt,low,summer,residential_building,flat,medium,at_intersection
IMG_01232,Tamil Nadu,Tiruvallur,13.118902,79.941781,asphalt,low,summer,residential_building,flat,medium,at_intersection
IMG_01233,Tamil Nadu,Tiruvallur,13.114416,79.914154,asphalt,low,summer,none,flat,medium,near_intersection
IMG_01234,Tamil Nadu,Tiruvallur,13.118568,79.937252,asphalt,low,summer,residential_building,flat,medium,near_intersection
IMG_01235,Tamil Nadu,Tiruvallur,13.114783,79.921721,asphalt,low,summer,commercial_area,flat,medium,near_intersection
IMG_01236,Tamil Nadu,Tiruvallur,13.121718,79.914628,asphalt,low,summer,none,flat,medium,mid_block
IMG_01237,Tamil Nadu,Tiruvallur,13.109524,79.943449,concrete,low,summer,market,flat,narrow,mid_block
IMG_01238,Tamil Nadu,Tiruvallur,13.132427,79.924777,unpaved,low,summer,drainage_channel,flat,narrow,mid_block
IMG_01239,Tamil Nadu,Tiruvallur,13.117372,79.911654,asphalt,low,summer,residential_building,flat,medium,mid_block
IMG_01240,Tamil Nadu,Tiruvallur,13.110539,79.918665,asphalt,low,summer,none,flat,medium,mid_block
IMG_01241,Tamil Nadu,Tiruvallur,13.111069,79.949038,concrete,low,summer,residential_building,flat,medium,mid_block
IMG_01242,Tamil Nadu,Tiruvallur,13.109477,79.924246,asphalt,low,summer,residential_building,flat,medium,mid_block
IMG_01243,Tamil Nadu,Tiruvallur,13.131756,79.912109,concrete,low,summer,none,flat,medium,mid_block
IMG_01244,Tamil Nadu,Tiruvallur,13.111496,79.916793,concrete,low,summer,residential_building,flat,medium,mid_block
IMG_01245,Tamil Nadu,Tiruvallur,13.116623,79.944861,concrete,low,summer,none,flat,medium,mid_block
IMG_01246,Tamil Nadu,Tiruvallur,13.114446,79.941034,asphalt,low,summer,none,flat,medium,mid_block
IMG_01247,Tamil Nadu,Tiruvallur,13.12352,79.914758,concrete,low,summer,none,flat,medium,mid_block
IMG_01248,Tamil Nadu,Tiruvallur,13.116024,79.935799,asphalt,low,summer,residential_building,flat,medium,mid_block
IMG_01249,Tamil Nadu,Tiruvallur,13.122061,79.916998,asphalt,low,summer,residential_building,flat,medium,mid_block
IMG_01250,Tamil Nadu,Tiruvallur,13.135331,79.916254,asphalt,low,summer,residential_building,flat,narrow,mid_block
IMG_01251,Tamil Nadu,Tiruvallur,13.119462,79.941236,concrete,low,summer,drainage_channel,flat,medium,mid_block
IMG_01252,Tamil Nadu,Tiruvallur,13.121924,79.940627,asphalt,low,summer,drainage_channel,flat,medium,mid_block
IMG_01253,Tamil Nadu,Tiruvallur,13.127575,79.923635,asphalt,low,summer,residential_building,flat,medium,mid_block
IMG_01254,Tamil Nadu,Tiruvallur,13.120158,79.933262,concrete,low,summer,residential_building,flat,medium,mid_block
IMG_01255,Tamil Nadu,Tiruvallur,13.113038,79.93957,asphalt,low,summer,residential_building,flat,medium,near_intersection
IMG_01256,Tamil Nadu,Tiruvallur,13.116319,79.945327,asphalt,low,summer,commercial_area,flat,medium,mid_block
IMG_01257,Tamil Nadu,Tiruvallur,13.136352,79.915047,asphalt,low,winter,drainage_channel,flat,narrow,mid_block
IMG_01258,Tamil Nadu,Tiruvallur,13.118071,79.937251,asphalt,low,summer,residential_building,flat,narrow,mid_block
IMG_01259,Tamil Nadu,Tiruvallur,13.116516,79.932346,concrete,low,summer,none,flat,narrow,mid_block
IMG_01260,Tamil Nadu,Tiruvallur,13.114955,79.921084,asphalt,low,summer,residential_building,flat,medium,mid_block
IMG_01261,Tamil Nadu,Tiruvallur,13.109797,79.923263,asphalt,low,summer,residential_building,flat,narrow,mid_block
IMG_01262,Tamil Nadu,Tiruvallur,13.118482,79.94002,asphalt,low,winter,drainage_channel,flat,medium,mid_block
IMG_01263,Tamil Nadu,Tiruvallur,13.111698,79.925181,concrete,low,summer,residential_building,flat,medium,mid_block
IMG_01264,Tamil Nadu,Tiruvallur,13.124332,79.924423,concrete,low,summer,none,flat,medium,mid_block
IMG_01265,Tamil Nadu,Tiruvallur,13.122429,79.93401,asphalt,low,monsoon,parking_area,flat,medium,mid_block
IMG_01266,Tamil Nadu,Tiruvallur,13.116197,79.909502,concrete,low,summer,residential_building,flat,medium,mid_block
IMG_01267,Tamil Nadu,Tiruvallur,13.136089,79.919395,concrete,low,winter,parking_area,flat,narrow,mid_block
IMG_01268,Tamil Nadu,Tiruvallur,13.117537,79.910912,concrete,low,summer,parking_area,flat,medium,mid_block
IMG_01269,Tamil Nadu,Tiruvallur,13.126646,79.932558,unpaved,low,monsoon,drainage_channel,flat,narrow,mid_block
IMG_01270,Tamil Nadu,Tiruvallur,13.117931,79.928951,unpaved,low,summer,drainage_channel,flat,narrow,mid_block
IMG_01271,Tamil Nadu,Tiruvallur,13.124108,79.918339,unpaved,low,summer,residential_building,flat,narrow,mid_block
IMG_01272,Tamil Nadu,Tiruvallur,13.123592,79.912097,mixed,low,summer,drainage_channel,flat,narrow,mid_block
IMG_01273,Tamil Nadu,Tiruvallur,13.127436,79.914431,concrete,low,winter,residential_building,flat,narrow,mid_block
IMG_01274,Tamil Nadu,Tiruvallur,13.130897,79.925782,concrete,low,summer,residential_building,flat,narrow,mid_block
IMG_01275,Tamil Nadu,Tiruvallur,13.112888,79.934544,concrete,low,winter,residential_building,flat,narrow,mid_block
IMG_01276,Tamil Nadu,Tiruvallur,13.121986,79.910643,concrete,low,summer,residential_building,flat,narrow,mid_block
IMG_01277,Tamil Nadu,Tiruvallur,13.111013,79.92547,mixed,low,post_monsoon,residential_building,flat,narrow,mid_block
IMG_01278,Tamil Nadu,Tiruvallur,13.12119,79.931858,asphalt,low,summer,residential_building,flat,narrow,mid_block
IMG_01279,Tamil Nadu,Tiruvallur,13.125195,79.934873,concrete,low,winter,residential_building,flat,narrow,mid_block
IMG_01280,Tamil Nadu,Tiruvallur,13.116784,79.939901,concrete,low,summer,drainage_channel,flat,narrow,mid_block
IMG_01281,Tamil Nadu,Tiruvallur,13.129217,79.923728,concrete,low,summer,none,flat,medium,mid_block
IMG_01282,Tamil Nadu,Tiruvallur,13.118005,79.943031,mixed,low,summer,residential_building,flat,narrow,mid_block
IMG_01283,Tamil Nadu,Tiruvallur,13.124508,79.917095,asphalt,low,summer,none,flat,medium,mid_block
IMG_01284,Tamil Nadu,Tiruvallur,13.132295,79.915923,unpaved,low,summer,none,flat,medium,mid_block
IMG_01285,Tamil Nadu,Tiruvallur,13.135531,79.913971,asphalt,low,summer,residential_building,flat,narrow,mid_block
IMG_01286,Tamil Nadu,Tiruvallur,13.111448,79.943891,asphalt,low,summer,residential_building,flat,narrow,mid_block
IMG_01287,Tamil Nadu,Tiruvallur,13.129112,79.911517,concrete,low,summer,none,flat,medium,mid_block
IMG_01288,Tamil Nadu,Tiruvallur,13.111045,79.918993,asphalt,low,summer,drainage_channel,flat,medium,mid_block
IMG_01289,Tamil Nadu,Tiruvallur,13.116696,79.942434,asphalt,low,summer,construction_site,flat,narrow,mid_block
IMG_01290,Tamil Nadu,Tiruvallur,13.122754,79.924476,concrete,low,winter,none,flat,medium,mid_block
IMG_01291,Tamil Nadu,Tiruvallur,13.112105,79.955312,concrete,low,summer,residential_building,flat,medium,mid_block
IMG_01292,Tamil Nadu,Tiruvallur,13.117218,79.926565,concrete,low,summer,residential_building,flat,narrow,mid_block
IMG_01293,Tamil Nadu,Tiruvallur,13.125311,79.918216,asphalt,low,summer,residential_building,flat,narrow,mid_block
IMG_01294,Tamil Nadu,Tiruvallur,13.114322,79.937067,concrete,low,summer,drainage_channel,flat,narrow,mid_block
IMG_01295,Tamil Nadu,Tiruvallur,13.115866,79.923201,concrete,low,monsoon,drainage_channel,flat,narrow,mid_block
IMG_01296,Tamil Nadu,Tiruvallur,13.113136,79.944637,concrete,low,summer,residential_building,flat,narrow,mid_block
IMG_01297,Tamil Nadu,Tiruvallur,13.116454,79.926283,mixed,low,summer,residential_building,flat,medium,mid_block
IMG_01298,Tamil Nadu,Tiruvallur,13.115136,79.914588,concrete,low,summer,residential_building,flat,medium,near_intersection
IMG_01299,Tamil Nadu,Tiruvallur,13.127322,79.927874,concrete,low,summer,residential_building,flat,medium,mid_block
IMG_01300,Tamil Nadu,Tiruvallur,13.11565,79.92313,concrete,low,summer,residential_building,flat,medium,mid_block
IMG_01301,Tamil Nadu,Tiruvallur,13.128456,79.926157,concrete,low,summer,residential_building,flat,narrow,mid_block
IMG_01302,Tamil Nadu,Tiruvallur,13.120242,79.921523,asphalt,low,summer,drainage_channel,flat,medium,mid_block
IMG_01303,Tamil Nadu,Tiruvallur,13.121351,79.918721,asphalt,low,summer,residential_building,flat,medium,mid_block
IMG_01304,Tamil Nadu,Tiruvallur,13.127913,79.915382,asphalt,low,summer,commercial_area,flat,narrow,mid_block
IMG_01305,Tamil Nadu,Tiruvallur,13.114199,79.942826,mixed,low,summer,residential_building,flat,narrow,mid_block
IMG_01306,Tamil Nadu,Tiruvallur,13.128553,79.913489,mixed,low,summer,residential_building,flat,narrow,mid_block
IMG_01307,Tamil Nadu,Tiruvallur,13.116578,79.941592,mixed,low,summer,residential_building,flat,narrow,mid_block
IMG_01308,Tamil Nadu,Tiruvallur,13.134313,79.912918,concrete,low,summer,residential_building,flat,medium,mid_block
IMG_01309,Tamil Nadu,Tiruvallur,13.124224,79.935885,concrete,low,summer,residential_building,flat,narrow,mid_block
IMG_01310,Tamil Nadu,Tiruvallur,13.134473,79.917329,concrete,low,summer,residential_building,flat,narrow,mid_block
IMG_01311,Tamil Nadu,Tiruvallur,13.133537,79.917367,concrete,low,summer,residential_building,flat,narrow,mid_block
IMG_01312,Tamil Nadu,Tiruvallur,13.11887,79.933836,asphalt,low,summer,drainage_channel,flat,narrow,mid_block
IMG_01313,Tamil Nadu,Tiruvallur,13.110114,79.958964,concrete,low,summer,commercial_area,flat,medium,mid_block
IMG_01314,Tamil Nadu,Tiruvallur,13.123292,79.93376,asphalt,low,summer,residential_building,flat,medium,near_intersection
IMG_01315,Tamil Nadu,Tiruvallur,13.121017,79.918244,asphalt,low,summer,commercial_area,flat,medium,near_intersection
IMG_01316,Tamil Nadu,Tiruvallur,13.120742,79.921565,mixed,low,summer,residential_building,flat,narrow,mid_block
IMG_01317,Tamil Nadu,Tiruvallur,13.112499,79.946267,mixed,low,summer,drainage_channel,flat,medium,mid_block
IMG_01318,Tamil Nadu,Tiruvallur,13.12976,79.917352,mixed,low,summer,commercial_area,flat,narrow,mid_block
IMG_01319,Tamil Nadu,Tiruvallur,13.109493,79.942796,concrete,low,summer,residential_building,flat,medium,mid_block
IMG_01320,Tamil Nadu,Tiruvallur,13.112456,79.915554,asphalt,low,summer,residential_building,flat,narrow,near_intersection
IMG_01321,Tamil Nadu,Tiruvallur,13.116652,79.92109,mixed,low,summer,none,flat,medium,near_intersection
IMG_01322,Tamil Nadu,Tiruvallur,13.114753,79.920445,mixed,low,summer,none,flat,narrow,mid_block
IMG_01323,Tamil Nadu,Tiruvallur,13.115997,79.94556,concrete,low,summer,commercial_area,flat,medium,mid_block
IMG_01324,Tamil Nadu,Tiruvallur,13.12781,79.911509,concrete,low,summer,drainage_channel,flat,narrow,mid_block
IMG_01325,Tamil Nadu,Tiruvallur,13.110444,79.924118,concrete,low,summer,drainage_channel,flat,narrow,mid_block
IMG_01326,Tamil Nadu,Tiruvallur,13.119125,79.934204,concrete,low,summer,parking_area,flat,medium,mid_block
IMG_01327,Tamil Nadu,Tiruvallur,13.11627,79.914359,asphalt,low,summer,residential_building,flat,medium,mid_block
IMG_01328,Tamil Nadu,Tiruvallur,13.134561,79.923512,asphalt,low,summer,none,flat,medium,mid_block
IMG_01329,Tamil Nadu,Tiruvallur,13.125448,79.9196,mixed,low,summer,none,flat,narrow,mid_block
IMG_01330,Tamil Nadu,Tiruvallur,13.11944,79.936611,asphalt,low,summer,residential_building,flat,narrow,mid_block
IMG_01331,Tamil Nadu,Tiruvallur,13.121102,79.936007,asphalt,low,summer,residential_building,flat,medium,mid_block
IMG_01332,Tamil Nadu,Tiruvallur,13.126943,79.919563,mixed,low,summer,none,flat,medium,mid_block
IMG_01333,Tamil Nadu,Tiruvallur,13.114351,79.947201,mixed,low,summer,none,flat,medium,mid_block
IMG_01334,Tamil Nadu,Tiruvallur,13.133262,79.912527,mixed,low,summer,none,flat,medium,mid_block
IMG_01335,Tamil Nadu,Tiruvallur,13.109232,79.937381,asphalt,low,summer,none,flat,medium,mid_block
IMG_01336,Tamil Nadu,Tiruvallur,13.108738,79.936529,unpaved,low,monsoon,none,flat,narrow,mid_block
IMG_01337,Tamil Nadu,Tiruvallur,13.122149,79.93782,concrete,low,summer,residential_building,flat,narrow,mid_block
IMG_01338,Tamil Nadu,Tiruvallur,13.1114,79.925217,asphalt,low,summer,none,flat,medium,mid_block
IMG_01339,Tamil Nadu,Tiruvallur,13.122598,79.914298,asphalt,low,summer,commercial_area,flat,medium,mid_block
IMG_01340,Tamil Nadu,Tiruvallur,13.113079,79.938359,asphalt,low,summer,commercial_area,flat,narrow,near_intersection
IMG_01341,Tamil Nadu,Tiruvallur,13.10962,79.934609,asphalt,low,summer,none,flat,medium,mid_block
IMG_01342,Tamil Nadu,Tiruvallur,13.122384,79.931848,asphalt,low,summer,drainage_channel,flat,medium,near_intersection
IMG_01343,Tamil Nadu,Tiruvallur,13.135119,79.911865,asphalt,low,summer,residential_building,flat,medium,mid_block
IMG_01344,Tamil Nadu,Tiruvallur,13.135094,79.909943,asphalt,low,summer,drainage_channel,flat,medium,mid_block
IMG_01345,Tamil Nadu,Tiruvallur,13.126393,79.92997,asphalt,low,summer,drainage_channel,flat,medium,mid_block
IMG_01346,Tamil Nadu,Tiruvallur,13.118225,79.94349,asphalt,low,summer,none,flat,medium,mid_block
IMG_01347,Tamil Nadu,Tiruvallur,13.126624,79.926229,asphalt,low,summer,drainage_channel,flat,medium,near_intersection
IMG_01348,Tamil Nadu,Tiruvallur,13.112265,79.935994,concrete,low,summer,drainage_channel,flat,medium,mid_block
IMG_01349,Tamil Nadu,Tiruvallur,13.114352,79.926146,asphalt,low,summer,drainage_channel,flat,medium,near_intersection
IMG_01350,Tamil Nadu,Tiruvallur,13.128785,79.914123,asphalt,low,summer,drainage_channel,flat,medium,mid_block
IMG_01351,Tamil Nadu,Tiruvallur,13.131337,79.929912,asphalt,low,summer,drainage_channel,flat,narrow,mid_block
IMG_01352,Tamil Nadu,Tiruvallur,13.108342,79.94647,asphalt,low,summer,none,flat,medium,mid_block
IMG_01353,Tamil Nadu,Tiruvallur,13.119029,79.920384,asphalt,low,summer,none,flat,medium,mid_block
IMG_01354,Tamil Nadu,Tiruvallur,13.113438,79.952818,asphalt,low,summer,residential_building,flat,medium,mid_block
IMG_01355,Tamil Nadu,Tiruvallur,13.128981,79.924742,asphalt,low,summer,commercial_area,flat,medium,mid_block
IMG_01356,Tamil Nadu,Tiruvallur,13.116563,79.923859,asphalt,low,monsoon,none,flat,medium,mid_block
IMG_01357,Tamil Nadu,Tiruvallur,13.111201,79.94233,asphalt,low,summer,drainage_channel,flat,narrow,mid_block
IMG_01358,Tamil Nadu,Tiruvallur,13.113552,79.923793,asphalt,low,summer,commercial_area,flat,narrow,mid_block
IMG_01359,Tamil Nadu,Tiruvallur,13.108713,79.957187,asphalt,low,summer,residential_building,flat,narrow,mid_block
IMG_01360,Tamil Nadu,Tiruvallur,13.125792,79.930323,mixed,low,summer,construction_site,flat,narrow,mid_block
IMG_01361,Tamil Nadu,Tiruvallur,13.130622,79.924733,asphalt,low,summer,parking_area,flat,medium,near_intersection
IMG_01362,Tamil Nadu,Tiruvallur,13.119454,79.915997,asphalt,low,summer,market,flat,medium,mid_block
IMG_01363,Tamil Nadu,Tiruvallur,13.115961,79.944771,asphalt,low,summer,commercial_area,flat,narrow,mid_block
IMG_01364,Tamil Nadu,Tiruvallur,13.123715,79.915218,asphalt,low,summer,residential_building,flat,medium,mid_block
IMG_01365,Tamil Nadu,Tiruvallur,13.114211,79.918786,asphalt,low,summer,commercial_area,flat,medium,mid_block
IMG_01366,Tamil Nadu,Tiruvallur,13.132476,79.913073,asphalt,low,summer,commercial_area,flat,medium,mid_block
IMG_01367,Tamil Nadu,Tiruvallur,13.128772,79.918124,asphalt,low,summer,residential_building,flat,narrow,near_intersection
IMG_01368,Tamil Nadu,Tiruvallur,13.114985,79.943024,asphalt,low,monsoon,commercial_area,flat,narrow,mid_block
IMG_01369,Tamil Nadu,Tiruvallur,13.112558,79.94756,asphalt,low,summer,market,flat,medium,mid_block
IMG_01370,Tamil Nadu,Tiruvallur,13.107334,79.956602,asphalt,low,summer,market,flat,medium,mid_block
IMG_01371,Tamil Nadu,Tiruvallur,13.13595,79.914354,asphalt,low,summer,commercial_area,flat,medium,mid_block
IMG_01372,Tamil Nadu,Tiruvallur,13.114203,79.939454,asphalt,low,summer,residential_building,flat,medium,mid_block
IMG_01373,Tamil Nadu,Tiruvallur,13.118377,79.935808,asphalt,low,summer,residential_building,flat,medium,mid_block
IMG_01374,Tamil Nadu,Tiruvallur,13.11773,79.921787,asphalt,low,summer,residential_building,flat,medium,mid_block
IMG_01375,Tamil Nadu,Tiruvallur,13.122371,79.933934,asphalt,low,summer,none,flat,medium,mid_block
IMG_01376,Tamil Nadu,Tiruvallur,13.109851,79.958877,asphalt,low,summer,commercial_area,flat,medium,mid_block
IMG_01377,Tamil Nadu,Tiruvallur,13.119382,79.937296,asphalt,low,summer,commercial_area,flat,medium,mid_block
IMG_01378,Tamil Nadu,Tiruvallur,13.113559,79.915828,asphalt,low,summer,commercial_area,flat,medium,mid_block
IMG_01379,Tamil Nadu,Tiruvallur,13.124376,79.929827,asphalt,low,summer,residential_building,flat,narrow,mid_block
IMG_01380,Tamil Nadu,Tiruvallur,13.111478,79.925307,asphalt,low,summer,commercial_area,flat,medium,mid_block
IMG_01381,Tamil Nadu,Tiruvallur,13.12757,79.921569,asphalt,low,summer,commercial_area,flat,medium,mid_block
IMG_01382,Tamil Nadu,Tiruvallur,13.126266,79.933589,asphalt,low,summer,drainage_channel,flat,medium,mid_block
IMG_01383,Tamil Nadu,Tiruvallur,13.111956,79.949275,asphalt,low,summer,none,flat,medium,mid_block
IMG_01384,Tamil Nadu,Tiruvallur,13.111987,79.945427,asphalt,low,summer,drainage_channel,flat,medium,mid_block
IMG_01385,Tamil Nadu,Tiruvallur,13.113866,79.94475,asphalt,low,monsoon,drainage_channel,flat,medium,mid_block
IMG_01386,Tamil Nadu,Tiruvallur,13.118151,79.940146,asphalt,low,winter,commercial_area,flat,medium,mid_block
IMG_01387,Tamil Nadu,Tiruvallur,13.121476,79.933448,asphalt,low,summer,commercial_area,flat,medium,near_intersection
IMG_01388,Tamil Nadu,Tiruvallur,13.134369,79.913823,asphalt,low,summer,residential_building,flat,narrow,mid_block
IMG_01389,Tamil Nadu,Tiruvallur,13.112672,79.935437,asphalt,low,summer,commercial_area,flat,medium,mid_block
IMG_01390,Tamil Nadu,Tiruvallur,13.131511,79.922084,asphalt,low,summer,commercial_area,flat,medium,mid_block
IMG_01391,Tamil Nadu,Tiruvallur,13.118867,79.927532,asphalt,low,summer,commercial_area,flat,medium,mid_block
IMG_01392,Tamil Nadu,Tiruvallur,13.119143,79.937424,asphalt,low,summer,residential_building,flat,medium,mid_block
IMG_01393,Tamil Nadu,Tiruvallur,13.136801,79.919947,asphalt,low,monsoon,drainage_channel,flat,medium,mid_block
IMG_01394,Tamil Nadu,Tiruvallur,13.129829,79.913126,asphalt,low,winter,commercial_area,flat,medium,mid_block
IMG_01395,Tamil Nadu,Tiruvallur,13.118334,79.93679,asphalt,low,summer,commercial_area,flat,medium,mid_block
IMG_01396,Tamil Nadu,Tiruvallur,13.112051,79.934067,asphalt,low,summer,none,flat,medium,mid_block
IMG_01397,Tamil Nadu,Tiruvallur,13.109753,79.935525,asphalt,low,summer,drainage_channel,flat,medium,mid_block
IMG_01398,Tamil Nadu,Tiruvallur,13.121243,79.910707,asphalt,low,summer,none,flat,medium,mid_block
IMG_01399,Tamil Nadu,Tiruvallur,13.109118,79.956005,asphalt,low,summer,commercial_area,flat,medium,mid_block
IMG_01400,Tamil Nadu,Tiruvallur,13.107865,79.956169,asphalt,low,summer,market,flat,medium,near_intersection
IMG_01401,Tamil Nadu,Tiruvallur,13.128413,79.928833,asphalt,low,summer,commercial_area,flat,narrow,near_intersection
IMG_01402,Tamil Nadu,Tiruvallur,13.114139,79.951319,asphalt,low,monsoon,none,flat,medium,mid_block
IMG_01403,Tamil Nadu,Tiruvallur,13.116898,79.947246,asphalt,low,summer,commercial_area,flat,medium,near_intersection
IMG_01404,Tamil Nadu,Tiruvallur,13.13632,79.911075,asphalt,low,summer,commercial_area,flat,wide,near_intersection
IMG_01405,Tamil Nadu,Tiruvallur,13.130252,79.909835,asphalt,low,summer,commercial_area,flat,medium,near_intersection
IMG_01406,Tamil Nadu,Tiruvallur,13.121699,79.926644,asphalt,low,summer,commercial_area,flat,wide,near_intersection
IMG_01407,Tamil Nadu,Tiruvallur,13.109461,79.940187,asphalt,low,summer,commercial_area,flat,medium,mid_block
IMG_01408,Tamil Nadu,Tiruvallur,13.129227,79.924627,asphalt,low,summer,drainage_channel,flat,medium,mid_block
IMG_01409,Tamil Nadu,Tiruvallur,13.116188,79.926855,asphalt,low,summer,drainage_channel,flat,medium,mid_block
IMG_01410,Tamil Nadu,Tiruvallur,13.115025,79.915136,asphalt,low,monsoon,drainage_channel,flat,medium,mid_block
IMG_01411,Tamil Nadu,Tiruvallur,13.112535,79.931438,asphalt,low,summer,drainage_channel,flat,medium,mid_block
IMG_01412,Tamil Nadu,Tiruvallur,13.123638,79.929335,asphalt,low,summer,drainage_channel,flat,medium,mid_block
IMG_01413,Tamil Nadu,Tiruvallur,13.109684,79.939126,asphalt,low,summer,residential_building,flat,medium,mid_block
IMG_01414,Tamil Nadu,Tiruvallur,13.116677,79.92816,asphalt,low,summer,commercial_area,flat,medium,mid_block
IMG_01415,Tamil Nadu,Tiruvallur,13.115692,79.928292,asphalt,low,summer,commercial_area,flat,medium,mid_block
IMG_01416,Tamil Nadu,Tiruvallur,13.109431,79.954745,asphalt,low,winter,residential_building,flat,narrow,mid_block
IMG_01417,Tamil Nadu,Tiruvallur,13.124159,79.917047,asphalt,low,summer,none,flat,medium,mid_block
IMG_01418,Tamil Nadu,Tiruvallur,13.118379,79.915463,asphalt,low,summer,residential_building,flat,medium,mid_block
IMG_01419,Tamil Nadu,Tiruvallur,13.115973,79.93372,asphalt,low,summer,commercial_area,flat,medium,mid_block
IMG_01420,Tamil Nadu,Tiruvallur,13.119599,79.933261,asphalt,low,summer,construction_site,flat,medium,mid_block
IMG_01421,Tamil Nadu,Tiruvallur,13.114324,79.940517,asphalt,low,summer,commercial_area,flat,medium,mid_block
IMG_01422,Tamil Nadu,Tiruvallur,13.124819,79.918385,asphalt,low,summer,drainage_channel,flat,medium,mid_block
IMG_01423,Tamil Nadu,Tiruvallur,13.110104,79.924008,asphalt,low,winter,drainage_channel,flat,medium,mid_block
IMG_01424,Tamil Nadu,Tiruvallur,13.135549,79.925428,asphalt,low,summer,commercial_area,flat,medium,mid_block
IMG_01425,Tamil Nadu,Tiruvallur,13.116831,79.925558,asphalt,low,winter,commercial_area,flat,medium,mid_block
IMG_01426,Tamil Nadu,Tiruvallur,13.136317,79.915323,asphalt,low,summer,drainage_channel,flat,medium,mid_block
IMG_01427,Tamil Nadu,Tiruvallur,13.112942,79.924498,asphalt,low,summer,commercial_area,flat,narrow,mid_block
IMG_01428,Tamil Nadu,Tiruvallur,13.11568,79.944121,asphalt,low,summer,commercial_area,flat,medium,mid_block
IMG_01429,Tamil Nadu,Tiruvallur,13.121712,79.937984,asphalt,low,summer,commercial_area,flat,medium,mid_block
IMG_01430,Tamil Nadu,Tiruvallur,13.114198,79.927687,asphalt,low,summer,commercial_area,flat,medium,mid_block
IMG_01431,Tamil Nadu,Tiruvallur,13.13155,79.928557,asphalt,low,winter,drainage_channel,flat,medium,mid_block
IMG_01432,Tamil Nadu,Tiruvallur,13.110313,79.937364,asphalt,low,summer,commercial_area,flat,medium,mid_block
IMG_01433,Tamil Nadu,Tiruvallur,13.124771,79.936425,asphalt,low,summer,parking_area,flat,medium,mid_block
IMG_01434,Tamil Nadu,Tiruvallur,13.128281,79.930902,asphalt,low,summer,residential_building,flat,medium,mid_block
IMG_01435,Tamil Nadu,Tiruvallur,13.115676,79.944011,asphalt,low,summer,drainage_channel,flat,medium,mid_block
IMG_01436,Tamil Nadu,Tiruvallur,13.119237,79.934038,asphalt,low,summer,commercial_area,flat,medium,near_intersection
IMG_01437,Tamil Nadu,Tiruvallur,13.126014,79.92078,asphalt,low,summer,construction_site,flat,medium,mid_block
IMG_01438,Tamil Nadu,Tiruvallur,13.130721,79.91212,asphalt,low,summer,residential_building,flat,medium,near_intersection
IMG_01439,Tamil Nadu,Tiruvallur,13.118985,79.934415,asphalt,low,summer,residential_building,flat,narrow,mid_block
IMG_01440,Tamil Nadu,Tiruvallur,13.10944,79.947934,asphalt,low,summer,drainage_channel,flat,medium,mid_block
IMG_01441,Tamil Nadu,Tiruvallur,13.126747,79.926602,asphalt,low,summer,commercial_area,flat,medium,mid_block
IMG_01442,Tamil Nadu,Tiruvallur,13.126427,79.910591,asphalt,low,summer,drainage_channel,flat,medium,mid_block
IMG_01443,Tamil Nadu,Tiruvallur,13.122306,79.935043,asphalt,low,summer,commercial_area,flat,medium,mid_block
IMG_01444,Tamil Nadu,Tiruvallur,13.120345,79.928464,asphalt,low,summer,commercial_area,flat,medium,mid_block
IMG_01445,Tamil Nadu,Tiruvallur,13.121998,79.926085,asphalt,low,summer,none,flat,medium,mid_block
IMG_01446,Tamil Nadu,Tiruvallur,13.110379,79.956783,asphalt,low,summer,commercial_area,flat,medium,mid_block
IMG_01447,Tamil Nadu,Tiruvallur,13.111153,79.92438,asphalt,low,summer,commercial_area,flat,medium,mid_block
IMG_01448,Tamil Nadu,Tiruvallur,13.120633,79.918968,asphalt,low,summer,drainage_channel,flat,medium,mid_block
IMG_01449,Tamil Nadu,Tiruvallur,13.121467,79.932846,asphalt,low,summer,drainage_channel,flat,medium,mid_block
IMG_01450,Tamil Nadu,Tiruvallur,13.11651,79.923781,asphalt,low,summer,drainage_channel,flat,medium,mid_block
IMG_01451,Tamil Nadu,Tiruvallur,13.131359,79.914239,asphalt,low,summer,drainage_channel,flat,medium,mid_block
IMG_01452,Tamil Nadu,Tiruvallur,13.127338,79.916777,asphalt,low,summer,commercial_area,flat,medium,near_intersection
IMG_01453,Tamil Nadu,Tiruvallur,13.136609,79.920877,asphalt,low,summer,commercial_area,flat,medium,mid_block
IMG_01454,Tamil Nadu,Tiruvallur,13.112144,79.91656,asphalt,low,summer,commercial_area,flat,medium,mid_block
IMG_01455,Tamil Nadu,Tiruvallur,13.113879,79.929181,mixed,low,summer,bridge,flat,medium,mid_block
IMG_01456,Tamil Nadu,Tiruvallur,13.112446,79.941313,asphalt,low,summer,commercial_area,flat,medium,mid_block
IMG_01457,Tamil Nadu,Tiruvallur,13.119932,79.909812,asphalt,low,winter,drainage_channel,flat,medium,mid_block
IMG_01458,Tamil Nadu,Tiruvallur,13.125432,79.918477,asphalt,low,winter,drainage_channel,flat,medium,mid_block
IMG_01459,Tamil Nadu,Chengalpattu,12.983869,80.138196,asphalt,low,summer,none,flat,narrow,mid_block
IMG_01460,Tamil Nadu,Chengalpattu,12.986876,80.131538,asphalt,low,summer,none,flat,medium,mid_block
IMG_01461,Tamil Nadu,Chengalpattu,12.988148,80.15347,unpaved,low,summer,none,flat,narrow,mid_block
IMG_01462,Tamil Nadu,Chengalpattu,12.976754,80.140696,asphalt,low,summer,none,flat,narrow,mid_block
IMG_01463,Tamil Nadu,Chengalpattu,12.982145,80.1473,asphalt,low,winter,none,flat,medium,mid_block
IMG_01464,Tamil Nadu,Chengalpattu,12.983996,80.146289,asphalt,low,summer,none,flat,medium,mid_block
IMG_01465,Tamil Nadu,Chengalpattu,12.98373,80.136708,asphalt,low,summer,none,flat,narrow,mid_block
IMG_01466,Tamil Nadu,Chengalpattu,12.990638,80.146509,asphalt,low,summer,none,flat,medium,mid_block
IMG_01467,Tamil Nadu,Chengalpattu,12.989789,80.149733,unpaved,low,summer,drainage_channel,flat,medium,mid_block
IMG_01468,Tamil Nadu,Chengalpattu,12.975991,80.146404,asphalt,low,summer,none,flat,medium,mid_block
IMG_01469,Tamil Nadu,Chengalpattu,12.972934,80.149276,asphalt,low,summer,none,flat,medium,mid_block
IMG_01470,Tamil Nadu,Chengalpattu,12.981694,80.139266,asphalt,low,summer,none,flat,medium,mid_block
IMG_01471,Tamil Nadu,Chengalpattu,12.973006,80.147169,unpaved,low,summer,none,flat,narrow,mid_block
IMG_01472,Tamil Nadu,Chengalpattu,12.986574,80.147524,unpaved,low,summer,none,flat,narrow,mid_block
IMG_01473,Tamil Nadu,Chengalpattu,12.981128,80.129155,asphalt,low,summer,none,flat,medium,mid_block
IMG_01474,Tamil Nadu,Chengalpattu,12.976449,80.140458,unpaved,low,summer,none,flat,medium,mid_block
IMG_01475,Tamil Nadu,Chengalpattu,12.989829,80.159112,mixed,low,summer,none,flat,medium,mid_block
IMG_01476,Tamil Nadu,Chengalpattu,12.98155,80.142057,mixed,low,summer,none,flat,narrow,mid_block
IMG_01477,Tamil Nadu,Chengalpattu,12.986341,80.139171,unpaved,low,summer,none,flat,narrow,mid_block
IMG_01478,Tamil Nadu,Chengalpattu,12.990488,80.141829,asphalt,low,summer,none,flat,narrow,mid_block
IMG_01479,Tamil Nadu,Chengalpattu,12.988381,80.134677,asphalt,low,summer,none,flat,medium,mid_block
IMG_01480,Tamil Nadu,Chengalpattu,12.975387,80.143608,unpaved,low,monsoon,none,flat,medium,mid_block
IMG_01481,Tamil Nadu,Chengalpattu,12.972537,80.140688,unpaved,low,monsoon,none,flat,narrow,mid_block
IMG_01482,Tamil Nadu,Chengalpattu,12.987886,80.151913,asphalt,low,summer,none,flat,medium,mid_block
IMG_01483,Tamil Nadu,Chengalpattu,12.982733,80.12817,mixed,low,summer,none,flat,medium,mid_block
IMG_01484,Tamil Nadu,Chengalpattu,12.990044,80.137397,unpaved,low,summer,none,flat,medium,mid_block
IMG_01485,Tamil Nadu,Chengalpattu,12.987257,80.143926,unpaved,low,summer,none,flat,narrow,mid_block
IMG_01486,Tamil Nadu,Chengalpattu,12.990226,80.151383,asphalt,low,summer,none,flat,narrow,mid_block
IMG_01487,Tamil Nadu,Chengalpattu,12.980061,80.136732,unpaved,low,summer,none,flat,narrow,mid_block
IMG_01488,Tamil Nadu,Chengalpattu,12.989869,80.140024,mixed,low,summer,none,flat,medium,mid_block
IMG_01489,Tamil Nadu,Chengalpattu,12.974374,80.153542,asphalt,low,summer,none,flat,narrow,mid_block
IMG_01490,Tamil Nadu,Chengalpattu,12.983754,80.136807,unpaved,low,summer,none,flat,medium,mid_block
IMG_01491,Tamil Nadu,Chengalpattu,12.987037,80.14707,unpaved,low,summer,none,flat,medium,mid_block
IMG_01492,Tamil Nadu,Chengalpattu,12.975554,80.14365,asphalt,low,winter,none,flat,medium,mid_block
IMG_01493,Tamil Nadu,Chengalpattu,12.976692,80.149663,asphalt,low,summer,none,flat,medium,near_intersection
IMG_01494,Tamil Nadu,Chengalpattu,12.990973,80.1599,asphalt,low,summer,none,flat,medium,mid_block
IMG_01495,Tamil Nadu,Chengalpattu,12.986196,80.127516,asphalt,low,summer,none,flat,medium,mid_block
IMG_01496,Tamil Nadu,Chengalpattu,12.992596,80.160155,unpaved,low,summer,none,flat,narrow,mid_block
IMG_01497,Tamil Nadu,Chengalpattu,12.987054,80.154189,unpaved,low,summer,none,flat,narrow,mid_block
IMG_01498,Tamil Nadu,Chengalpattu,12.988392,80.148651,asphalt,low,summer,none,flat,medium,mid_block
IMG_01499,Tamil Nadu,Chengalpattu,12.981123,80.145056,asphalt,low,summer,none,flat,narrow,mid_block
IMG_01500,Tamil Nadu,Chengalpattu,12.975223,80.13912,asphalt,low,summer,none,flat,medium,mid_block
IMG_01501,Tamil Nadu,Chengalpattu,12.980121,80.147101,asphalt,low,summer,none,flat,medium,mid_block
IMG_01502,Tamil Nadu,Chengalpattu,12.981822,80.134173,asphalt,low,summer,none,flat,medium,mid_block
IMG_01503,Tamil Nadu,Chengalpattu,12.993066,80.137477,asphalt,low,summer,none,flat,medium,mid_block
IMG_01504,Tamil Nadu,Chengalpattu,12.987624,80.15064,unpaved,low,summer,none,flat,medium,mid_block
IMG_01505,Tamil Nadu,Chengalpattu,12.980294,80.148211,asphalt,low,summer,none,flat,medium,mid_block
IMG_01506,Tamil Nadu,Chengalpattu,12.982324,80.131976,asphalt,low,summer,none,flat,medium,mid_block
IMG_01507,Tamil Nadu,Chengalpattu,12.979524,80.131758,unpaved,low,summer,none,flat,narrow,mid_block
IMG_01508,Tamil Nadu,Chengalpattu,12.975219,80.154184,asphalt,low,summer,none,flat,medium,mid_block
IMG_01509,Tamil Nadu,Chengalpattu,12.977069,80.145075,asphalt,low,summer,none,flat,medium,mid_block
IMG_01510,Tamil Nadu,Chengalpattu,12.983172,80.141707,asphalt,low,summer,none,flat,medium,mid_block
IMG_01511,Tamil Nadu,Chengalpattu,12.977228,80.148881,asphalt,low,summer,none,flat,medium,mid_block
IMG_01512,Tamil Nadu,Chengalpattu,12.988991,80.14077,asphalt,low,summer,none,flat,narrow,mid_block
IMG_01513,Tamil Nadu,Chengalpattu,12.986445,80.12885,asphalt,low,summer,drainage_channel,flat,narrow,mid_block
IMG_01514,Tamil Nadu,Chengalpattu,12.985413,80.129835,asphalt,low,summer,none,flat,narrow,mid_block
IMG_01515,Tamil Nadu,Chengalpattu,12.985536,80.13316,asphalt,low,summer,none,flat,narrow,mid_block
IMG_01516,Tamil Nadu,Chengalpattu,12.97798,80.156929,unpaved,low,summer,none,flat,narrow,mid_block
IMG_01517,Tamil Nadu,Chengalpattu,12.976207,80.149495,asphalt,low,summer,none,flat,medium,mid_block
IMG_01518,Tamil Nadu,Chengalpattu,12.974299,80.147896,mixed,low,summer,none,flat,medium,mid_block
IMG_01519,Tamil Nadu,Chengalpattu,12.980785,80.128879,asphalt,low,summer,none,flat,medium,mid_block
IMG_01520,Tamil Nadu,Chengalpattu,12.974087,80.148787,asphalt,low,winter,none,flat,medium,mid_block
IMG_01521,Tamil Nadu,Chengalpattu,12.989879,80.159997,asphalt,low,summer,none,flat,narrow,mid_block
IMG_01522,Tamil Nadu,Chengalpattu,12.987572,80.127778,unpaved,low,summer,none,flat,medium,mid_block
IMG_01523,Tamil Nadu,Chengalpattu,12.976416,80.156099,asphalt,low,post_monsoon,none,flat,medium,mid_block
IMG_01524,Tamil Nadu,Chengalpattu,12.98817,80.128895,asphalt,low,summer,none,flat,medium,mid_block
IMG_01525,Tamil Nadu,Chengalpattu,12.985414,80.140061,asphalt,low,summer,none,flat,medium,mid_block
IMG_01526,Tamil Nadu,Chengalpattu,12.987349,80.146899,unpaved,low,summer,none,flat,narrow,mid_block
IMG_01527,Tamil Nadu,Chengalpattu,12.98639,80.155334,unpaved,low,summer,none,flat,medium,mid_block
IMG_01528,Tamil Nadu,Chengalpattu,12.988151,80.145498,asphalt,low,summer,none,flat,medium,mid_block
IMG_01529,Tamil Nadu,Chengalpattu,12.978305,80.159091,asphalt,low,summer,none,flat,narrow,mid_block
IMG_01530,Tamil Nadu,Chengalpattu,12.982832,80.145878,asphalt,low,summer,none,flat,medium,mid_block
IMG_01531,Tamil Nadu,Chengalpattu,12.98428,80.152388,mixed,low,summer,none,flat,narrow,mid_block
IMG_01532,Tamil Nadu,Chengalpattu,12.986495,80.154895,asphalt,low,monsoon,none,flat,medium,mid_block
IMG_01533,Tamil Nadu,Chengalpattu,12.985638,80.135025,asphalt,low,summer,none,flat,medium,mid_block
IMG_01534,Tamil Nadu,Chengalpattu,12.981879,80.142586,concrete,low,summer,none,flat,medium,mid_block
IMG_01535,Tamil Nadu,Chengalpattu,12.988028,80.134803,asphalt,low,summer,none,flat,medium,near_intersection
IMG_01536,Tamil Nadu,Chengalpattu,12.993556,80.142054,asphalt,low,summer,none,flat,medium,mid_block
IMG_01537,Tamil Nadu,Chengalpattu,12.971055,80.142225,asphalt,low,summer,none,flat,medium,mid_block
IMG_01538,Tamil Nadu,Chengalpattu,12.983915,80.143269,asphalt,low,summer,drainage_channel,flat,medium,mid_block
IMG_01539,Tamil Nadu,Chengalpattu,12.994171,80.159951,unpaved,low,summer,none,flat,medium,mid_block
IMG_01540,Tamil Nadu,Chengalpattu,12.991047,80.144727,asphalt,low,summer,none,flat,medium,mid_block
IMG_01541,Tamil Nadu,Chengalpattu,12.977808,80.148895,asphalt,low,summer,none,flat,medium,mid_block
IMG_01542,Tamil Nadu,Chengalpattu,12.988426,80.158771,asphalt,low,summer,none,flat,medium,mid_block
IMG_01543,Tamil Nadu,Chengalpattu,12.989136,80.14248,asphalt,low,summer,none,flat,narrow,mid_block
IMG_01544,Tamil Nadu,Chengalpattu,12.984841,80.142278,asphalt,low,summer,none,flat,medium,mid_block
IMG_01545,Tamil Nadu,Chengalpattu,12.979144,80.149581,asphalt,low,summer,none,flat,medium,mid_block
IMG_01546,Tamil Nadu,Chengalpattu,12.970245,80.14357,concrete,low,summer,none,flat,medium,mid_block
IMG_01547,Tamil Nadu,Chengalpattu,12.984506,80.134145,asphalt,low,summer,none,flat,narrow,mid_block
IMG_01548,Tamil Nadu,Chengalpattu,12.976324,80.142651,asphalt,low,summer,none,flat,medium,mid_block
IMG_01549,Tamil Nadu,Chengalpattu,12.982377,80.138265,asphalt,low,summer,none,flat,medium,mid_block
IMG_01550,Tamil Nadu,Chengalpattu,12.984994,80.154409,concrete,low,summer,none,flat,medium,mid_block
IMG_01551,Tamil Nadu,Chengalpattu,12.986243,80.126457,asphalt,low,summer,none,flat,medium,mid_block
IMG_01552,Tamil Nadu,Chengalpattu,12.986714,80.150605,asphalt,low,summer,none,flat,medium,mid_block
IMG_01553,Tamil Nadu,Chengalpattu,12.980158,80.146199,asphalt,low,summer,none,flat,medium,mid_block
IMG_01554,Tamil Nadu,Chengalpattu,12.976308,80.151032,unpaved,low,summer,none,flat,medium,mid_block
IMG_01555,Tamil Nadu,Chengalpattu,12.987836,80.128397,unpaved,low,summer,none,flat,medium,mid_block
IMG_01556,Tamil Nadu,Chengalpattu,12.986961,80.14957,asphalt,low,summer,none,flat,narrow,mid_block
IMG_01557,Tamil Nadu,Chengalpattu,12.982019,80.152534,asphalt,low,summer,none,flat,medium,mid_block
IMG_01558,Tamil Nadu,Chengalpattu,12.987304,80.130125,unpaved,low,summer,none,flat,medium,mid_block
IMG_01559,Tamil Nadu,Chengalpattu,12.989612,80.133946,asphalt,low,summer,none,flat,medium,mid_block
IMG_01560,Tamil Nadu,Chengalpattu,12.983453,80.126855,asphalt,low,summer,none,flat,narrow,mid_block
IMG_01561,Tamil Nadu,Chengalpattu,12.980207,80.137152,asphalt,low,summer,none,flat,narrow,mid_block
IMG_01562,Tamil Nadu,Chengalpattu,12.981394,80.144673,unpaved,low,summer,none,flat,narrow,mid_block
IMG_01563,Tamil Nadu,Chengalpattu,12.977868,80.133332,asphalt,low,summer,none,flat,medium,mid_block
IMG_01564,Tamil Nadu,Chengalpattu,12.970792,80.144929,concrete,low,summer,none,flat,medium,mid_block
IMG_01565,Tamil Nadu,Chengalpattu,12.987358,80.13236,asphalt,low,summer,none,flat,medium,mid_block
IMG_01566,Tamil Nadu,Chengalpattu,12.98065,80.137983,unpaved,low,summer,none,flat,narrow,mid_block
IMG_01567,Tamil Nadu,Chengalpattu,12.990958,80.144163,asphalt,low,summer,none,flat,narrow,mid_block
IMG_01568,Tamil Nadu,Chengalpattu,12.992467,80.150994,asphalt,low,summer,none,flat,medium,mid_block
IMG_01569,Tamil Nadu,Chengalpattu,12.97925,80.135758,mixed,low,summer,none,flat,narrow,mid_block
IMG_01570,Tamil Nadu,Chengalpattu,12.979166,80.150253,asphalt,low,summer,none,flat,medium,mid_block
IMG_01571,Tamil Nadu,Chengalpattu,12.978005,80.142314,unpaved,low,summer,none,flat,medium,mid_block
IMG_01572,Tamil Nadu,Chengalpattu,12.989538,80.159752,asphalt,low,summer,none,flat,medium,mid_block
IMG_01573,Tamil Nadu,Chengalpattu,12.980472,80.134321,asphalt,low,summer,none,flat,medium,mid_block
IMG_01574,Tamil Nadu,Chengalpattu,12.990621,80.135958,asphalt,low,summer,none,flat,medium,mid_block
IMG_01575,Tamil Nadu,Chengalpattu,12.973405,80.144561,asphalt,low,summer,none,flat,medium,mid_block
IMG_01576,Tamil Nadu,Chengalpattu,12.976164,80.146704,unpaved,low,winter,none,flat,medium,mid_block
IMG_01577,Tamil Nadu,Chengalpattu,12.98044,80.145575,asphalt,low,summer,none,flat,medium,mid_block
IMG_01578,Tamil Nadu,Chengalpattu,12.981227,80.152157,asphalt,low,monsoon,none,flat,medium,mid_block
IMG_01579,Tamil Nadu,Chengalpattu,12.988366,80.132969,asphalt,low,summer,none,flat,medium,mid_block
IMG_01580,Tamil Nadu,Chengalpattu,12.974269,80.136654,asphalt,low,summer,none,flat,medium,mid_block
IMG_01581,Tamil Nadu,Chengalpattu,12.99048,80.155961,asphalt,low,monsoon,none,flat,medium,mid_block
IMG_01582,Tamil Nadu,Chengalpattu,12.985608,80.154935,asphalt,low,monsoon,none,flat,medium,mid_block
IMG_01583,Tamil Nadu,Chengalpattu,12.987477,80.127833,asphalt,low,monsoon,none,flat,medium,mid_block
IMG_01584,Tamil Nadu,Chengalpattu,12.982201,80.132716,asphalt,low,summer,none,flat,medium,mid_block
IMG_01585,Tamil Nadu,Chengalpattu,12.992022,80.142959,asphalt,low,summer,none,flat,medium,mid_block
IMG_01586,Tamil Nadu,Chengalpattu,12.986772,80.137602,asphalt,low,summer,none,flat,medium,mid_block
IMG_01587,Tamil Nadu,Chengalpattu,12.983217,80.139875,asphalt,low,summer,none,flat,medium,mid_block
IMG_01588,Tamil Nadu,Chengalpattu,12.975017,80.135511,asphalt,low,summer,none,flat,narrow,mid_block
IMG_01589,Tamil Nadu,Chengalpattu,12.989444,80.149542,asphalt,low,summer,none,flat,medium,mid_block
IMG_01590,Tamil Nadu,Chengalpattu,12.987694,80.135622,unpaved,low,summer,none,flat,narrow,mid_block
IMG_01591,Tamil Nadu,Chengalpattu,12.973459,80.152423,asphalt,low,monsoon,none,flat,narrow,mid_block
IMG_01592,Tamil Nadu,Chengalpattu,12.983668,80.129705,unpaved,low,summer,none,flat,medium,mid_block
IMG_01593,Tamil Nadu,Chengalpattu,12.972435,80.141005,asphalt,low,summer,none,flat,medium,mid_block
IMG_01594,Tamil Nadu,Chengalpattu,12.978906,80.143547,unpaved,low,summer,none,flat,narrow,mid_block
IMG_01595,Tamil Nadu,Chengalpattu,12.976282,80.133692,asphalt,low,summer,none,flat,medium,mid_block
IMG_01596,Tamil Nadu,Chengalpattu,12.986377,80.154113,unpaved,low,summer,none,flat,narrow,mid_block
IMG_01597,Tamil Nadu,Chengalpattu,12.990382,80.135976,asphalt,low,summer,none,flat,narrow,mid_block
IMG_01598,Tamil Nadu,Chengalpattu,12.977549,80.14273,asphalt,low,summer,none,flat,medium,mid_block
IMG_01599,Tamil Nadu,Chengalpattu,12.98614,80.133516,asphalt,low,monsoon,none,flat,medium,mid_block
IMG_01600,Tamil Nadu,Chengalpattu,12.978849,80.140501,asphalt,low,monsoon,none,flat,medium,mid_block
IMG_01601,Tamil Nadu,Chengalpattu,12.988034,80.133141,asphalt,low,summer,none,flat,medium,mid_block
IMG_01602,Tamil Nadu,Chengalpattu,12.98039,80.153295,asphalt,low,monsoon,none,flat,medium,mid_block
IMG_01603,Tamil Nadu,Chengalpattu,12.990234,80.159794,gravel,low,monsoon,none,flat,medium,mid_block
IMG_01604,Tamil Nadu,Chengalpattu,12.97799,80.14698,asphalt,low,summer,none,flat,medium,mid_block
IMG_01605,Tamil Nadu,Chengalpattu,12.985271,80.145235,asphalt,low,summer,none,flat,medium,mid_block
IMG_01606,Tamil Nadu,Chengalpattu,12.974959,80.153616,unpaved,low,summer,none,flat,medium,mid_block
IMG_01607,Tamil Nadu,Chengalpattu,12.992161,80.140182,asphalt,low,summer,none,flat,narrow,mid_block
IMG_01608,Tamil Nadu,Chengalpattu,12.990207,80.136112,asphalt,low,summer,none,flat,medium,mid_block
IMG_01609,Tamil Nadu,Chengalpattu,12.972532,80.144928,asphalt,low,summer,none,flat,medium,mid_block
IMG_01610,Tamil Nadu,Chengalpattu,12.990002,80.13842,asphalt,low,summer,none,flat,medium,mid_block
IMG_01611,Tamil Nadu,Chengalpattu,12.984589,80.132993,asphalt,low,summer,none,flat,medium,mid_block
IMG_01612,Tamil Nadu,Chengalpattu,12.975929,80.139039,unpaved,low,summer,none,flat,medium,mid_block
IMG_01613,Tamil Nadu,Chengalpattu,12.982759,80.12627,mixed,low,summer,none,flat,medium,mid_block
IMG_01614,Tamil Nadu,Chengalpattu,12.982094,80.146996,unpaved,low,summer,none,flat,narrow,mid_block
IMG_01615,Tamil Nadu,Chengalpattu,12.98948,80.152965,asphalt,low,summer,none,flat,medium,mid_block
IMG_01616,Tamil Nadu,Chengalpattu,12.977639,80.143859,asphalt,low,summer,none,flat,medium,mid_block
IMG_01617,Tamil Nadu,Chengalpattu,12.980995,80.157252,asphalt,low,summer,none,flat,medium,mid_block
IMG_01618,Tamil Nadu,Chengalpattu,12.981468,80.13818,asphalt,low,summer,none,flat,narrow,mid_block
IMG_01619,Tamil Nadu,Chengalpattu,12.985597,80.133747,mixed,low,summer,none,flat,narrow,mid_block
IMG_01620,Tamil Nadu,Chengalpattu,12.989857,80.157418,asphalt,low,summer,none,flat,narrow,mid_block
IMG_01621,Tamil Nadu,Chengalpattu,12.989352,80.136958,asphalt,low,summer,none,flat,medium,mid_block
IMG_01622,Tamil Nadu,Chengalpattu,12.99047,80.154798,asphalt,low,summer,none,flat,medium,mid_block
IMG_01623,Tamil Nadu,Chengalpattu,12.972748,80.145605,gravel,low,summer,none,flat,medium,mid_block
IMG_01624,Tamil Nadu,Chengalpattu,12.989588,80.149429,mixed,low,summer,none,flat,medium,mid_block
IMG_01625,Tamil Nadu,Chengalpattu,12.986764,80.15852,asphalt,low,summer,none,flat,medium,mid_block
IMG_01626,Tamil Nadu,Chengalpattu,12.983104,80.144536,asphalt,low,summer,none,flat,medium,mid_block
IMG_01627,Tamil Nadu,Chengalpattu,12.991603,80.141957,asphalt,low,summer,none,flat,narrow,mid_block
IMG_01628,Tamil Nadu,Chengalpattu,12.976301,80.141892,asphalt,low,winter,none,flat,medium,mid_block
IMG_01629,Tamil Nadu,Chengalpattu,12.97389,80.143202,asphalt,low,summer,none,flat,medium,mid_block
IMG_01630,Tamil Nadu,Chengalpattu,12.987202,80.157474,asphalt,low,summer,none,flat,medium,mid_block
IMG_01631,Tamil Nadu,Chengalpattu,12.990605,80.135823,asphalt,low,summer,none,flat,medium,mid_block
IMG_01632,Tamil Nadu,Chengalpattu,12.968628,80.14539,asphalt,low,summer,none,flat,medium,mid_block
IMG_01633,Tamil Nadu,Chengalpattu,12.992555,80.15222,asphalt,low,summer,none,flat,narrow,mid_block
IMG_01634,Tamil Nadu,Chengalpattu,12.990664,80.15536,asphalt,low,winter,none,flat,narrow,mid_block
IMG_01635,Tamil Nadu,Chengalpattu,12.993713,80.137642,asphalt,low,summer,none,flat,medium,mid_block
IMG_01636,Tamil Nadu,Chengalpattu,12.993215,80.138442,unpaved,low,summer,none,flat,narrow,mid_block
IMG_01637,Tamil Nadu,Chengalpattu,12.986577,80.15784,unpaved,low,summer,none,flat,medium,mid_block
IMG_01638,Tamil Nadu,Chengalpattu,12.989074,80.132172,asphalt,low,summer,none,flat,medium,mid_block
IMG_01639,Tamil Nadu,Chengalpattu,12.983782,80.130431,asphalt,low,summer,none,flat,medium,mid_block
IMG_01640,Tamil Nadu,Chengalpattu,12.976242,80.149097,unpaved,low,winter,none,flat,narrow,mid_block
IMG_01641,Tamil Nadu,Chengalpattu,12.993398,80.158562,asphalt,low,summer,none,flat,medium,mid_block
IMG_01642,Tamil Nadu,Chengalpattu,12.984141,80.157556,asphalt,low,summer,none,flat,medium,mid_block
IMG_01643,Tamil Nadu,Chengalpattu,12.983156,80.158125,unpaved,low,summer,none,flat,medium,mid_block
IMG_01644,Tamil Nadu,Chengalpattu,12.985122,80.156305,mixed,low,summer,none,flat,narrow,mid_block
IMG_01645,Tamil Nadu,Chengalpattu,12.979978,80.133699,asphalt,low,summer,none,flat,medium,mid_block
IMG_01646,Tamil Nadu,Chengalpattu,12.98762,80.159304,mixed,low,winter,none,flat,medium,mid_block
IMG_01647,Tamil Nadu,Chengalpattu,12.991682,80.141988,unpaved,low,summer,none,flat,narrow,mid_block
IMG_01648,Tamil Nadu,Chengalpattu,12.978163,80.143914,asphalt,low,monsoon,none,flat,medium,mid_block
IMG_01649,Tamil Nadu,Chengalpattu,12.970753,80.141494,asphalt,low,summer,none,flat,medium,mid_block
IMG_01650,Tamil Nadu,Chengalpattu,12.991134,80.147732,unpaved,low,monsoon,none,flat,medium,mid_block
IMG_01651,Tamil Nadu,Chengalpattu,12.986406,80.129969,asphalt,low,summer,none,flat,medium,mid_block
IMG_01652,Tamil Nadu,Chengalpattu,12.975923,80.135646,asphalt,low,summer,none,flat,medium,mid_block
IMG_01653,Tamil Nadu,Chengalpattu,12.987604,80.143951,mixed,low,winter,none,flat,narrow,mid_block
IMG_01654,Tamil Nadu,Chengalpattu,12.983917,80.146374,asphalt,low,monsoon,none,flat,medium,mid_block
IMG_01655,Tamil Nadu,Chengalpattu,12.973119,80.149413,asphalt,low,monsoon,none,flat,medium,mid_block
IMG_01656,Tamil Nadu,Chengalpattu,12.987338,80.150606,asphalt,low,summer,none,flat,medium,mid_block
IMG_01657,Tamil Nadu,Chengalpattu,12.983323,80.154603,asphalt,low,monsoon,none,flat,medium,mid_block
IMG_01658,Tamil Nadu,Chengalpattu,12.97947,80.134767,asphalt,low,summer,none,flat,narrow,mid_block
IMG_01659,Tamil Nadu,Chengalpattu,12.985734,80.145885,unpaved,low,summer,none,flat,medium,mid_block
IMG_01660,Tamil Nadu,Chengalpattu,12.976283,80.13851,asphalt,low,summer,none,flat,medium,mid_block
IMG_01661,Tamil Nadu,Chengalpattu,12.981113,80.148098,concrete,low,summer,none,flat,medium,mid_block
IMG_01662,Tamil Nadu,Chengalpattu,12.970478,80.143845,asphalt,low,summer,none,flat,narrow,mid_block
IMG_01663,Tamil Nadu,Chengalpattu,12.977914,80.140268,asphalt,low,monsoon,none,flat,narrow,mid_block
IMG_01664,Tamil Nadu,Chengalpattu,12.975079,80.140969,asphalt,low,summer,none,flat,medium,mid_block
IMG_01665,Tamil Nadu,Chengalpattu,12.98588,80.12717,asphalt,low,summer,none,flat,medium,mid_block
IMG_01666,Tamil Nadu,Chengalpattu,12.97723,80.143748,asphalt,low,summer,none,flat,medium,near_intersection
IMG_01667,Tamil Nadu,Chengalpattu,12.982837,80.154637,asphalt,low,summer,none,flat,medium,mid_block
IMG_01668,Tamil Nadu,Chengalpattu,12.989914,80.13928,asphalt,low,monsoon,none,flat,medium,mid_block
IMG_01669,Tamil Nadu,Chengalpattu,12.982354,80.155586,asphalt,low,monsoon,none,flat,medium,mid_block
IMG_01670,Tamil Nadu,Chengalpattu,12.980732,80.156123,asphalt,low,summer,none,flat,narrow,mid_block
IMG_01671,Tamil Nadu,Chengalpattu,12.992169,80.150036,asphalt,low,summer,none,flat,narrow,mid_block
IMG_01672,Tamil Nadu,Chengalpattu,12.981461,80.156807,asphalt,low,summer,none,flat,medium,mid_block
IMG_01673,Tamil Nadu,Chengalpattu,12.989434,80.148698,asphalt,low,summer,none,flat,medium,mid_block
IMG_01674,Tamil Nadu,Chengalpattu,12.984619,80.128427,asphalt,low,summer,none,flat,medium,mid_block
IMG_01675,Tamil Nadu,Chengalpattu,12.988278,80.130341,asphalt,low,summer,none,flat,medium,mid_block
IMG_01676,Tamil Nadu,Chengalpattu,12.994349,80.159415,unpaved,low,summer,none,flat,narrow,mid_block
IMG_01677,Tamil Nadu,Chengalpattu,12.984805,80.154394,asphalt,low,summer,none,flat,medium,mid_block
IMG_01678,Tamil Nadu,Chengalpattu,12.978414,80.138506,asphalt,low,summer,none,flat,medium,mid_block
IMG_01679,Tamil Nadu,Chengalpattu,12.976758,80.134099,unpaved,low,summer,none,flat,narrow,mid_block
IMG_01680,Tamil Nadu,Chengalpattu,12.980286,80.155825,asphalt,low,summer,none,flat,medium,mid_block
IMG_01681,Tamil Nadu,Chengalpattu,12.989063,80.146716,asphalt,low,summer,none,flat,medium,mid_block
IMG_01682,Tamil Nadu,Chengalpattu,12.982007,80.139315,asphalt,low,summer,none,flat,medium,mid_block
IMG_01683,Tamil Nadu,Chengalpattu,12.983755,80.151639,asphalt,low,summer,none,flat,narrow,mid_block
IMG_01684,Tamil Nadu,Chengalpattu,12.993154,80.157697,asphalt,low,winter,none,flat,medium,mid_block
IMG_01685,Tamil Nadu,Chengalpattu,12.98308,80.127726,asphalt,low,winter,none,flat,medium,mid_block
IMG_01686,Tamil Nadu,Chengalpattu,12.975688,80.143536,asphalt,low,summer,none,flat,medium,mid_block
IMG_01687,Tamil Nadu,Chengalpattu,12.977232,80.138999,unpaved,low,summer,none,flat,narrow,mid_block
IMG_01688,Tamil Nadu,Chengalpattu,12.978279,80.141716,asphalt,low,winter,none,flat,narrow,mid_block
IMG_01689,Tamil Nadu,Chengalpattu,12.984317,80.125415,unpaved,low,summer,none,flat,narrow,mid_block
IMG_01690,Tamil Nadu,Chengalpattu,12.984308,80.149285,asphalt,low,summer,none,flat,medium,mid_block
IMG_01691,Tamil Nadu,Chengalpattu,12.976901,80.132694,asphalt,low,monsoon,none,flat,medium,mid_block
IMG_01692,Tamil Nadu,Chengalpattu,12.987972,80.157548,asphalt,low,summer,none,flat,narrow,mid_block
IMG_01693,Tamil Nadu,Chengalpattu,12.989887,80.135076,asphalt,low,summer,none,flat,medium,mid_block
IMG_01694,Tamil Nadu,Chengalpattu,12.975534,80.141935,unpaved,low,summer,none,flat,narrow,mid_block
IMG_01695,Tamil Nadu,Chengalpattu,12.986647,80.127625,asphalt,low,summer,none,flat,medium,mid_block
IMG_01696,Tamil Nadu,Chengalpattu,12.994078,80.140171,asphalt,low,summer,none,flat,medium,mid_block
IMG_01697,Tamil Nadu,Chengalpattu,12.990112,80.133852,asphalt,low,summer,none,flat,medium,mid_block
IMG_01698,Tamil Nadu,Chengalpattu,12.97918,80.147535,asphalt,low,summer,none,flat,medium,mid_block
IMG_01699,Tamil Nadu,Chengalpattu,12.990063,80.151005,unpaved,low,summer,none,flat,narrow,mid_block
IMG_01700,Tamil Nadu,Chengalpattu,12.988339,80.155597,asphalt,low,summer,none,flat,medium,mid_block
IMG_01701,Tamil Nadu,Chengalpattu,12.989984,80.142795,asphalt,low,monsoon,none,flat,medium,mid_block
IMG_01702,Tamil Nadu,Chengalpattu,12.981586,80.128986,asphalt,low,summer,none,flat,medium,mid_block
IMG_01703,Tamil Nadu,Chengalpattu,12.990793,80.156039,asphalt,low,monsoon,none,flat,medium,mid_block
IMG_01704,Tamil Nadu,Chengalpattu,12.990302,80.154498,asphalt,low,summer,none,flat,medium,mid_block
IMG_01705,Tamil Nadu,Chengalpattu,12.97471,80.140656,unpaved,low,summer,none,flat,medium,mid_block
IMG_01706,Tamil Nadu,Chengalpattu,12.992576,80.149684,asphalt,low,summer,none,flat,medium,mid_block
IMG_01707,Tamil Nadu,Chengalpattu,12.975364,80.154008,mixed,low,summer,none,flat,medium,mid_block
IMG_01708,Tamil Nadu,Chengalpattu,12.981542,80.147166,unpaved,low,summer,none,flat,medium,mid_block
IMG_01709,Tamil Nadu,Chengalpattu,12.977996,80.145661,unpaved,low,summer,none,flat,narrow,mid_block
IMG_01710,Tamil Nadu,Chengalpattu,12.983726,80.136775,unpaved,low,summer,none,flat,narrow,mid_block
IMG_01711,Tamil Nadu,Chengalpattu,12.988058,80.14911,asphalt,low,summer,none,flat,medium,mid_block
IMG_01712,Tamil Nadu,Chengalpattu,12.97566,80.138114,mixed,low,summer,none,flat,medium,mid_block
IMG_01713,Tamil Nadu,Chengalpattu,12.972396,80.144868,asphalt,low,summer,none,flat,medium,mid_block
IMG_01714,Tamil Nadu,Chengalpattu,12.985343,80.148704,asphalt,low,summer,none,flat,medium,mid_block
IMG_01715,Tamil Nadu,Chengalpattu,12.975233,80.138948,unpaved,low,summer,none,flat,narrow,mid_block
IMG_01716,Tamil Nadu,Chengalpattu,12.992402,80.147601,asphalt,low,summer,none,flat,medium,mid_block
IMG_01717,Tamil Nadu,Chengalpattu,12.974787,80.153338,asphalt,low,summer,none,flat,medium,mid_block
IMG_01718,Tamil Nadu,Chengalpattu,12.985219,80.139468,mixed,low,summer,none,flat,medium,mid_block
IMG_01719,Tamil Nadu,Chengalpattu,12.978103,80.136737,asphalt,low,summer,none,flat,medium,mid_block
IMG_01720,Tamil Nadu,Chengalpattu,12.974777,80.141029,asphalt,low,summer,none,flat,medium,mid_block
IMG_01721,Tamil Nadu,Chengalpattu,12.98614,80.154037,asphalt,low,monsoon,none,flat,medium,mid_block
IMG_01722,Tamil Nadu,Chengalpattu,12.981712,80.148146,asphalt,low,summer,none,flat,medium,mid_block
IMG_01723,Tamil Nadu,Chengalpattu,12.990579,80.137665,mixed,low,summer,none,flat,medium,mid_block
IMG_01724,Tamil Nadu,Chengalpattu,12.985342,80.146207,asphalt,low,summer,none,flat,medium,mid_block
IMG_01725,Tamil Nadu,Chengalpattu,12.985162,80.15539,unpaved,low,summer,none,flat,narrow,mid_block
IMG_01726,Tamil Nadu,Chengalpattu,12.975021,80.149919,asphalt,low,summer,none,flat,medium,mid_block
IMG_01727,Tamil Nadu,Chengalpattu,12.991891,80.134921,mixed,low,summer,none,flat,medium,mid_block
IMG_01728,Tamil Nadu,Chengalpattu,12.992086,80.15335,asphalt,low,summer,none,flat,medium,mid_block
IMG_01729,Tamil Nadu,Chengalpattu,12.989485,80.145879,asphalt,low,summer,none,flat,medium,mid_block
IMG_01730,Tamil Nadu,Chengalpattu,12.985695,80.148815,asphalt,low,summer,none,flat,medium,mid_block
IMG_01731,Tamil Nadu,Chengalpattu,12.987318,80.147893,asphalt,low,summer,none,flat,medium,mid_block
IMG_01732,Tamil Nadu,Chengalpattu,12.979228,80.138176,mixed,low,winter,none,flat,narrow,mid_block
IMG_01733,Tamil Nadu,Chengalpattu,12.98333,80.13096,asphalt,low,summer,none,flat,medium,mid_block
IMG_01734,Tamil Nadu,Chengalpattu,12.987459,80.132141,unpaved,low,summer,none,flat,narrow,mid_block
IMG_01735,Tamil Nadu,Chengalpattu,12.98233,80.152603,unpaved,low,winter,none,flat,narrow,mid_block
IMG_01736,Tamil Nadu,Chengalpattu,12.992269,80.148492,unpaved,low,summer,none,flat,medium,mid_block
IMG_01737,Tamil Nadu,Chengalpattu,12.9816,80.154805,unpaved,low,summer,none,flat,narrow,mid_block
IMG_01738,Tamil Nadu,Chengalpattu,12.990508,80.155935,asphalt,low,winter,residential_building,flat,medium,mid_block
IMG_01739,Tamil Nadu,Chengalpattu,12.989645,80.151804,asphalt,low,summer,drainage_channel,flat,medium,mid_block
IMG_01740,Tamil Nadu,Chengalpattu,12.972935,80.148777,asphalt,low,summer,none,flat,medium,mid_block
IMG_01741,Tamil Nadu,Chengalpattu,12.977537,80.151123,asphalt,low,summer,none,flat,medium,mid_block
IMG_01742,Tamil Nadu,Chengalpattu,12.976249,80.15272,asphalt,low,winter,commercial_area,flat,wide,mid_block
IMG_01743,Tamil Nadu,Chengalpattu,12.976896,80.13353,asphalt,low,summer,none,flat,medium,mid_block
IMG_01744,Tamil Nadu,Chengalpattu,12.975901,80.155016,mixed,low,summer,none,mild_slope,narrow,mid_block
IMG_01745,Tamil Nadu,Chengalpattu,12.980617,80.155568,concrete,low,summer,residential_building,flat,medium,mid_block
IMG_01746,Tamil Nadu,Chengalpattu,12.983638,80.158402,asphalt,low,summer,none,flat,medium,mid_block
IMG_01747,Tamil Nadu,Chengalpattu,12.981417,80.155608,concrete,low,summer,none,flat,medium,mid_block
IMG_01748,Tamil Nadu,Chengalpattu,12.978242,80.134905,concrete,low,summer,none,flat,medium,mid_block
IMG_01749,Tamil Nadu,Chengalpattu,12.978978,80.144765,concrete,low,summer,none,flat,medium,mid_block
IMG_01750,Tamil Nadu,Chengalpattu,12.992271,80.140697,asphalt,low,summer,none,flat,medium,mid_block
IMG_01751,Tamil Nadu,Chengalpattu,12.976497,80.150085,unpaved,low,summer,none,flat,medium,mid_block
IMG_01752,Tamil Nadu,Chengalpattu,12.988859,80.141788,asphalt,low,summer,none,flat,medium,mid_block
IMG_01753,Tamil Nadu,Chengalpattu,12.984906,80.130484,mixed,low,monsoon,none,flat,narrow,mid_block
IMG_01754,Tamil Nadu,Chengalpattu,12.984999,80.124223,asphalt,low,summer,drainage_channel,flat,medium,mid_block
IMG_01755,Tamil Nadu,Chengalpattu,12.975352,80.151741,asphalt,low,monsoon,none,flat,medium,mid_block
IMG_01756,Tamil Nadu,Chengalpattu,12.981126,80.151828,mixed,low,monsoon,none,flat,narrow,mid_block
IMG_01757,Tamil Nadu,Chengalpattu,12.970395,80.146404,unpaved,low,monsoon,none,flat,narrow,mid_block
IMG_01758,Tamil Nadu,Chengalpattu,12.984972,80.138726,unpaved,low,monsoon,drainage_channel,flat,narrow,mid_block
IMG_01759,Tamil Nadu,Chengalpattu,12.99384,80.137996,concrete,low,summer,none,flat,medium,mid_block
IMG_01760,Tamil Nadu,Chengalpattu,12.976653,80.154362,asphalt,low,summer,none,flat,medium,mid_block
IMG_01761,Tamil Nadu,Chengalpattu,12.973135,80.148669,mixed,low,summer,none,flat,medium,mid_block
IMG_01762,Tamil Nadu,Chengalpattu,12.98479,80.133103,asphalt,low,summer,none,flat,medium,mid_block
IMG_01763,Tamil Nadu,Chengalpattu,12.986576,80.136578,unpaved,low,summer,none,flat,medium,mid_block
IMG_01764,Tamil Nadu,Chengalpattu,12.983774,80.130128,unpaved,low,summer,none,flat,medium,mid_block
IMG_01765,Tamil Nadu,Chengalpattu,12.990059,80.134899,unpaved,low,summer,none,flat,medium,mid_block
IMG_01766,Tamil Nadu,Chengalpattu,12.975814,80.150528,unpaved,low,summer,none,flat,medium,mid_block
IMG_01767,Tamil Nadu,Chengalpattu,12.98398,80.136341,unpaved,low,summer,none,flat,narrow,mid_block
IMG_01768,Tamil Nadu,Chengalpattu,12.977202,80.156841,concrete,low,summer,none,flat,medium,mid_block
IMG_01769,Tamil Nadu,Chengalpattu,12.99338,80.157453,asphalt,low,summer,none,flat,medium,mid_block
IMG_01770,Tamil Nadu,Chengalpattu,12.978823,80.132361,asphalt,low,summer,none,flat,medium,mid_block
IMG_01771,Tamil Nadu,Chengalpattu,12.987476,80.128825,asphalt,low,summer,none,flat,medium,mid_block
IMG_01772,Tamil Nadu,Chengalpattu,12.98766,80.145503,asphalt,low,summer,none,flat,medium,mid_block
IMG_01773,Tamil Nadu,Chengalpattu,12.985428,80.125411,mixed,low,summer,none,flat,medium,mid_block
IMG_01774,Tamil Nadu,Chengalpattu,12.982333,80.125819,mixed,low,monsoon,none,flat,medium,mid_block
IMG_01775,Tamil Nadu,Chengalpattu,12.986476,80.139213,mixed,low,monsoon,drainage_channel,flat,narrow,mid_block
IMG_01776,Tamil Nadu,Chengalpattu,12.978204,80.14396,asphalt,low,summer,none,flat,wide,mid_block
IMG_01777,Tamil Nadu,Chengalpattu,12.98072,80.129622,asphalt,low,summer,none,flat,medium,mid_block
IMG_01778,Tamil Nadu,Chennai,12.982717,80.236643,asphalt,low,summer,none,flat,medium,mid_block
IMG_01779,Tamil Nadu,Chennai,12.999935,80.230709,asphalt,low,summer,none,flat,medium,mid_block
IMG_01780,Tamil Nadu,Chennai,13.005761,80.2444,mixed,low,summer,none,flat,medium,mid_block
IMG_01781,Tamil Nadu,Chennai,13.001187,80.227071,mixed,low,summer,none,flat,medium,mid_block
IMG_01782,Tamil Nadu,Chennai,12.987744,80.235316,mixed,low,monsoon,none,flat,medium,mid_block
IMG_01783,Tamil Nadu,Chennai,13.006745,80.222074,asphalt,low,post_monsoon,none,flat,medium,mid_block
IMG_01784,Tamil Nadu,Chennai,12.993071,80.240405,asphalt,low,summer,none,flat,medium,mid_block
IMG_01785,Tamil Nadu,Chennai,12.986161,80.242597,asphalt,low,summer,bridge,flat,medium,mid_block
IMG_01786,Tamil Nadu,Chennai,12.995582,80.227708,mixed,low,summer,none,flat,narrow,mid_block
IMG_01787,Tamil Nadu,Chennai,13.003642,80.245022,asphalt,low,monsoon,none,flat,medium,mid_block
IMG_01788,Tamil Nadu,Chennai,12.983401,80.23367,unpaved,low,summer,none,flat,wide,mid_block
IMG_01789,Tamil Nadu,Chennai,12.985578,80.251207,unpaved,low,summer,none,flat,medium,mid_block
IMG_01790,Tamil Nadu,Chennai,12.996323,80.22133,unpaved,low,summer,none,flat,medium,mid_block
IMG_01791,Tamil Nadu,Chennai,12.987881,80.247599,unpaved,low,summer,none,flat,wide,mid_block
IMG_01792,Tamil Nadu,Chennai,12.994391,80.246055,unpaved,low,summer,none,flat,medium,mid_block
IMG_01793,Tamil Nadu,Chennai,13.002647,80.236291,unpaved,low,summer,none,flat,narrow,mid_block
IMG_01794,Tamil Nadu,Chennai,13.006143,80.23771,unpaved,low,summer,none,flat,wide,mid_block
IMG_01795,Tamil Nadu,Chennai,12.994963,80.228208,unpaved,low,summer,none,flat,wide,mid_block
IMG_01796,Tamil Nadu,Chennai,12.987819,80.240665,unpaved,low,summer,none,flat,medium,mid_block
IMG_01797,Tamil Nadu,Chennai,13.004109,80.236835,unpaved,low,summer,none,flat,medium,mid_block
IMG_01798,Tamil Nadu,Chennai,12.99974,80.228715,unpaved,low,summer,none,flat,medium,mid_block
IMG_01799,Tamil Nadu,Chennai,12.988588,80.2302,unpaved,low,summer,none,flat,medium,mid_block
IMG_01800,Tamil Nadu,Chennai,12.99702,80.224231,unpaved,low,summer,none,flat,medium,mid_block
IMG_01801,Tamil Nadu,Chennai,12.987317,80.242518,unpaved,low,summer,none,flat,medium,mid_block
IMG_01802,Tamil Nadu,Chennai,13.002243,80.221791,unpaved,low,summer,none,flat,wide,mid_block
IMG_01803,Tamil Nadu,Chennai,12.992857,80.237537,unpaved,low,summer,none,flat,wide,mid_block
IMG_01804,Tamil Nadu,Chennai,12.993113,80.226485,unpaved,low,summer,none,flat,narrow,mid_block
IMG_01805,Tamil Nadu,Chennai,12.993251,80.249459,unpaved,low,summer,none,flat,medium,mid_block
IMG_01806,Tamil Nadu,Chennai,12.9984,80.242569,concrete,low,summer,none,flat,medium,mid_block
IMG_01807,Tamil Nadu,Chennai,13.006965,80.244876,unpaved,low,summer,none,flat,medium,mid_block
IMG_01808,Tamil Nadu,Chennai,12.991102,80.244477,unpaved,low,summer,none,flat,medium,mid_block
IMG_01809,Tamil Nadu,Chennai,12.993215,80.244281,unpaved,low,summer,none,flat,medium,mid_block
IMG_01810,Tamil Nadu,Chennai,12.997208,80.239532,unpaved,low,summer,none,flat,wide,mid_block
IMG_01811,Tamil Nadu,Chennai,12.986981,80.226899,unpaved,low,summer,none,flat,medium,mid_block
IMG_01812,Tamil Nadu,Chennai,12.990612,80.24203,unpaved,low,summer,none,flat,medium,mid_block
IMG_01813,Tamil Nadu,Chennai,12.992753,80.225109,mixed,low,summer,none,flat,medium,mid_block
IMG_01814,Tamil Nadu,Chennai,12.994735,80.223878,unpaved,low,summer,none,flat,wide,mid_block
IMG_01815,Tamil Nadu,Chennai,12.999599,80.220565,unpaved,low,summer,none,flat,medium,mid_block
IMG_01816,Tamil Nadu,Chennai,12.99243,80.238253,unpaved,low,summer,none,flat,medium,mid_block
IMG_01817,Tamil Nadu,Chennai,12.984316,80.234873,unpaved,low,summer,none,flat,medium,mid_block
IMG_01818,Tamil Nadu,Chennai,12.986702,80.230435,unpaved,low,summer,none,flat,wide,mid_block
IMG_01819,Tamil Nadu,Chennai,13.003965,80.232156,unpaved,low,summer,none,flat,medium,mid_block
IMG_01820,Tamil Nadu,Chennai,13.003675,80.247059,mixed,low,summer,none,flat,medium,mid_block
IMG_01821,Tamil Nadu,Chennai,13.000475,80.245391,unpaved,low,summer,none,flat,medium,mid_block
IMG_01822,Tamil Nadu,Chennai,13.000526,80.244502,unpaved,low,summer,none,flat,wide,mid_block
IMG_01823,Tamil Nadu,Chennai,13.009882,80.226239,unpaved,low,summer,none,flat,wide,mid_block
IMG_01824,Tamil Nadu,Chennai,12.984018,80.241712,unpaved,low,summer,none,flat,medium,mid_block
IMG_01825,Tamil Nadu,Chennai,12.997768,80.226851,unpaved,low,summer,none,flat,wide,mid_block
IMG_01826,Tamil Nadu,Chennai,13.002025,80.244919,unpaved,low,summer,none,flat,medium,mid_block
IMG_01827,Tamil Nadu,Chennai,12.985324,80.239664,unpaved,low,summer,none,flat,wide,mid_block
IMG_01828,Tamil Nadu,Chennai,13.003547,80.223447,unpaved,low,summer,none,flat,medium,mid_block
IMG_01829,Tamil Nadu,Chennai,12.989852,80.241971,unpaved,low,monsoon,none,flat,narrow,mid_block
IMG_01830,Tamil Nadu,Chennai,13.002513,80.222178,unpaved,low,summer,none,flat,medium,mid_block
IMG_01831,Tamil Nadu,Chennai,13.001747,80.240322,unpaved,low,summer,none,flat,medium,mid_block
IMG_01832,Tamil Nadu,Chennai,12.983254,80.245102,unpaved,low,summer,none,flat,wide,mid_block
IMG_01833,Tamil Nadu,Chennai,13.006762,80.239439,unpaved,low,summer,none,flat,wide,mid_block
IMG_01834,Tamil Nadu,Chennai,13.004637,80.231105,unpaved,low,summer,none,flat,medium,mid_block
IMG_01835,Tamil Nadu,Chennai,12.993509,80.231874,unpaved,low,summer,none,flat,medium,mid_block
IMG_01836,Tamil Nadu,Chennai,12.995946,80.230908,unpaved,low,summer,none,flat,wide,mid_block
IMG_01837,Tamil Nadu,Chennai,13.00674,80.246743,unpaved,low,summer,none,flat,medium,mid_block
IMG_01838,Tamil Nadu,Chennai,12.983368,80.2513,unpaved,low,summer,none,flat,medium,mid_block
IMG_01839,Tamil Nadu,Chennai,13.000018,80.246953,unpaved,low,summer,none,flat,medium,mid_block
IMG_01840,Tamil Nadu,Chennai,13.002271,80.234011,asphalt,low,monsoon,none,flat,medium,mid_block
IMG_01841,Tamil Nadu,Chennai,12.988537,80.246278,unpaved,low,summer,none,flat,medium,mid_block
IMG_01842,Tamil Nadu,Chennai,12.996958,80.235591,mixed,low,summer,none,flat,medium,mid_block
IMG_01843,Tamil Nadu,Chennai,12.993735,80.243738,unpaved,low,summer,drainage_channel,flat,narrow,mid_block
IMG_01844,Tamil Nadu,Chennai,12.988484,80.24771,concrete,low,summer,none,flat,medium,mid_block
IMG_01845,Tamil Nadu,Chennai,13.006148,80.222529,asphalt,low,summer,none,flat,medium,mid_block
IMG_01846,Tamil Nadu,Chennai,13.007747,80.227704,unpaved,low,monsoon,drainage_channel,flat,medium,mid_block
IMG_01847,Tamil Nadu,Chennai,12.99465,80.239765,asphalt,low,summer,none,flat,medium,mid_block
IMG_01848,Tamil Nadu,Chennai,13.006783,80.225662,concrete,low,summer,none,flat,medium,mid_block
IMG_01849,Tamil Nadu,Chennai,12.986716,80.245937,unpaved,low,summer,none,flat,narrow,mid_block
IMG_01850,Tamil Nadu,Chennai,12.990744,80.248652,unpaved,low,summer,none,flat,medium,mid_block
IMG_01851,Tamil Nadu,Chennai,13.002079,80.22877,concrete,low,monsoon,none,flat,medium,mid_block
IMG_01852,Tamil Nadu,Chennai,12.980372,80.250882,asphalt,low,monsoon,none,flat,medium,mid_block
IMG_01853,Tamil Nadu,Chennai,12.982742,80.243378,asphalt,low,summer,none,flat,medium,mid_block
IMG_01854,Tamil Nadu,Chennai,12.9954,80.244631,asphalt,low,summer,none,flat,medium,mid_block
IMG_01855,Tamil Nadu,Chennai,13.001746,80.240936,asphalt,low,monsoon,none,flat,medium,near_intersection
IMG_01856,Tamil Nadu,Chennai,12.995471,80.245776,mixed,low,summer,none,flat,wide,mid_block
IMG_01857,Tamil Nadu,Chennai,13.001783,80.229755,asphalt,low,monsoon,none,flat,medium,mid_block
IMG_01858,Tamil Nadu,Chennai,12.998321,80.235254,mixed,low,monsoon,residential_building,flat,medium,mid_block
IMG_01859,Tamil Nadu,Chennai,12.99673,80.233682,asphalt,low,monsoon,none,flat,medium,mid_block
IMG_01860,Tamil Nadu,Chennai,13.003484,80.230565,mixed,low,summer,none,flat,medium,mid_block
IMG_01861,Tamil Nadu,Chennai,13.002131,80.228594,asphalt,low,summer,drainage_channel,flat,medium,mid_block
IMG_01862,Tamil Nadu,Chennai,12.98795,80.223648,asphalt,low,summer,residential_building,flat,narrow,mid_block
IMG_01863,Tamil Nadu,Chennai,12.996886,80.244764,asphalt,low,summer,none,flat,medium,mid_block
IMG_01864,Tamil Nadu,Chennai,12.985869,80.226799,gravel,low,summer,drainage_channel,flat,medium,mid_block
IMG_01865,Tamil Nadu,Chennai,12.995263,80.243526,asphalt,low,summer,none,flat,medium,mid_block
IMG_01866,Tamil Nadu,Chennai,12.988943,80.222986,asphalt,low,summer,none,flat,medium,mid_block
IMG_01867,Tamil Nadu,Chennai,12.986151,80.227164,mixed,low,monsoon,drainage_channel,flat,medium,mid_block
IMG_01868,Tamil Nadu,Chennai,12.996831,80.228706,asphalt,low,monsoon,drainage_channel,flat,medium,mid_block
IMG_01869,Tamil Nadu,Chennai,13.00196,80.223833,asphalt,low,monsoon,none,flat,medium,mid_block
IMG_01870,Tamil Nadu,Chennai,13.007333,80.235834,asphalt,low,summer,none,flat,narrow,mid_block
IMG_01871,Tamil Nadu,Chennai,13.007467,80.238572,gravel,low,monsoon,none,flat,medium,mid_block
IMG_01872,Tamil Nadu,Chennai,12.994798,80.234175,asphalt,low,summer,none,flat,medium,mid_block
IMG_01873,Tamil Nadu,Chennai,13.005877,80.232866,asphalt,low,monsoon,none,flat,medium,mid_block
IMG_01874,Tamil Nadu,Chennai,12.98238,80.240395,asphalt,low,winter,none,flat,medium,mid_block
IMG_01875,Tamil Nadu,Chennai,12.997733,80.229677,mixed,low,monsoon,drainage_channel,flat,medium,mid_block
IMG_01876,Tamil Nadu,Chennai,13.011274,80.223576,asphalt,low,monsoon,none,flat,medium,mid_block
IMG_01877,Tamil Nadu,Chennai,13.004066,80.239633,mixed,low,summer,none,flat,medium,mid_block
IMG_01878,Tamil Nadu,Chennai,13.004892,80.227105,concrete,low,summer,none,flat,medium,mid_block
IMG_01879,Tamil Nadu,Chennai,12.996468,80.234505,asphalt,low,summer,none,flat,medium,mid_block
IMG_01880,Tamil Nadu,Chennai,12.99396,80.247989,asphalt,low,summer,none,flat,wide,mid_block
IMG_01881,Tamil Nadu,Chennai,12.999561,80.239742,unpaved,low,summer,none,flat,medium,mid_block
IMG_01882,Tamil Nadu,Chennai,12.98658,80.226623,asphalt,low,summer,none,flat,medium,mid_block
IMG_01883,Tamil Nadu,Chennai,13.000798,80.224846,mixed,low,monsoon,none,flat,narrow,mid_block
IMG_01884,Tamil Nadu,Chennai,12.998706,80.229264,mixed,low,summer,none,flat,medium,mid_block
IMG_01885,Tamil Nadu,Chennai,12.987324,80.242946,asphalt,low,monsoon,none,flat,medium,mid_block
IMG_01886,Tamil Nadu,Chennai,13.002135,80.234621,unpaved,low,monsoon,drainage_channel,flat,narrow,mid_block
IMG_01887,Tamil Nadu,Chennai,13.0048,80.24025,unpaved,low,monsoon,none,flat,narrow,mid_block
IMG_01888,Tamil Nadu,Chennai,12.993407,80.237601,mixed,low,summer,none,flat,medium,mid_block
IMG_01889,Tamil Nadu,Chennai,13.006019,80.222027,concrete,low,summer,none,flat,medium,mid_block
IMG_01890,Tamil Nadu,Chennai,12.985265,80.229802,asphalt,low,summer,none,flat,medium,mid_block
IMG_01891,Tamil Nadu,Chennai,13.003579,80.238412,mixed,low,summer,none,flat,medium,mid_block
IMG_01892,Tamil Nadu,Chennai,12.989119,80.22377,unpaved,low,summer,none,flat,medium,mid_block
IMG_01893,Tamil Nadu,Chennai,13.001686,80.242708,unpaved,low,summer,none,flat,medium,mid_block
IMG_01894,Tamil Nadu,Chennai,12.995564,80.222325,unpaved,low,summer,none,flat,medium,mid_block
IMG_01895,Tamil Nadu,Chennai,12.990178,80.227918,concrete,low,summer,none,flat,medium,mid_block
IMG_01896,Tamil Nadu,Chennai,12.982922,80.251337,asphalt,low,summer,none,flat,medium,mid_block
IMG_01897,Tamil Nadu,Chennai,13.006312,80.238609,asphalt,low,summer,none,flat,medium,mid_block
IMG_01898,Tamil Nadu,Chennai,13.001171,80.228548,concrete,low,summer,none,flat,medium,mid_block
IMG_01899,Tamil Nadu,Chennai,12.981317,80.244569,mixed,low,monsoon,none,flat,medium,mid_block
IMG_01900,Tamil Nadu,Chennai,12.994832,80.241121,mixed,low,monsoon,drainage_channel,flat,narrow,mid_block
IMG_01901,Tamil Nadu,Chennai,13.008829,80.225651,asphalt,low,summer,none,flat,medium,mid_block
IMG_01902,Tamil Nadu,Chennai,12.998439,80.24057,asphalt,low,summer,none,flat,medium,mid_block
IMG_01903,Tamil Nadu,Chennai,12.995499,80.22268,asphalt,low,monsoon,none,flat,medium,mid_block
IMG_01904,Tamil Nadu,Chennai,12.990983,80.230648,asphalt,low,summer,none,flat,medium,mid_block
IMG_01905,Tamil Nadu,Chennai,13.001103,80.247908,asphalt,low,summer,none,flat,medium,mid_block
IMG_01906,Tamil Nadu,Chennai,12.990413,80.242509,asphalt,low,summer,none,flat,medium,mid_block
IMG_01907,Tamil Nadu,Chennai,12.989106,80.250787,asphalt,low,summer,none,flat,medium,mid_block
IMG_01908,Tamil Nadu,Chennai,13.005609,80.237783,asphalt,low,summer,none,flat,medium,mid_block
IMG_01909,Tamil Nadu,Chennai,12.99434,80.230029,asphalt,low,summer,none,flat,medium,mid_block
IMG_01910,Tamil Nadu,Chennai,12.992749,80.236614,asphalt,low,summer,none,flat,medium,mid_block
IMG_01911,Tamil Nadu,Chennai,12.997097,80.233279,asphalt,low,summer,none,flat,medium,mid_block
IMG_01912,Tamil Nadu,Chennai,12.985945,80.231585,unpaved,low,summer,none,flat,narrow,mid_block
IMG_01913,Tamil Nadu,Chennai,13.003814,80.240262,mixed,low,summer,none,flat,medium,mid_block
IMG_01914,Tamil Nadu,Chennai,13.003926,80.226377,unpaved,low,monsoon,drainage_channel,flat,narrow,mid_block
IMG_01915,Tamil Nadu,Chennai,12.993815,80.242659,unpaved,low,monsoon,none,flat,narrow,mid_block
IMG_01916,Tamil Nadu,Chennai,12.983867,80.251707,mixed,low,monsoon,none,flat,medium,mid_block
IMG_01917,Tamil Nadu,Chennai,12.999179,80.227553,mixed,low,summer,none,flat,medium,mid_block
IMG_01918,Tamil Nadu,Chennai,12.985028,80.237807,mixed,low,monsoon,none,flat,narrow,mid_block
IMG_01919,Tamil Nadu,Chennai,12.9974,80.222745,asphalt,low,summer,drainage_channel,flat,narrow,mid_block
IMG_01920,Tamil Nadu,Chennai,12.994548,80.223543,asphalt,low,monsoon,drainage_channel,flat,medium,mid_block
IMG_01921,Tamil Nadu,Chennai,13.006192,80.236081,asphalt,low,summer,none,flat,medium,mid_block
IMG_01922,Tamil Nadu,Chennai,13.002563,80.236426,mixed,low,post_monsoon,none,flat,medium,mid_block
IMG_01923,Tamil Nadu,Chennai,12.988642,80.247151,asphalt,low,summer,none,flat,medium,mid_block
IMG_01924,Tamil Nadu,Chennai,12.997369,80.232302,asphalt,low,summer,none,flat,medium,mid_block
IMG_01925,Tamil Nadu,Chennai,12.98873,80.245679,asphalt,low,monsoon,drainage_channel,flat,medium,mid_block
IMG_01926,Tamil Nadu,Chennai,12.996002,80.246685,asphalt,low,monsoon,none,flat,medium,mid_block
IMG_01927,Tamil Nadu,Chennai,12.988938,80.229504,unpaved,low,summer,none,flat,medium,mid_block
IMG_01928,Tamil Nadu,Chennai,12.995434,80.224568,mixed,low,summer,none,flat,medium,mid_block
IMG_01929,Tamil Nadu,Chennai,12.996971,80.231036,mixed,low,summer,residential_building,flat,narrow,mid_block
IMG_01930,Tamil Nadu,Chennai,12.99739,80.237563,asphalt,low,summer,none,flat,medium,mid_block
IMG_01931,Tamil Nadu,Chennai,12.994356,80.230268,asphalt,low,monsoon,none,flat,medium,mid_block
IMG_01932,Tamil Nadu,Chennai,12.985979,80.242634,asphalt,low,monsoon,drainage_channel,flat,medium,mid_block
IMG_01933,Tamil Nadu,Chennai,12.998014,80.227364,asphalt,low,summer,none,flat,medium,mid_block
IMG_01934,Tamil Nadu,Chennai,13.004414,80.221114,asphalt,low,summer,none,flat,medium,mid_block
IMG_01935,Tamil Nadu,Chennai,13.003446,80.242889,asphalt,low,monsoon,residential_building,flat,medium,mid_block
IMG_01936,Tamil Nadu,Chennai,13.005541,80.232384,asphalt,low,monsoon,none,flat,medium,mid_block
IMG_01937,Tamil Nadu,Chennai,13.000901,80.246691,mixed,low,summer,commercial_area,flat,medium,mid_block
IMG_01938,Tamil Nadu,Chennai,12.998592,80.248302,asphalt,low,summer,drainage_channel,flat,medium,mid_block
IMG_01939,Tamil Nadu,Chennai,13.007513,80.234169,asphalt,low,winter,none,flat,medium,mid_block
IMG_01940,Tamil Nadu,Chennai,12.996574,80.234716,asphalt,low,summer,drainage_channel,flat,medium,mid_block
IMG_01941,Tamil Nadu,Chennai,13.002746,80.233171,asphalt,low,summer,drainage_channel,flat,medium,mid_block
IMG_01942,Tamil Nadu,Chennai,13.000621,80.224758,asphalt,low,summer,none,flat,medium,mid_block
IMG_01943,Tamil Nadu,Chennai,12.990688,80.242477,unpaved,low,summer,none,flat,narrow,mid_block
IMG_01944,Tamil Nadu,Chennai,13.000466,80.247712,asphalt,low,summer,none,flat,medium,mid_block
IMG_01945,Tamil Nadu,Chennai,12.99199,80.2301,asphalt,low,summer,residential_building,flat,medium,mid_block
IMG_01946,Tamil Nadu,Chennai,13.002629,80.244672,asphalt,low,summer,none,flat,medium,mid_block
IMG_01947,Tamil Nadu,Chennai,12.982202,80.240451,asphalt,low,monsoon,none,flat,medium,mid_block
IMG_01948,Tamil Nadu,Chennai,13.00351,80.233961,unpaved,low,monsoon,none,flat,medium,mid_block
IMG_01949,Tamil Nadu,Chennai,12.983145,80.240536,asphalt,low,monsoon,none,flat,medium,mid_block
IMG_01950,Tamil Nadu,Chennai,13.007462,80.23428,asphalt,low,summer,none,flat,medium,mid_block
IMG_01951,Tamil Nadu,Chennai,12.981498,80.245881,asphalt,low,summer,none,flat,medium,mid_block
IMG_01952,Tamil Nadu,Chennai,12.989268,80.232015,asphalt,low,summer,drainage_channel,flat,medium,mid_block
IMG_01953,Tamil Nadu,Chennai,12.984626,80.23716,asphalt,low,monsoon,none,flat,medium,mid_block
IMG_01954,Tamil Nadu,Chennai,12.99783,80.245762,asphalt,low,monsoon,none,flat,medium,mid_block
IMG_01955,Tamil Nadu,Chennai,12.987618,80.249722,asphalt,low,summer,none,flat,medium,mid_block
IMG_01956,Tamil Nadu,Chennai,12.984549,80.234855,asphalt,low,monsoon,none,flat,medium,mid_block
IMG_01957,Tamil Nadu,Chennai,12.988031,80.228081,mixed,low,summer,none,flat,medium,mid_block
IMG_01958,Tamil Nadu,Chennai,12.985015,80.234216,asphalt,low,summer,none,flat,medium,mid_block
IMG_01959,Tamil Nadu,Chennai,12.990908,80.239016,asphalt,low,monsoon,drainage_channel,flat,medium,mid_block
IMG_01960,Tamil Nadu,Chennai,13.000123,80.233643,unpaved,low,summer,none,flat,medium,mid_block
IMG_01961,Tamil Nadu,Chennai,12.987909,80.247499,asphalt,low,summer,none,flat,medium,mid_block
IMG_01962,Tamil Nadu,Chennai,12.986311,80.232339,asphalt,low,monsoon,none,flat,medium,mid_block
IMG_01963,Tamil Nadu,Chennai,12.995232,80.227484,asphalt,low,monsoon,none,flat,medium,mid_block
IMG_01964,Tamil Nadu,Chennai,12.998018,80.238596,asphalt,low,monsoon,none,flat,medium,mid_block
IMG_01965,Tamil Nadu,Chennai,12.988675,80.238304,asphalt,low,monsoon,none,flat,medium,mid_block
IMG_01966,Tamil Nadu,Chennai,13.001595,80.244187,asphalt,low,monsoon,none,flat,medium,mid_block
IMG_01967,Tamil Nadu,Chennai,12.981594,80.239636,asphalt,low,summer,none,flat,medium,mid_block
IMG_01968,Tamil Nadu,Chennai,12.995656,80.249436,mixed,low,monsoon,none,flat,medium,mid_block
IMG_01969,Tamil Nadu,Chennai,12.989043,80.245971,asphalt,low,summer,none,flat,medium,mid_block
IMG_01970,Tamil Nadu,Chennai,12.999122,80.231273,unpaved,low,summer,none,flat,medium,mid_block
IMG_01971,Tamil Nadu,Chennai,13.00005,80.240113,unpaved,low,summer,none,flat,narrow,mid_block
IMG_01972,Tamil Nadu,Chennai,13.001343,80.243406,asphalt,low,summer,none,flat,medium,mid_block
IMG_01973,Tamil Nadu,Chennai,13.000759,80.24727,asphalt,low,summer,none,flat,medium,mid_block
IMG_01974,Tamil Nadu,Chennai,13.000356,80.229845,asphalt,low,summer,none,flat,medium,mid_block
IMG_01975,Tamil Nadu,Chennai,12.9939,80.238753,asphalt,low,summer,none,flat,medium,mid_block
IMG_01976,Tamil Nadu,Chennai,13.003058,80.222644,asphalt,low,winter,construction_site,flat,medium,mid_block
IMG_01977,Tamil Nadu,Chennai,12.989323,80.24428,mixed,low,monsoon,none,flat,narrow,mid_block
IMG_01978,Tamil Nadu,Chennai,13.00614,80.228135,asphalt,low,summer,none,flat,medium,mid_block
IMG_01979,Tamil Nadu,Chennai,13.005958,80.235537,mixed,low,monsoon,none,flat,narrow,mid_block
IMG_01980,Tamil Nadu,Chennai,13.005386,80.244249,asphalt,low,summer,none,flat,medium,mid_block
IMG_01981,Tamil Nadu,Chennai,12.990693,80.223468,asphalt,low,summer,drainage_channel,flat,medium,mid_block
IMG_01982,Tamil Nadu,Chennai,13.010299,80.22431,asphalt,low,summer,none,flat,medium,mid_block
IMG_01983,Tamil Nadu,Chennai,12.991543,80.245702,asphalt,low,summer,none,flat,medium,mid_block
IMG_01984,Tamil Nadu,Chennai,12.994339,80.241822,asphalt,low,monsoon,none,flat,medium,mid_block
IMG_01985,Tamil Nadu,Chennai,13.001173,80.238917,mixed,low,monsoon,none,flat,medium,mid_block
IMG_01986,Tamil Nadu,Chennai,12.980839,80.248781,mixed,low,summer,none,flat,medium,mid_block
IMG_01987,Tamil Nadu,Chennai,12.989545,80.233116,asphalt,low,monsoon,none,flat,medium,mid_block
IMG_01988,Tamil Nadu,Chennai,12.984444,80.250822,mixed,low,monsoon,drainage_channel,flat,medium,mid_block
IMG_01989,Tamil Nadu,Chennai,12.989614,80.235891,asphalt,low,summer,drainage_channel,flat,medium,mid_block
IMG_01990,Tamil Nadu,Chennai,12.983106,80.24888,asphalt,low,summer,none,flat,medium,mid_block
IMG_01991,Tamil Nadu,Chennai,12.984314,80.234608,asphalt,low,monsoon,none,flat,medium,mid_block
IMG_01992,Tamil Nadu,Chennai,13.001114,80.244137,asphalt,low,summer,none,flat,medium,mid_block
IMG_01993,Tamil Nadu,Chennai,13.003369,80.224763,unpaved,low,monsoon,residential_building,flat,narrow,mid_block
IMG_01994,Tamil Nadu,Chennai,12.993085,80.222936,mixed,low,summer,construction_site,flat,medium,mid_block
IMG_01995,Tamil Nadu,Chennai,12.995424,80.23311,mixed,low,summer,none,flat,medium,mid_block
IMG_01996,Tamil Nadu,Chennai,12.991692,80.234271,asphalt,low,summer,none,flat,medium,mid_block
IMG_01997,Tamil Nadu,Chennai,12.983174,80.242245,asphalt,low,summer,none,flat,medium,mid_block
IMG_01998,Tamil Nadu,Chennai,12.99132,80.232781,unpaved,low,summer,none,flat,medium,mid_block
IMG_01999,Tamil Nadu,Chennai,13.006691,80.234644,mixed,low,monsoon,none,flat,medium,mid_block
IMG_02000,Tamil Nadu,Chennai,13.000872,80.240798,asphalt,low,summer,construction_site,flat,wide,mid_block
IMG_02001,Tamil Nadu,Chennai,13.004768,80.227694,asphalt,low,summer,none,flat,medium,mid_block
IMG_02002,Tamil Nadu,Chennai,12.984009,80.23826,asphalt,low,summer,none,flat,medium,mid_block
IMG_02003,Tamil Nadu,Chennai,12.982208,80.244861,asphalt,low,summer,none,flat,medium,mid_block
IMG_02004,Tamil Nadu,Chennai,12.98656,80.226785,asphalt,low,summer,none,flat,medium,mid_block
IMG_02005,Tamil Nadu,Chennai,13.007372,80.230491,asphalt,low,summer,none,flat,medium,mid_block
IMG_02006,Tamil Nadu,Chennai,12.984688,80.249317,asphalt,low,summer,none,flat,wide,mid_block
IMG_02007,Tamil Nadu,Chennai,12.987927,80.22542,asphalt,low,summer,none,flat,medium,mid_block
IMG_02008,Tamil Nadu,Chennai,13.000818,80.220526,asphalt,low,summer,none,flat,medium,mid_block
IMG_02009,Tamil Nadu,Chennai,12.987527,80.230334,asphalt,low,summer,none,flat,medium,mid_block
IMG_02010,Tamil Nadu,Chennai,13.003352,80.236993,asphalt,low,summer,drainage_channel,flat,medium,mid_block
IMG_02011,Tamil Nadu,Chennai,13.003476,80.235352,asphalt,low,summer,none,flat,medium,mid_block
IMG_02012,Tamil Nadu,Chennai,13.004492,80.23657,concrete,low,summer,none,flat,medium,mid_block
IMG_02013,Tamil Nadu,Chennai,12.983479,80.23626,asphalt,low,summer,none,flat,medium,mid_block
IMG_02014,Tamil Nadu,Chennai,12.996433,80.234753,asphalt,low,summer,none,flat,wide,mid_block
IMG_02015,Tamil Nadu,Chennai,12.995099,80.232896,asphalt,low,summer,construction_site,flat,wide,mid_block
IMG_02016,Tamil Nadu,Chennai,13.001605,80.235814,mixed,low,summer,none,flat,medium,mid_block
IMG_02017,Tamil Nadu,Chennai,13.008629,80.222096,mixed,low,summer,none,flat,medium,mid_block
IMG_02018,Tamil Nadu,Chennai,12.982591,80.239699,mixed,low,summer,none,flat,medium,mid_block
IMG_02019,Tamil Nadu,Chennai,12.999939,80.237726,asphalt,low,summer,none,flat,wide,mid_block
IMG_02020,Tamil Nadu,Chennai,12.996719,80.234611,mixed,low,monsoon,construction_site,flat,medium,near_intersection
IMG_02021,Tamil Nadu,Chennai,12.999071,80.222941,mixed,low,monsoon,construction_site,flat,medium,mid_block
IMG_02022,Tamil Nadu,Chennai,13.002097,80.247746,unpaved,low,monsoon,construction_site,flat,narrow,mid_block
IMG_02023,Tamil Nadu,Chennai,13.0005,80.244987,asphalt,low,summer,none,flat,medium,near_intersection
IMG_02024,Tamil Nadu,Chennai,13.002696,80.226754,asphalt,low,summer,none,flat,medium,mid_block
IMG_02025,Tamil Nadu,Chennai,12.994237,80.227198,asphalt,low,summer,none,flat,medium,mid_block
IMG_02026,Tamil Nadu,Chennai,12.9907,80.234603,asphalt,low,summer,none,flat,medium,mid_block
IMG_02027,Tamil Nadu,Chennai,12.99312,80.222807,mixed,low,summer,none,flat,medium,mid_block
IMG_02028,Tamil Nadu,Chennai,12.993459,80.241568,asphalt,low,summer,none,flat,medium,mid_block
IMG_02029,Tamil Nadu,Chennai,12.991811,80.224701,mixed,low,summer,none,flat,medium,mid_block
IMG_02030,Tamil Nadu,Chennai,13.006181,80.222746,asphalt,low,summer,drainage_channel,flat,medium,mid_block
IMG_02031,Tamil Nadu,Chennai,12.983086,80.243994,mixed,low,summer,none,flat,medium,mid_block
IMG_02032,Tamil Nadu,Chennai,13.005552,80.237989,asphalt,low,summer,none,flat,medium,mid_block
IMG_02033,Tamil Nadu,Chennai,12.998475,80.238161,gravel,low,summer,none,flat,medium,mid_block
IMG_02034,Tamil Nadu,Chennai,12.990408,80.2237,unpaved,low,summer,none,flat,medium,mid_block
IMG_02035,Tamil Nadu,Chennai,12.99116,80.241576,asphalt,low,summer,drainage_channel,flat,medium,mid_block
IMG_02036,Tamil Nadu,Chennai,12.998913,80.231251,asphalt,low,summer,none,flat,medium,mid_block
IMG_02037,Tamil Nadu,Chennai,12.998207,80.226679,asphalt,low,summer,none,flat,medium,mid_block
IMG_02038,Tamil Nadu,Chennai,13.000682,80.227058,asphalt,low,summer,none,flat,medium,mid_block
IMG_02039,Tamil Nadu,Chennai,12.983452,80.247502,asphalt,low,summer,none,flat,medium,mid_block
IMG_02040,Tamil Nadu,Chennai,12.991599,80.244777,unpaved,low,summer,construction_site,flat,medium,mid_block
IMG_02041,Tamil Nadu,Chennai,12.998087,80.246246,unpaved,low,summer,construction_site,flat,wide,mid_block
IMG_02042,Tamil Nadu,Chennai,13.005761,80.239872,asphalt,low,summer,none,flat,medium,mid_block
IMG_02043,Tamil Nadu,Chennai,13.000241,80.220541,concrete,low,summer,none,flat,wide,mid_block
IMG_02044,Tamil Nadu,Chennai,12.988454,80.225615,asphalt,low,summer,none,flat,medium,mid_block
IMG_02045,Tamil Nadu,Chennai,13.002126,80.229847,concrete,low,summer,none,flat,medium,mid_block
IMG_02046,Tamil Nadu,Chennai,13.007377,80.238317,asphalt,low,monsoon,construction_site,flat,medium,mid_block
IMG_02047,Tamil Nadu,Chennai,12.992642,80.224347,asphalt,low,monsoon,none,flat,medium,mid_block
IMG_02048,Tamil Nadu,Chennai,12.999942,80.220686,asphalt,low,summer,none,flat,medium,mid_block
IMG_02049,Tamil Nadu,Chennai,13.00349,80.226758,mixed,low,summer,none,flat,medium,mid_block
IMG_02050,Tamil Nadu,Chennai,12.993241,80.230897,gravel,low,monsoon,none,flat,medium,mid_block
IMG_02051,Tamil Nadu,Chennai,12.991677,80.243428,asphalt,low,summer,construction_site,flat,medium,mid_block
IMG_02052,Tamil Nadu,Chennai,13.004455,80.238359,asphalt,low,summer,drainage_channel,flat,medium,mid_block
IMG_02053,Tamil Nadu,Chennai,12.984998,80.240013,asphalt,low,summer,none,flat,medium,mid_block
IMG_02054,Tamil Nadu,Chennai,13.001224,80.228633,asphalt,low,summer,drainage_channel,flat,medium,mid_block
IMG_02055,Tamil Nadu,Chennai,13.000846,80.235662,asphalt,low,summer,none,flat,medium,mid_block
IMG_02056,Tamil Nadu,Chennai,12.993938,80.228668,mixed,low,summer,none,flat,medium,mid_block
IMG_02057,Tamil Nadu,Chennai,13.003767,80.223423,asphalt,low,summer,none,flat,medium,mid_block
IMG_02058,Tamil Nadu,Chennai,12.993557,80.229,asphalt,low,summer,none,flat,medium,mid_block
IMG_02059,Tamil Nadu,Chennai,13.001366,80.235694,asphalt,low,summer,none,flat,medium,mid_block
IMG_02060,Tamil Nadu,Chennai,13.001009,80.221172,asphalt,low,summer,none,flat,medium,mid_block
IMG_02061,Tamil Nadu,Chennai,12.992469,80.239403,mixed,low,summer,none,flat,medium,mid_block
IMG_02062,Tamil Nadu,Chennai,12.988079,80.230477,asphalt,low,summer,none,flat,medium,mid_block
IMG_02063,Tamil Nadu,Chennai,12.985572,80.232191,mixed,low,summer,none,flat,medium,mid_block
IMG_02064,Tamil Nadu,Chennai,13.002157,80.236143,unpaved,low,summer,none,flat,narrow,mid_block
IMG_02065,Tamil Nadu,Chennai,13.00623,80.246212,asphalt,low,summer,none,flat,medium,mid_block
IMG_02066,Tamil Nadu,Chennai,12.982317,80.248041,unpaved,low,summer,drainage_channel,flat,narrow,mid_block
IMG_02067,Tamil Nadu,Chennai,12.998139,80.23855,asphalt,low,summer,none,flat,medium,mid_block
IMG_02068,Tamil Nadu,Chennai,13.00234,80.233425,asphalt,low,summer,none,flat,medium,mid_block
IMG_02069,Tamil Nadu,Chennai,12.990255,80.246052,asphalt,low,summer,none,flat,medium,mid_block
IMG_02070,Tamil Nadu,Chennai,12.99947,80.247062,asphalt,low,summer,none,flat,medium,mid_block
IMG_02071,Tamil Nadu,Chennai,13.008945,80.222578,mixed,low,summer,none,flat,medium,mid_block
IMG_02072,Tamil Nadu,Chennai,13.00658,80.227686,asphalt,low,summer,none,flat,medium,mid_block
IMG_02073,Tamil Nadu,Chennai,12.998551,80.236923,unpaved,low,summer,none,flat,medium,mid_block
IMG_02074,Tamil Nadu,Chennai,12.992485,80.229889,mixed,low,summer,none,flat,medium,mid_block
