image_id,abnormality_id,abnormality_type,x_centre,y_centre,width_scaled,height_scaled
IMG_00001,IMG_00001_annotation_000,Road patch failure,0.5137,0.6978,0.0852,0.2314
IMG_00002,IMG_00002_annotation_000,Road patch failure,0.4762,0.8156,0.0852,0.0984
IMG_00003,IMG_00003_annotation_000,Road patch failure,0.5168,0.7248,0.1383,0.2439
IMG_00004,IMG_00004_annotation_000,Pothole,0.5066,0.3465,0.107,0.1053
IMG_00004,IMG_00004_annotation_001,Pothole,0.3797,0.6825,0.2297,0.3395
IMG_00005,IMG_00005_annotation_000,Road patch failure,0.4875,0.7788,0.0922,0.1136
IMG_00006,IMG_00006_annotation_000,Pothole,0.534,0.668,0.1336,0.1053
IMG_00007,IMG_00007_annotation_000,Pothole,0.5152,0.6437,0.1258,0.1067
IMG_00008,IMG_00008_annotation_000,Road patch failure,0.4602,0.5245,0.1172,0.0707
IMG_00009,IMG_00009_annotation_000,Road patch failure,0.5383,0.9139,0.0813,0.1344
IMG_00009,IMG_00009_annotation_001,Road patch failure,0.6254,0.9594,0.0773,0.0812
IMG_00010,IMG_00010_annotation_000,Road patch failure,0.2562,0.7421,0.0641,0.0513
IMG_00010,IMG_00010_annotation_001,Road patch failure,0.4707,0.8419,0.1633,0.1954
IMG_00011,IMG_00011_annotation_000,Pothole,0.4734,0.6991,0.1516,0.1871
IMG_00012,IMG_00012_annotation_000,Pothole,0.4598,0.7518,0.143,0.1815
IMG_00013,IMG_00013_annotation_000,Pothole,0.6466,0.7067,0.2869,0.2276
IMG_00013,IMG_00013_annotation_001,Pothole,0.4441,0.5409,0.137,0.0978
IMG_00014,IMG_00014_annotation_000,Surface depression,0.5284,0.4511,0.0706,0.1715
IMG_00014,IMG_00014_annotation_001,Surface depression,0.3392,0.4471,0.1031,0.0897
IMG_00014,IMG_00014_annotation_002,Surface depression,0.2761,0.5465,0.1298,0.0897
IMG_00014,IMG_00014_annotation_003,Surface depression,0.1766,0.6322,0.1672,0.1074
IMG_00014,IMG_00014_annotation_004,Manhole,0.7865,0.9375,0.2062,0.125
IMG_00015,IMG_00015_annotation_000,Surface depression,0.4909,0.4335,0.1139,0.0913
IMG_00015,IMG_00015_annotation_001,Surface depression,0.519,0.5833,0.1687,0.1955
IMG_00015,IMG_00015_annotation_002,Surface depression,0.5057,0.8478,0.2574,0.3045
IMG_00015,IMG_00015_annotation_003,Surface depression,0.4815,0.3558,0.0389,0.0481
IMG_00016,IMG_00016_annotation_000,Surface depression,0.5407,0.758,0.1716,0.266
IMG_00016,IMG_00016_annotation_001,Surface depression,0.5107,0.5216,0.0786,0.2035
IMG_00016,IMG_00016_annotation_002,Surface depression,0.9127,0.5072,0.1746,0.2099
IMG_00017,IMG_00017_annotation_000,Surface depression,0.5244,0.5433,0.2054,0.1122
IMG_00018,IMG_00018_annotation_000,Road patch failure,0.558,0.5777,0.0793,0.0849
IMG_00018,IMG_00018_annotation_001,Road patch failure,0.5111,0.7099,0.1024,0.125
IMG_00018,IMG_00018_annotation_002,Road patch failure,0.4113,0.8966,0.1146,0.1202
IMG_00018,IMG_00018_annotation_003,Road patch failure,0.323,0.6691,0.0519,0.0978
IMG_00018,IMG_00018_annotation_004,Road patch failure,0.2739,0.9191,0.1153,0.1619
IMG_00019,IMG_00019_annotation_000,Road patch failure,0.5241,0.6258,0.1355,0.1394
IMG_00019,IMG_00019_annotation_001,Road patch failure,0.1168,0.8253,0.098,0.1538
IMG_00019,IMG_00019_annotation_002,Road patch failure,0.435,0.8934,0.1507,0.2099
IMG_00019,IMG_00019_annotation_003,Road patch failure,0.3705,0.5296,0.111,0.1202
IMG_00020,IMG_00020_annotation_000,Surface depression,0.5306,0.4671,0.2437,0.117
IMG_00021,IMG_00021_annotation_000,Surface depression,0.5277,0.5184,0.1514,0.0721
IMG_00021,IMG_00021_annotation_001,Surface depression,0.5493,0.7524,0.0721,0.1394
IMG_00021,IMG_00021_annotation_002,Pothole,0.4051,0.4439,0.0562,0.0609
IMG_00022,IMG_00022_annotation_000,Surface depression,0.2916,0.7388,0.3381,0.3141
IMG_00022,IMG_00022_annotation_001,Surface depression,0.6484,0.4231,0.1189,0.0769
IMG_00022,IMG_00022_annotation_002,Surface depression,0.5781,0.2965,0.1197,0.0641
IMG_00022,IMG_00022_annotation_003,Surface depression,0.6232,0.3534,0.1276,0.0625
IMG_00022,IMG_00022_annotation_004,Manhole,0.9513,0.7692,0.0975,0.1378
IMG_00023,IMG_00023_annotation_000,Surface depression,0.4988,0.2284,0.1528,0.1362
IMG_00023,IMG_00023_annotation_001,Surface depression,0.5601,0.3862,0.2177,0.1763
IMG_00023,IMG_00023_annotation_002,Surface depression,0.5832,0.6146,0.2393,0.226
IMG_00024,IMG_00024_annotation_000,Road patch failure,0.4722,0.5184,0.0562,0.0529
IMG_00024,IMG_00024_annotation_001,Road patch failure,0.5399,0.4968,0.0764,0.0673
IMG_00024,IMG_00024_annotation_002,Surface depression,0.6524,0.77,0.3431,0.4439
IMG_00025,IMG_00025_annotation_000,Surface depression,0.4689,0.6146,0.3943,0.2228
IMG_00025,IMG_00025_annotation_001,Surface depression,0.5295,0.101,0.0988,0.0385
IMG_00026,IMG_00026_annotation_000,Surface depression,0.6823,0.7604,0.3193,0.3317
IMG_00026,IMG_00026_annotation_001,Surface depression,0.3867,0.7428,0.2429,0.3478
IMG_00026,IMG_00026_annotation_002,Surface depression,0.5814,0.4503,0.1723,0.1154
IMG_00026,IMG_00026_annotation_003,Surface depression,0.1125,0.8413,0.1788,0.2308
IMG_00027,IMG_00027_annotation_000,Surface depression,0.7544,0.7973,0.3525,0.4054
IMG_00027,IMG_00027_annotation_001,Manhole,0.5861,0.3101,0.098,0.0465
IMG_00027,IMG_00027_annotation_002,Surface depression,0.9307,0.472,0.1386,0.2292
IMG_00027,IMG_00027_annotation_003,Surface depression,0.7093,0.4495,0.235,0.1811
IMG_00028,IMG_00028_annotation_000,Surface depression,0.5194,0.6386,0.1766,0.149
IMG_00029,IMG_00029_annotation_000,Road patch failure,0.6315,0.3397,0.1355,0.0545
IMG_00029,IMG_00029_annotation_001,Road patch failure,0.6466,0.4191,0.1096,0.0657
IMG_00029,IMG_00029_annotation_002,Road patch failure,0.7836,0.7949,0.1038,0.1442
IMG_00029,IMG_00029_annotation_003,Road patch failure,0.9252,0.4143,0.1406,0.1458
IMG_00029,IMG_00029_annotation_004,Road patch failure,0.4509,0.6971,0.1319,0.0929
IMG_00029,IMG_00029_annotation_005,Road patch failure,0.4862,0.9487,0.1564,0.1026
IMG_00029,IMG_00029_annotation_006,Road patch failure,0.3136,0.3478,0.0505,0.0705
IMG_00030,IMG_00030_annotation_000,Road patch failure,0.5695,0.7372,0.1572,0.125
IMG_00030,IMG_00030_annotation_001,Road patch failure,0.5792,0.9351,0.1665,0.1298
IMG_00030,IMG_00030_annotation_002,Road patch failure,0.0317,0.7748,0.062,0.1202
IMG_00031,IMG_00031_annotation_000,Road patch failure,0.4055,0.6675,0.1204,0.1266
IMG_00031,IMG_00031_annotation_001,Surface depression,0.6041,0.6947,0.1773,0.1426
IMG_00031,IMG_00031_annotation_002,Surface depression,0.541,0.4784,0.067,0.0849
IMG_00031,IMG_00031_annotation_003,Surface depression,0.5904,0.5681,0.1125,0.0753
IMG_00032,IMG_00032_annotation_000,Road patch failure,0.3547,0.738,0.0894,0.1619
IMG_00032,IMG_00032_annotation_001,Road patch failure,0.6059,0.52,0.0656,0.0721
IMG_00032,IMG_00032_annotation_002,Road patch failure,0.4902,0.3806,0.0851,0.0561
IMG_00032,IMG_00032_annotation_003,Road patch failure,0.8831,0.3958,0.1283,0.0994
IMG_00033,IMG_00033_annotation_000,Surface depression,0.6841,0.8494,0.31,0.3013
IMG_00033,IMG_00033_annotation_001,Surface depression,0.2516,0.8566,0.2408,0.1202
IMG_00033,IMG_00033_annotation_002,Surface depression,0.3269,0.488,0.0627,0.1138
IMG_00033,IMG_00033_annotation_003,Surface depression,0.457,0.5569,0.1341,0.0721
IMG_00033,IMG_00033_annotation_004,Surface depression,0.5558,0.4728,0.0505,0.0513
IMG_00033,IMG_00033_annotation_005,Surface depression,0.4542,0.7821,0.1456,0.2019
IMG_00034,IMG_00034_annotation_000,Road patch failure,0.6041,0.6474,0.0793,0.0865
IMG_00034,IMG_00034_annotation_001,Road patch failure,0.3882,0.5809,0.0973,0.0625
IMG_00034,IMG_00034_annotation_002,Road patch failure,0.1752,0.601,0.0678,0.0962
IMG_00035,IMG_00035_annotation_000,Road patch failure,0.2516,0.8117,0.0908,0.1106
IMG_00035,IMG_00035_annotation_001,Road patch failure,0.3067,0.6859,0.1204,0.0962
IMG_00035,IMG_00035_annotation_002,Surface depression,0.4635,0.496,0.0678,0.0689
IMG_00035,IMG_00035_annotation_003,Pothole,0.5194,0.395,0.067,0.0465
IMG_00035,IMG_00035_annotation_004,Surface depression,0.4653,0.4399,0.0699,0.0465
IMG_00035,IMG_00035_annotation_005,Surface depression,0.2869,0.492,0.2364,0.0801
IMG_00035,IMG_00035_annotation_006,Surface depression,0.0764,0.621,0.1528,0.1619
IMG_00036,IMG_00036_annotation_000,Surface depression,0.3421,0.8526,0.1449,0.2532
IMG_00036,IMG_00036_annotation_001,Pothole,0.4956,0.5777,0.1478,0.1426
IMG_00036,IMG_00036_annotation_002,Road patch failure,0.496,0.4559,0.0346,0.0497
IMG_00037,IMG_00037_annotation_000,Surface depression,0.2246,0.6811,0.1867,0.2083
IMG_00037,IMG_00037_annotation_001,Surface depression,0.4848,0.4119,0.1204,0.125
IMG_00037,IMG_00037_annotation_002,Surface depression,0.6297,0.5561,0.1016,0.2244
IMG_00037,IMG_00037_annotation_003,Surface depression,0.3914,0.52,0.186,0.2324
IMG_00037,IMG_00037_annotation_004,Surface depression,0.5093,0.2917,0.0959,0.0577
IMG_00038,IMG_00038_annotation_000,Surface depression,0.466,0.383,0.2054,0.1442
IMG_00038,IMG_00038_annotation_001,Road patch failure,0.7155,0.758,0.1045,0.1442
IMG_00039,IMG_00039_annotation_000,Surface depression,0.6282,0.4944,0.1218,0.0881
IMG_00039,IMG_00039_annotation_001,Surface depression,0.5252,0.7676,0.328,0.4519
IMG_00040,IMG_00040_annotation_000,Surface depression,0.4664,0.7139,0.186,0.1779
IMG_00040,IMG_00040_annotation_001,Surface depression,0.9177,0.7067,0.1629,0.1987
IMG_00040,IMG_00040_annotation_002,Surface depression,0.7403,0.4888,0.2898,0.1282
IMG_00041,IMG_00041_annotation_000,Pothole,0.5205,0.5096,0.0894,0.0641
IMG_00042,IMG_00042_annotation_000,Pothole,0.3183,0.4343,0.1204,0.0737
IMG_00043,IMG_00043_annotation_000,Surface depression,0.4606,0.7372,0.1845,0.1923
IMG_00044,IMG_00044_annotation_000,Surface depression,0.7562,0.5881,0.3734,0.2756
IMG_00044,IMG_00044_annotation_001,Surface depression,0.355,0.5192,0.1247,0.1346
IMG_00045,IMG_00045_annotation_000,Surface depression,0.8016,0.6402,0.3057,0.1298
IMG_00046,IMG_00046_annotation_000,Surface depression,0.7674,0.5369,0.3857,0.2212
IMG_00046,IMG_00046_annotation_001,Pothole,0.1521,0.4736,0.1269,0.0913
IMG_00047,IMG_00047_annotation_000,Surface depression,0.621,0.6274,0.2833,0.4888
IMG_00048,IMG_00048_annotation_000,Miscellaneous abnormality,0.6874,0.4888,0.2545,0.1859
IMG_00049,IMG_00049_annotation_000,Surface depression,0.7385,0.5769,0.3251,0.2564
IMG_00050,IMG_00050_annotation_000,Pothole,0.1777,0.4583,0.0858,0.0545
IMG_00050,IMG_00050_annotation_001,Surface depression,0.6264,0.7035,0.2682,0.2083
IMG_00051,IMG_00051_annotation_000,Surface depression,0.4671,0.4647,0.1283,0.2404
IMG_00052,IMG_00052_annotation_000,Surface depression,0.5331,0.5585,0.1189,0.3061
IMG_00053,IMG_00053_annotation_000,Surface depression,0.5457,0.8117,0.2437,0.3766
IMG_00054,IMG_00054_annotation_000,Surface depression,0.731,0.7732,0.4455,0.274
IMG_00055,IMG_00055_annotation_000,Surface depression,0.1427,0.6859,0.2537,0.2532
IMG_00055,IMG_00055_annotation_001,Manhole,0.7832,0.8157,0.1723,0.2147
IMG_00055,IMG_00055_annotation_002,Pothole,0.5497,0.8181,0.1146,0.149
IMG_00056,IMG_00056_annotation_000,Surface depression,0.7533,0.8734,0.2004,0.2532
IMG_00056,IMG_00056_annotation_001,Pothole,0.3612,0.4744,0.0851,0.0641
IMG_00057,IMG_00057_annotation_000,Surface depression,0.6845,0.7147,0.2199,0.5128
IMG_00057,IMG_00057_annotation_001,Surface depression,0.5183,0.4671,0.0721,0.1362
IMG_00058,IMG_00058_annotation_000,Pothole,0.6182,0.5144,0.1045,0.109
IMG_00059,IMG_00059_annotation_000,Road patch failure,0.5792,0.4487,0.0541,0.0673
IMG_00060,IMG_00060_annotation_000,Surface depression,0.6124,0.4095,0.0815,0.0721
IMG_00061,IMG_00061_annotation_000,Surface depression,0.3911,0.4255,0.067,0.0913
IMG_00062,IMG_00062_annotation_000,Surface depression,0.6445,0.6338,0.1557,0.4984
IMG_00063,IMG_00063_annotation_000,Surface depression,0.4675,0.351,0.142,0.1699
IMG_00063,IMG_00063_annotation_001,Surface depression,0.6996,0.7188,0.3496,0.4728
IMG_00064,IMG_00064_annotation_000,Road patch failure,0.39,0.5697,0.0764,0.1587
IMG_00065,IMG_00065_annotation_000,Surface depression,0.271,0.4696,0.1701,0.1763
IMG_00065,IMG_00065_annotation_001,Surface depression,0.4797,0.6482,0.0829,0.3542
IMG_00066,IMG_00066_annotation_000,Surface depression,0.3824,0.6226,0.4765,0.383
IMG_00066,IMG_00066_annotation_001,Surface depression,0.7674,0.6074,0.2429,0.2596
IMG_00066,IMG_00066_annotation_002,Manhole,0.7868,0.3846,0.1132,0.0962
IMG_00066,IMG_00066_annotation_003,Surface depression,0.9379,0.9111,0.1241,0.1779
IMG_00066,IMG_00066_annotation_004,Surface depression,0.4311,0.3726,0.3215,0.0913
IMG_00067,IMG_00067_annotation_000,Surface depression,0.4906,0.4447,0.2127,0.2708
IMG_00068,IMG_00068_annotation_000,Road patch failure,0.5172,0.3494,0.0382,0.0481
IMG_00068,IMG_00068_annotation_001,Road patch failure,0.8067,0.3966,0.0807,0.0561
IMG_00069,IMG_00069_annotation_000,Surface depression,0.7133,0.4157,0.23,0.1583
IMG_00069,IMG_00069_annotation_001,Surface depression,0.9312,0.6731,0.1258,0.1603
IMG_00069,IMG_00069_annotation_002,Surface depression,0.0609,0.605,0.1218,0.3381
IMG_00069,IMG_00069_annotation_003,Surface depression,0.4252,0.4796,0.2222,0.1971
IMG_00070,IMG_00070_annotation_000,Surface depression,0.4444,0.7196,0.1492,0.5321
IMG_00071,IMG_00071_annotation_000,Surface depression,0.4978,0.5288,0.2054,0.2115
IMG_00072,IMG_00072_annotation_000,Surface depression,0.4304,0.506,0.1719,0.137
IMG_00073,IMG_00073_annotation_000,Surface depression,0.2855,0.7284,0.5709,0.524
IMG_00073,IMG_00073_annotation_001,Surface depression,0.4347,0.3766,0.1355,0.0545
IMG_00073,IMG_00073_annotation_002,Surface depression,0.7202,0.5096,0.2235,0.1058
IMG_00074,IMG_00074_annotation_000,Pothole,0.4974,0.6472,0.1417,0.099
IMG_00075,IMG_00075_annotation_000,Surface depression,0.5393,0.6342,0.1844,0.3638
IMG_00075,IMG_00075_annotation_001,Surface depression,0.3666,0.6843,0.1233,0.0994
IMG_00075,IMG_00075_annotation_002,Surface depression,0.7575,0.5331,0.1103,0.095
IMG_00076,IMG_00076_annotation_000,Surface depression,0.1334,0.5921,0.2264,0.1587
IMG_00077,IMG_00077_annotation_000,Surface depression,0.5951,0.75,0.2804,0.4744
IMG_00077,IMG_00077_annotation_001,Road patch failure,0.4956,0.4752,0.044,0.0593
IMG_00077,IMG_00077_annotation_002,Surface depression,0.341,0.9062,0.1326,0.1875
IMG_00078,IMG_00078_annotation_000,Surface depression,0.496,0.609,0.1658,0.3013
IMG_00078,IMG_00078_annotation_001,Surface depression,0.4459,0.387,0.1117,0.117
IMG_00079,IMG_00079_annotation_000,Surface depression,0.5601,0.8974,0.1427,0.2051
IMG_00079,IMG_00079_annotation_001,Surface depression,0.4588,0.5088,0.1305,0.1202
IMG_00079,IMG_00079_annotation_002,Surface depression,0.4578,0.6571,0.0923,0.1122
IMG_00080,IMG_00080_annotation_000,Pothole,0.3467,0.5553,0.1225,0.1266
IMG_00081,IMG_00081_annotation_000,Pothole,0.5857,0.6963,0.1449,0.1362
IMG_00081,IMG_00081_annotation_001,Surface depression,0.3302,0.7612,0.1932,0.4776
IMG_00082,IMG_00082_annotation_000,Surface depression,0.4682,0.6522,0.0843,0.1346
IMG_00083,IMG_00083_annotation_000,Surface depression,0.4268,0.7612,0.395,0.3365
IMG_00083,IMG_00083_annotation_001,Surface depression,0.434,0.496,0.16,0.1651
IMG_00085,IMG_00085_annotation_000,Surface depression,0.4735,0.7019,0.3206,0.1979
IMG_00086,IMG_00086_annotation_000,Surface depression,0.2687,0.3421,0.4125,0.1374
IMG_00086,IMG_00086_annotation_001,Surface depression,0.15,0.4802,0.285,0.1271
IMG_00086,IMG_00086_annotation_002,Road patch failure,0.4783,0.4817,0.0933,0.0561
IMG_00086,IMG_00086_annotation_003,Surface depression,0.6438,0.8443,0.7125,0.3115
IMG_00086,IMG_00086_annotation_004,Surface depression,0.6746,0.56,0.1892,0.1803
IMG_00087,IMG_00087_annotation_000,Surface depression,0.4604,0.5578,0.2825,0.1936
IMG_00087,IMG_00087_annotation_001,Surface depression,0.4892,0.84,0.575,0.297
IMG_00087,IMG_00087_annotation_002,Road patch failure,0.7967,0.6316,0.11,0.0694
IMG_00087,IMG_00087_annotation_003,Surface depression,0.7754,0.4462,0.2508,0.1152
IMG_00088,IMG_00088_annotation_000,Road patch failure,0.5933,0.5016,0.18,0.0813
IMG_00089,IMG_00089_annotation_000,Surface depression,0.5967,0.54,0.2133,0.1492
IMG_00089,IMG_00089_annotation_001,Surface depression,0.3013,0.6546,0.1825,0.133
IMG_00089,IMG_00089_annotation_002,Surface depression,0.8279,0.828,0.3442,0.344
IMG_00089,IMG_00089_annotation_003,Surface depression,0.4725,0.3561,0.0933,0.068
IMG_00089,IMG_00089_annotation_004,Surface depression,0.3738,0.5075,0.2075,0.1226
IMG_00089,IMG_00089_annotation_005,Surface depression,0.4196,0.2852,0.0858,0.0502
IMG_00090,IMG_00090_annotation_000,Surface depression,0.3842,0.5799,0.1167,0.1049
IMG_00090,IMG_00090_annotation_001,Surface depression,0.5104,0.8265,0.3992,0.3469
IMG_00091,IMG_00091_annotation_000,Surface depression,0.4229,0.7645,0.4208,0.471
IMG_00091,IMG_00091_annotation_001,Surface depression,0.2704,0.4233,0.1208,0.1138
IMG_00091,IMG_00091_annotation_002,Surface depression,0.4392,0.4543,0.1733,0.096
IMG_00092,IMG_00092_annotation_000,Surface depression,0.4792,0.811,0.2117,0.378
IMG_00092,IMG_00092_annotation_001,Crack,0.5621,0.5016,0.0892,0.1551
IMG_00093,IMG_00093_annotation_000,Pothole,0.5062,0.4706,0.0908,0.0606
IMG_00094,IMG_00094_annotation_000,Pothole,0.4554,0.6331,0.2342,0.1374
IMG_00094,IMG_00094_annotation_001,Pothole,0.9579,0.5725,0.0842,0.0813
IMG_00094,IMG_00094_annotation_002,Pothole,0.7183,0.4743,0.0717,0.0414
IMG_00094,IMG_00094_annotation_003,Pothole,0.4179,0.4957,0.0658,0.0458
IMG_00094,IMG_00094_annotation_004,Pothole,0.5363,0.4839,0.1008,0.0488
IMG_00095,IMG_00095_annotation_000,Pothole,0.3525,0.7705,0.1533,0.1167
IMG_00095,IMG_00095_annotation_001,Pothole,0.7421,0.8186,0.1358,0.1182
IMG_00095,IMG_00095_annotation_002,Pothole,0.7796,0.574,0.2475,0.1345
IMG_00095,IMG_00095_annotation_003,Pothole,0.1342,0.5519,0.05,0.0724
IMG_00095,IMG_00095_annotation_004,Pothole,0.2375,0.557,0.1367,0.0709
IMG_00095,IMG_00095_annotation_005,Pothole,0.9383,0.8252,0.1233,0.1256
IMG_00096,IMG_00096_annotation_000,Pothole,0.5708,0.7395,0.2967,0.1226
IMG_00097,IMG_00097_annotation_000,Road patch failure,0.39,0.6893,0.1067,0.1079
IMG_00098,IMG_00098_annotation_000,Surface depression,0.4704,0.6523,0.2092,0.102
IMG_00098,IMG_00098_annotation_001,Surface depression,0.7171,0.577,0.1408,0.0694
IMG_00099,IMG_00099_annotation_000,Pothole,0.4346,0.9344,0.2658,0.1312
IMG_00099,IMG_00099_annotation_001,Surface depression,0.5967,0.6952,0.48,0.3059
IMG_00100,IMG_00100_annotation_000,Surface depression,0.2742,0.8029,0.3867,0.3942
IMG_00100,IMG_00100_annotation_001,Surface depression,0.6837,0.4167,0.1808,0.2009
IMG_00100,IMG_00100_annotation_002,Pothole,0.5267,0.5999,0.1183,0.1005
IMG_00101,IMG_00101_annotation_000,Surface depression,0.4604,0.4721,0.2342,0.1285
IMG_00102,IMG_00102_annotation_000,Manhole,0.55,0.6435,0.1117,0.0754
IMG_00102,IMG_00102_annotation_001,Surface depression,0.3654,0.738,0.1825,0.232
IMG_00102,IMG_00102_annotation_002,Surface depression,0.7033,0.5696,0.1467,0.1729
IMG_00102,IMG_00102_annotation_003,Surface depression,0.8596,0.859,0.2808,0.2819
IMG_00103,IMG_00103_annotation_000,Surface depression,0.4558,0.5777,0.4467,0.2009
IMG_00104,IMG_00104_annotation_000,Surface depression,0.5254,0.4551,0.1392,0.13
IMG_00104,IMG_00104_annotation_001,Surface depression,0.8179,0.5733,0.1325,0.1625
IMG_00104,IMG_00104_annotation_002,Surface depression,0.2783,0.5925,0.4367,0.2482
IMG_00105,IMG_00105_annotation_000,Pothole,0.3575,0.7144,0.2083,0.229
IMG_00105,IMG_00105_annotation_001,Pothole,0.5437,0.5866,0.1142,0.1625
IMG_00105,IMG_00105_annotation_002,Surface depression,0.2675,0.5046,0.1617,0.1906
IMG_00106,IMG_00106_annotation_000,Surface depression,0.5367,0.3177,0.1183,0.068
IMG_00107,IMG_00107_annotation_000,Pothole,0.2013,0.4507,0.2258,0.2482
IMG_00107,IMG_00107_annotation_001,Pothole,0.1604,0.2165,0.0775,0.0547
IMG_00108,IMG_00108_annotation_000,Pothole,0.3483,0.4972,0.1133,0.0754
IMG_00109,IMG_00109_annotation_000,Road patch failure,0.5533,0.7713,0.125,0.1359
IMG_00110,IMG_00110_annotation_000,Pothole,0.4671,0.6043,0.1008,0.0768
IMG_00110,IMG_00110_annotation_001,Surface depression,0.6492,0.8775,0.2133,0.245
IMG_00110,IMG_00110_annotation_002,Road patch failure,0.6687,0.3997,0.0592,0.0783
IMG_00111,IMG_00111_annotation_000,Surface depression,0.3892,0.5024,0.405,0.2128
IMG_00111,IMG_00111_annotation_001,Surface depression,0.4404,0.8317,0.3208,0.3366
IMG_00111,IMG_00111_annotation_002,Pothole,0.8425,0.9204,0.1617,0.1593
IMG_00112,IMG_00112_annotation_000,Pothole,0.3446,0.5541,0.2208,0.1359
IMG_00112,IMG_00112_annotation_001,Pothole,0.2517,0.7188,0.1117,0.099
IMG_00112,IMG_00112_annotation_002,Pothole,0.5325,0.5297,0.1483,0.1433
IMG_00113,IMG_00113_annotation_000,Pothole,0.3342,0.7122,0.2717,0.2866
IMG_00113,IMG_00113_annotation_001,Pothole,0.605,0.6679,0.2383,0.2807
IMG_00113,IMG_00113_annotation_002,Pothole,0.0725,0.6782,0.135,0.0591
IMG_00114,IMG_00114_annotation_000,Pothole,0.7171,0.7564,0.3142,0.4873
IMG_00115,IMG_00115_annotation_000,Surface depression,0.5217,0.5821,0.145,0.2069
IMG_00116,IMG_00116_annotation_000,Pothole,0.5892,0.4041,0.095,0.0517
IMG_00116,IMG_00116_annotation_001,Manhole,0.3817,0.3361,0.0917,0.0488
IMG_00117,IMG_00117_annotation_000,Pothole,0.5725,0.7905,0.2217,0.263
IMG_00117,IMG_00117_annotation_001,Manhole,0.0992,0.608,0.175,0.1374
IMG_00118,IMG_00118_annotation_000,Surface depression,0.4721,0.5622,0.4275,0.1404
IMG_00118,IMG_00118_annotation_001,Surface depression,0.7479,0.5792,0.1025,0.1596
IMG_00119,IMG_00119_annotation_000,Surface depression,0.3875,0.4388,0.415,0.1655
IMG_00120,IMG_00120_annotation_000,Surface depression,0.5254,0.7292,0.3875,0.4063
IMG_00120,IMG_00120_annotation_001,Surface depression,0.8679,0.7881,0.2642,0.4238
IMG_00121,IMG_00121_annotation_000,Surface depression,0.6262,0.7609,0.3925,0.3191
IMG_00121,IMG_00121_annotation_001,Pothole,0.4408,0.441,0.11,0.0813
IMG_00122,IMG_00122_annotation_000,Pothole,0.5329,0.5962,0.1158,0.0783
IMG_00122,IMG_00122_annotation_001,Pothole,0.1812,0.365,0.0325,0.0591
IMG_00123,IMG_00123_annotation_000,Pothole,0.4617,0.6597,0.2,0.1433
IMG_00123,IMG_00123_annotation_001,Pothole,0.5825,0.6206,0.12,0.1034
IMG_00123,IMG_00123_annotation_002,Pothole,0.3021,0.4972,0.0992,0.0635
IMG_00123,IMG_00123_annotation_003,Surface depression,0.1237,0.5245,0.0692,0.13
IMG_00123,IMG_00123_annotation_004,Surface depression,0.1975,0.8828,0.1533,0.2261
IMG_00124,IMG_00124_annotation_000,Surface depression,0.2733,0.8206,0.1683,0.3587
IMG_00124,IMG_00124_annotation_001,Surface depression,0.5079,0.5201,0.2125,0.1862
IMG_00124,IMG_00124_annotation_002,Surface depression,0.2825,0.4883,0.1933,0.2556
IMG_00125,IMG_00125_annotation_000,Surface depression,0.4558,0.7454,0.4483,0.4861
IMG_00126,IMG_00126_annotation_000,Surface depression,0.5271,0.6797,0.3775,0.328
IMG_00127,IMG_00127_annotation_000,Surface depression,0.4688,0.6154,0.2975,0.1699
IMG_00128,IMG_00128_annotation_000,Pothole,0.4996,0.6346,0.2175,0.1699
IMG_00129,IMG_00129_annotation_000,Surface depression,0.5587,0.8097,0.2008,0.2039
IMG_00130,IMG_00130_annotation_000,Pothole,0.59,0.7343,0.3183,0.2571
IMG_00130,IMG_00130_annotation_001,Surface depression,0.9308,0.6028,0.1383,0.3339
IMG_00131,IMG_00131_annotation_000,Surface depression,0.635,0.7122,0.3617,0.1743
IMG_00132,IMG_00132_annotation_000,Surface depression,0.29,0.7432,0.48,0.2364
IMG_00133,IMG_00133_annotation_000,Surface depression,0.4158,0.6198,0.2267,0.1876
IMG_00134,IMG_00134_annotation_000,Surface depression,0.45,0.7632,0.3333,0.2024
IMG_00134,IMG_00134_annotation_001,Surface depression,0.4988,0.4543,0.1958,0.0724
IMG_00135,IMG_00135_annotation_000,Pothole,0.3358,0.628,0.16,0.0975
IMG_00135,IMG_00135_annotation_001,Surface depression,0.5579,0.6501,0.2025,0.1152
IMG_00136,IMG_00136_annotation_000,Surface depression,0.6892,0.8901,0.355,0.2199
IMG_00136,IMG_00136_annotation_001,Surface depression,0.3258,0.8784,0.36,0.2113
IMG_00136,IMG_00136_annotation_002,Pothole,0.5175,0.4396,0.0567,0.0399
IMG_00136,IMG_00136_annotation_003,Pothole,0.6229,0.5785,0.1508,0.0813
IMG_00137,IMG_00137_annotation_000,Pothole,0.7071,0.7595,0.2642,0.1566
IMG_00137,IMG_00137_annotation_001,Surface depression,0.3046,0.6959,0.2292,0.1537
IMG_00137,IMG_00137_annotation_002,Surface depression,0.8058,0.5637,0.105,0.1906
IMG_00137,IMG_00137_annotation_003,Pothole,0.5292,0.6686,0.155,0.0931
IMG_00138,IMG_00138_annotation_000,Pothole,0.5546,0.6715,0.1658,0.1138
IMG_00138,IMG_00138_annotation_001,Pothole,0.4571,0.4492,0.0858,0.0384
IMG_00138,IMG_00138_annotation_002,Pothole,0.1496,0.4337,0.0692,0.0547
IMG_00139,IMG_00139_annotation_000,Pothole,0.5988,0.5984,0.1392,0.1034
IMG_00139,IMG_00139_annotation_001,Pothole,0.41,0.7343,0.1683,0.1714
IMG_00139,IMG_00139_annotation_002,Pothole,0.3833,0.4521,0.0717,0.0621
IMG_00140,IMG_00140_annotation_000,Surface depression,0.5679,0.707,0.3125,0.1758
IMG_00141,IMG_00141_annotation_000,Pothole,0.3879,0.7632,0.2375,0.3324
IMG_00142,IMG_00142_annotation_000,Pothole,0.6375,0.6989,0.2083,0.1448
IMG_00142,IMG_00142_annotation_001,Surface depression,0.3704,0.727,0.2875,0.1773
IMG_00142,IMG_00142_annotation_002,Surface depression,0.8754,0.693,0.2225,0.1537
IMG_00143,IMG_00143_annotation_000,Pothole,0.5304,0.7676,0.1125,0.1108
IMG_00144,IMG_00144_annotation_000,Surface depression,0.5146,0.6723,0.3858,0.3132
IMG_00144,IMG_00144_annotation_001,Surface depression,0.395,0.4167,0.1283,0.1537
IMG_00144,IMG_00144_annotation_002,Pothole,0.5179,0.4115,0.0992,0.0576
IMG_00145,IMG_00145_annotation_000,Surface depression,0.5754,0.8082,0.2342,0.1891
IMG_00145,IMG_00145_annotation_001,Surface depression,0.3233,0.5637,0.3833,0.2527
IMG_00146,IMG_00146_annotation_000,Pothole,0.54,0.803,0.2517,0.164
IMG_00146,IMG_00146_annotation_001,Surface depression,0.22,0.845,0.37,0.31
IMG_00147,IMG_00147_annotation_000,Surface depression,0.4433,0.7934,0.2717,0.2246
IMG_00147,IMG_00147_annotation_001,Surface depression,0.4904,0.5629,0.1742,0.2069
IMG_00148,IMG_00148_annotation_000,Pothole,0.5125,0.7055,0.2417,0.1197
IMG_00149,IMG_00149_annotation_000,Pothole,0.4529,0.7011,0.2475,0.1906
IMG_00151,IMG_00151_annotation_000,Surface depression,0.3354,0.7742,0.4042,0.3901
IMG_00152,IMG_00152_annotation_000,Surface depression,0.5192,0.6154,0.2833,0.1729
IMG_00152,IMG_00152_annotation_001,Pothole,0.44,0.6065,0.1317,0.0547
IMG_00152,IMG_00152_annotation_002,Pothole,0.75,0.6738,0.1283,0.0857
IMG_00152,IMG_00152_annotation_003,Pothole,0.2362,0.7861,0.1175,0.1123
IMG_00153,IMG_00153_annotation_000,Pothole,0.3821,0.9108,0.3992,0.1785
IMG_00153,IMG_00153_annotation_001,Pothole,0.6204,0.7055,0.2308,0.1463
IMG_00154,IMG_00154_annotation_000,Road patch failure,0.3796,0.7853,0.0758,0.0842
IMG_00154,IMG_00154_annotation_001,Surface depression,0.8567,0.857,0.1633,0.2216
IMG_00155,IMG_00155_annotation_000,Road patch failure,0.6192,0.9176,0.1367,0.1182
IMG_00156,IMG_00156_annotation_000,Surface depression,0.6371,0.6664,0.4458,0.2689
IMG_00157,IMG_00157_annotation_000,Surface depression,0.5117,0.7447,0.2133,0.1803
IMG_00158,IMG_00158_annotation_000,Crack,0.3688,0.7225,0.2808,0.3576
IMG_00158,IMG_00158_annotation_001,Surface depression,0.1358,0.4913,0.23,0.0399
IMG_00158,IMG_00158_annotation_002,Manhole,0.5529,0.4706,0.0592,0.0369
IMG_00158,IMG_00158_annotation_003,Surface depression,0.1171,0.6228,0.2292,0.1138
IMG_00159,IMG_00159_annotation_000,Surface depression,0.4867,0.6213,0.0633,0.1108
IMG_00159,IMG_00159_annotation_001,Pothole,0.6004,0.5991,0.0825,0.0488
IMG_00159,IMG_00159_annotation_002,Pothole,0.1508,0.5836,0.0983,0.0561
IMG_00159,IMG_00159_annotation_003,Manhole,0.275,0.5748,0.0817,0.0414
IMG_00159,IMG_00159_annotation_004,Surface depression,0.6158,0.7018,0.165,0.0887
IMG_00160,IMG_00160_annotation_000,Crack,0.7875,0.7971,0.4217,0.3738
IMG_00160,IMG_00160_annotation_001,Surface depression,0.4217,0.6597,0.3333,0.1965
IMG_00160,IMG_00160_annotation_002,Surface depression,0.5217,0.4728,0.2783,0.0857
IMG_00161,IMG_00161_annotation_000,Surface depression,0.6162,0.6915,0.2258,0.2039
IMG_00161,IMG_00161_annotation_001,Surface depression,0.4004,0.5689,0.1025,0.0798
IMG_00162,IMG_00162_annotation_000,Surface depression,0.5358,0.738,0.3783,0.1433
IMG_00162,IMG_00162_annotation_001,Surface depression,0.8888,0.7004,0.1775,0.0946
IMG_00163,IMG_00163_annotation_000,Surface depression,0.3696,0.7572,0.1875,0.294
IMG_00163,IMG_00163_annotation_001,Surface depression,0.8658,0.8642,0.2683,0.2716
IMG_00163,IMG_00163_annotation_002,Surface depression,0.6042,0.622,0.2017,0.1212
IMG_00164,IMG_00164_annotation_000,Surface depression,0.5079,0.6501,0.2592,0.328
IMG_00164,IMG_00164_annotation_001,Surface depression,0.4058,0.4381,0.12,0.0901
IMG_00164,IMG_00164_annotation_002,Surface depression,0.225,0.4477,0.1717,0.1034
IMG_00165,IMG_00165_annotation_000,Road patch failure,0.6217,0.8407,0.1167,0.13
IMG_00166,IMG_00166_annotation_000,Surface depression,0.4575,0.7432,0.325,0.2335
IMG_00167,IMG_00167_annotation_000,Surface depression,0.4696,0.5024,0.0625,0.0473
IMG_00168,IMG_00168_annotation_000,Surface depression,0.6496,0.9063,0.3575,0.1874
IMG_00169,IMG_00169_annotation_000,Surface depression,0.2408,0.8858,0.2317,0.2083
IMG_00170,IMG_00170_annotation_000,Surface depression,0.1729,0.8562,0.2292,0.2113
IMG_00170,IMG_00170_annotation_001,Surface depression,0.4817,0.721,0.165,0.068
IMG_00171,IMG_00171_annotation_000,Surface depression,0.5058,0.5349,0.135,0.2216
IMG_00172,IMG_00172_annotation_000,Surface depression,0.6196,0.4662,0.2558,0.1374
IMG_00173,IMG_00173_annotation_000,Pothole,0.5563,0.6235,0.1775,0.1359
IMG_00173,IMG_00173_annotation_001,Pothole,0.4125,0.7203,0.1433,0.1492
IMG_00174,IMG_00174_annotation_000,Miscellaneous abnormality,0.6158,0.5615,0.115,0.0798
IMG_00175,IMG_00175_annotation_000,Surface depression,0.1883,0.845,0.37,0.31
IMG_00175,IMG_00175_annotation_001,Surface depression,0.6329,0.7698,0.4958,0.2039
IMG_00176,IMG_00176_annotation_000,Surface depression,0.62,0.7055,0.235,0.1463
IMG_00176,IMG_00176_annotation_001,Manhole,0.5396,0.611,0.1175,0.0635
IMG_00177,IMG_00177_annotation_000,Surface depression,0.4954,0.5659,0.1425,0.0798
IMG_00178,IMG_00178_annotation_000,Road patch failure,0.66,0.6516,0.0767,0.0739
IMG_00179,IMG_00179_annotation_000,Pothole,0.3987,0.6627,0.1508,0.1167
IMG_00179,IMG_00179_annotation_001,Pothole,0.6088,0.5415,0.1142,0.1374
IMG_00179,IMG_00179_annotation_002,Pothole,0.4208,0.3598,0.125,0.0754
IMG_00180,IMG_00180_annotation_000,Pothole,0.5708,0.6597,0.2267,0.1847
IMG_00180,IMG_00180_annotation_001,Surface depression,0.925,0.509,0.15,0.2261
IMG_00180,IMG_00180_annotation_002,Surface depression,0.4858,0.3398,0.1333,0.1478
IMG_00181,IMG_00181_annotation_000,Surface depression,0.4942,0.5038,0.2183,0.1773
IMG_00181,IMG_00181_annotation_001,Pothole,0.5458,0.7595,0.1433,0.1537
IMG_00182,IMG_00182_annotation_000,Pothole,0.4804,0.4854,0.1008,0.0901
IMG_00183,IMG_00183_annotation_000,Surface depression,0.5829,0.6479,0.3542,0.2054
IMG_00184,IMG_00184_annotation_000,Surface depression,0.5196,0.4277,0.3592,0.2527
IMG_00185,IMG_00185_annotation_000,Surface depression,0.6383,0.6184,0.4183,0.3295
IMG_00186,IMG_00186_annotation_000,Surface depression,0.7163,0.8273,0.3408,0.3454
IMG_00187,IMG_00187_annotation_000,Surface depression,0.4258,0.6679,0.4917,0.3605
IMG_00188,IMG_00188_annotation_000,Road patch failure,0.6979,0.6819,0.1558,0.1433
IMG_00189,IMG_00189_annotation_000,Surface depression,0.4713,0.6309,0.2175,0.1566
IMG_00189,IMG_00189_annotation_001,Manhole,0.9492,0.5814,0.1017,0.0635
IMG_00189,IMG_00189_annotation_002,Surface depression,0.7954,0.5578,0.1808,0.102
IMG_00190,IMG_00190_annotation_000,Manhole,0.4996,0.6605,0.1025,0.0709
IMG_00190,IMG_00190_annotation_001,Pothole,0.3387,0.7417,0.1942,0.0946
IMG_00191,IMG_00191_annotation_000,Surface depression,0.65,0.7985,0.3867,0.4031
IMG_00192,IMG_00192_annotation_000,Pothole,0.4725,0.5061,0.1433,0.0931
IMG_00192,IMG_00192_annotation_001,Pothole,0.3008,0.4381,0.12,0.0517
IMG_00192,IMG_00192_annotation_002,Surface depression,0.5792,0.7608,0.1617,0.2923
IMG_00193,IMG_00193_annotation_000,Surface depression,0.6175,0.4905,0.2233,0.1478
IMG_00193,IMG_00193_annotation_001,Surface depression,0.5421,0.6531,0.1875,0.1448
IMG_00194,IMG_00194_annotation_000,Surface depression,0.0912,0.7934,0.1708,0.3871
IMG_00194,IMG_00194_annotation_001,Pothole,0.3446,0.9329,0.2742,0.1342
IMG_00194,IMG_00194_annotation_002,Pothole,0.6488,0.5253,0.2058,0.0694
IMG_00194,IMG_00194_annotation_003,Surface depression,0.7188,0.876,0.3408,0.2479
IMG_00194,IMG_00194_annotation_004,Pothole,0.1508,0.4521,0.1183,0.0502
IMG_00195,IMG_00195_annotation_000,Surface depression,0.6242,0.7926,0.3317,0.4149
IMG_00195,IMG_00195_annotation_001,Road patch failure,0.5908,0.4499,0.1083,0.1256
IMG_00195,IMG_00195_annotation_002,Surface depression,0.8779,0.5622,0.1492,0.1522
IMG_00196,IMG_00196_annotation_000,Pothole,0.4363,0.5053,0.0958,0.0916
IMG_00197,IMG_00197_annotation_000,Surface depression,0.5254,0.5947,0.2808,0.1551
IMG_00198,IMG_00198_annotation_000,Manhole,0.4917,0.5858,0.1383,0.0931
IMG_00198,IMG_00198_annotation_001,Pothole,0.6221,0.5954,0.1325,0.0857
IMG_00199,IMG_00199_annotation_000,Pothole,0.63,0.543,0.1383,0.1876
IMG_00199,IMG_00199_annotation_001,Surface depression,0.3358,0.6058,0.1717,0.3989
IMG_00199,IMG_00199_annotation_002,Pothole,0.4813,0.3613,0.0792,0.0694
IMG_00200,IMG_00200_annotation_000,Surface depression,0.6917,0.8856,0.5967,0.2287
IMG_00201,IMG_00201_annotation_000,Surface depression,0.5513,0.7565,0.2308,0.3635
IMG_00201,IMG_00201_annotation_001,Surface depression,0.26,0.4063,0.145,0.0798
IMG_00201,IMG_00201_annotation_002,Pothole,0.4675,0.4676,0.0783,0.0635
IMG_00201,IMG_00201_annotation_003,Manhole,0.8342,0.8319,0.27,0.3073
IMG_00202,IMG_00202_annotation_000,Pothole,0.4667,0.5371,0.1033,0.0931
IMG_00202,IMG_00202_annotation_001,Surface depression,0.6629,0.7454,0.4875,0.3059
IMG_00202,IMG_00202_annotation_002,Surface depression,0.6913,0.3952,0.1125,0.0901
IMG_00203,IMG_00203_annotation_000,Surface depression,0.3967,0.7897,0.1183,0.1936
IMG_00204,IMG_00204_annotation_000,Surface depression,0.53,0.4403,0.08,0.1743
IMG_00205,IMG_00205_annotation_000,Surface depression,0.4946,0.6494,0.2925,0.3059
IMG_00206,IMG_00206_annotation_000,Surface depression,0.4592,0.6346,0.17,0.1226
IMG_00207,IMG_00207_annotation_000,Surface depression,0.8054,0.8746,0.2492,0.2509
IMG_00207,IMG_00207_annotation_001,Surface depression,0.3558,0.3923,0.1633,0.102
IMG_00208,IMG_00208_annotation_000,Surface depression,0.5858,0.8073,0.2767,0.3853
IMG_00208,IMG_00208_annotation_001,Surface depression,0.2137,0.7292,0.3958,0.5393
IMG_00208,IMG_00208_annotation_002,Miscellaneous abnormality,0.6154,0.376,0.3408,0.229
IMG_00209,IMG_00209_annotation_000,Pothole,0.1829,0.3155,0.1775,0.0901
IMG_00209,IMG_00209_annotation_001,Surface depression,0.5246,0.5548,0.3042,0.2054
IMG_00210,IMG_00210_annotation_000,Pothole,0.62,0.4477,0.105,0.1212
IMG_00210,IMG_00210_annotation_001,Surface depression,0.8413,0.4617,0.2675,0.164
IMG_00210,IMG_00210_annotation_002,Pothole,0.9392,0.9227,0.1217,0.1138
IMG_00210,IMG_00210_annotation_003,Surface depression,0.2888,0.789,0.2075,0.266
IMG_00211,IMG_00211_annotation_000,Surface depression,0.4383,0.7173,0.1583,0.2349
IMG_00211,IMG_00211_annotation_001,Surface depression,0.8629,0.7654,0.2742,0.4078
IMG_00212,IMG_00212_annotation_000,Surface depression,0.4992,0.5858,0.2617,0.2822
IMG_00212,IMG_00212_annotation_001,Surface depression,0.8492,0.6051,0.3017,0.3531
IMG_00213,IMG_00213_annotation_000,Pothole,0.4462,0.6605,0.2308,0.2275
IMG_00213,IMG_00213_annotation_001,Surface depression,0.8688,0.8413,0.2625,0.3174
IMG_00215,IMG_00215_annotation_000,Surface depression,0.2104,0.6058,0.3625,0.6413
IMG_00216,IMG_00216_annotation_000,Surface depression,0.4842,0.5984,0.405,0.2305
IMG_00219,IMG_00219_annotation_000,Pothole,0.5554,0.3908,0.3008,0.0931
IMG_00220,IMG_00220_annotation_000,Surface depression,0.7008,0.3731,0.1317,0.1226
IMG_00220,IMG_00220_annotation_001,Surface depression,0.5179,0.3989,0.1658,0.0946
IMG_00221,IMG_00221_annotation_000,Surface depression,0.4921,0.5637,0.2325,0.1138
IMG_00222,IMG_00222_annotation_000,Surface depression,0.4587,0.5548,0.2558,0.1433
IMG_00223,IMG_00223_annotation_000,Pothole,0.1758,0.7735,0.3517,0.294
IMG_00223,IMG_00223_annotation_001,Surface depression,0.6429,0.5127,0.4058,0.2039
IMG_00224,IMG_00224_annotation_000,Surface depression,0.4721,0.5866,0.3075,0.1862
IMG_00225,IMG_00225_annotation_000,Pothole,0.1496,0.2637,0.1825,0.1522
IMG_00226,IMG_00226_annotation_000,Surface depression,0.585,0.6213,0.2383,0.2852
IMG_00227,IMG_00227_annotation_000,Surface depression,0.4142,0.4817,0.1583,0.1152
IMG_00228,IMG_00228_annotation_000,Pothole,0.4442,0.4056,0.125,0.0754
IMG_00228,IMG_00228_annotation_001,Surface depression,0.6954,0.4883,0.3242,0.1433
IMG_00228,IMG_00228_annotation_002,Surface depression,0.4813,0.2933,0.1675,0.0635
IMG_00229,IMG_00229_annotation_000,Surface depression,0.4483,0.3428,0.345,0.1271
IMG_00230,IMG_00230_annotation_000,Surface depression,0.5421,0.5341,0.2225,0.1729
IMG_00230,IMG_00230_annotation_001,Surface depression,0.22,0.3531,0.1167,0.0621
IMG_00230,IMG_00230_annotation_002,Miscellaneous abnormality,0.7846,0.4898,0.2325,0.1729
IMG_00231,IMG_00231_annotation_000,Road patch failure,0.1212,0.6723,0.1542,0.2689
IMG_00231,IMG_00231_annotation_001,Surface depression,0.5737,0.441,0.1742,0.2349
IMG_00232,IMG_00232_annotation_000,Surface depression,0.5417,0.492,0.2233,0.3014
IMG_00234,IMG_00234_annotation_000,Surface depression,0.3588,0.5563,0.2475,0.1226
IMG_00235,IMG_00235_annotation_000,Surface depression,0.4042,0.5223,0.105,0.0842
IMG_00236,IMG_00236_annotation_000,Surface depression,0.5537,0.3879,0.0825,0.1256
IMG_00236,IMG_00236_annotation_001,Surface depression,0.4654,0.4174,0.1008,0.0754
IMG_00236,IMG_00236_annotation_002,Surface depression,0.7762,0.4817,0.1558,0.1359
IMG_00237,IMG_00237_annotation_000,Surface depression,0.5175,0.6147,0.23,0.2364
IMG_00238,IMG_00238_annotation_000,Surface depression,0.4671,0.6819,0.2158,0.229
IMG_00238,IMG_00238_annotation_001,Surface depression,0.53,0.4233,0.15,0.2527
IMG_00238,IMG_00238_annotation_002,Surface depression,0.7692,0.9048,0.23,0.1903
IMG_00239,IMG_00239_annotation_000,Pothole,0.5408,0.5821,0.1383,0.133
IMG_00239,IMG_00239_annotation_001,Surface depression,0.8104,0.6449,0.2058,0.2024
IMG_00240,IMG_00240_annotation_000,Surface depression,0.445,0.8215,0.26,0.2098
IMG_00240,IMG_00240_annotation_001,Pothole,0.5138,0.4987,0.1425,0.0842
IMG_00240,IMG_00240_annotation_002,Surface depression,0.8471,0.876,0.3058,0.2479
IMG_00241,IMG_00241_annotation_000,Manhole,0.3217,0.7114,0.14,0.1492
IMG_00242,IMG_00242_annotation_000,Surface depression,0.4437,0.4699,0.1742,0.0946
IMG_00242,IMG_00242_annotation_001,Surface depression,0.8296,0.5607,0.2392,0.1404
IMG_00242,IMG_00242_annotation_002,Surface depression,0.1683,0.8319,0.2083,0.2394
IMG_00243,IMG_00243_annotation_000,Surface depression,0.3633,0.6272,0.2983,0.1581
IMG_00243,IMG_00243_annotation_001,Surface depression,0.6108,0.5541,0.29,0.1359
IMG_00243,IMG_00243_annotation_002,Surface depression,0.9363,0.4285,0.1275,0.0887
IMG_00244,IMG_00244_annotation_000,Surface depression,0.4804,0.7447,0.3025,0.1507
IMG_00245,IMG_00245_annotation_000,Surface depression,0.6717,0.6758,0.3867,0.6483
IMG_00246,IMG_00246_annotation_000,Surface depression,0.5829,0.3236,0.1575,0.1448
IMG_00247,IMG_00247_annotation_000,Pothole,0.6579,0.5142,0.1175,0.0768
IMG_00247,IMG_00247_annotation_001,Surface depression,0.5571,0.3782,0.0742,0.065
IMG_00247,IMG_00247_annotation_002,Surface depression,0.4575,0.6664,0.195,0.4285
IMG_00247,IMG_00247_annotation_003,Pothole,0.2708,0.444,0.115,0.0694
IMG_00248,IMG_00248_annotation_000,Surface depression,0.5233,0.6597,0.1733,0.1433
IMG_00249,IMG_00249_annotation_000,Surface depression,0.5038,0.78,0.1925,0.44
IMG_00249,IMG_00249_annotation_001,Pothole,0.1,0.6885,0.195,0.2069
IMG_00249,IMG_00249_annotation_002,Surface depression,0.5858,0.458,0.2667,0.13
IMG_00250,IMG_00250_annotation_000,Surface depression,0.6308,0.4337,0.1767,0.1285
IMG_00250,IMG_00250_annotation_001,Surface depression,0.655,0.6782,0.39,0.2896
IMG_00251,IMG_00251_annotation_000,Pothole,0.4479,0.577,0.1025,0.1285
IMG_00251,IMG_00251_annotation_001,Surface depression,0.8746,0.6959,0.2508,0.3044
IMG_00252,IMG_00252_annotation_000,Pothole,0.1437,0.5061,0.1025,0.0813
IMG_00252,IMG_00252_annotation_001,Pothole,0.5004,0.5836,0.1142,0.1241
IMG_00253,IMG_00253_annotation_000,Pothole,0.3433,0.574,0.1717,0.1315
IMG_00253,IMG_00253_annotation_001,Surface depression,0.3158,0.3982,0.1017,0.2231
IMG_00253,IMG_00253_annotation_002,Pothole,0.585,0.5038,0.1367,0.0975
IMG_00254,IMG_00254_annotation_000,Surface depression,0.5533,0.5977,0.3233,0.2793
IMG_00255,IMG_00255_annotation_000,Surface depression,0.5167,0.6331,0.1733,0.3354
IMG_00255,IMG_00255_annotation_001,Surface depression,0.3583,0.4078,0.2183,0.1418
IMG_00256,IMG_00256_annotation_000,Surface depression,0.5908,0.5171,0.3217,0.2157
IMG_00256,IMG_00256_annotation_001,Surface depression,0.9346,0.2926,0.0775,0.1418
IMG_00257,IMG_00257_annotation_000,Surface depression,0.5737,0.5511,0.3242,0.1507
IMG_00257,IMG_00257_annotation_001,Surface depression,0.2996,0.3893,0.1892,0.0606
IMG_00257,IMG_00257_annotation_002,Surface depression,0.6558,0.3886,0.3133,0.0887
IMG_00258,IMG_00258_annotation_000,Pothole,0.565,0.5245,0.1917,0.1507
IMG_00258,IMG_00258_annotation_001,Surface depression,0.6596,0.6383,0.1975,0.1684
IMG_00259,IMG_00259_annotation_000,Surface depression,0.5217,0.1958,0.1583,0.1079
IMG_00260,IMG_00260_annotation_000,Surface depression,0.3829,0.4935,0.3158,0.3339
IMG_00262,IMG_00262_annotation_000,Surface depression,0.5767,0.4484,0.155,0.1965
IMG_00263,IMG_00263_annotation_000,Surface depression,0.5558,0.4684,0.1617,0.1655
IMG_00263,IMG_00263_annotation_001,Surface depression,0.4258,0.763,0.265,0.474
IMG_00264,IMG_00264_annotation_000,Road patch failure,0.4846,0.4543,0.1175,0.0783
IMG_00265,IMG_00265_annotation_000,Pothole,0.4871,0.413,0.1742,0.0872
IMG_00266,IMG_00266_annotation_000,Pothole,0.4654,0.4152,0.1158,0.0443
IMG_00266,IMG_00266_annotation_001,Pothole,0.4979,0.3457,0.0958,0.0768
IMG_00266,IMG_00266_annotation_002,Surface depression,0.6338,0.6516,0.2925,0.396
IMG_00266,IMG_00266_annotation_003,Surface depression,0.9062,0.5452,0.1342,0.0798
IMG_00267,IMG_00267_annotation_000,Pothole,0.3558,0.5585,0.195,0.0857
IMG_00267,IMG_00267_annotation_001,Pothole,0.5917,0.5873,0.095,0.1049
IMG_00268,IMG_00268_annotation_000,Road patch failure,0.4788,0.6014,0.0692,0.0473
IMG_00268,IMG_00268_annotation_001,Manhole,0.6267,0.6331,0.13,0.099
IMG_00269,IMG_00269_annotation_000,Pothole,0.895,0.3258,0.0783,0.0429
IMG_00269,IMG_00269_annotation_001,Pothole,0.9054,0.3753,0.1392,0.0473
IMG_00269,IMG_00269_annotation_002,Surface depression,0.4113,0.5836,0.4208,0.198
IMG_00269,IMG_00269_annotation_003,Surface depression,0.5746,0.4093,0.2458,0.1389
IMG_00270,IMG_00270_annotation_000,Manhole,0.4967,0.7122,0.1633,0.1478
IMG_00270,IMG_00270_annotation_001,Surface depression,0.5,0.611,0.2117,0.0783
IMG_00270,IMG_00270_annotation_002,Surface depression,0.9225,0.5356,0.155,0.1197
IMG_00271,IMG_00271_annotation_000,Manhole,0.5225,0.6656,0.185,0.1729
IMG_00271,IMG_00271_annotation_001,Manhole,0.4758,0.4832,0.1283,0.1123
IMG_00272,IMG_00272_annotation_000,Pothole,0.3679,0.8664,0.4092,0.2671
IMG_00272,IMG_00272_annotation_001,Pothole,0.4875,0.5903,0.1783,0.1374
IMG_00273,IMG_00273_annotation_000,Pothole,0.5642,0.3361,0.1283,0.0813
IMG_00273,IMG_00273_annotation_001,Surface depression,0.3817,0.6553,0.3933,0.5157
IMG_00273,IMG_00273_annotation_002,Manhole,0.3517,0.2408,0.095,0.0473
IMG_00274,IMG_00274_annotation_000,Surface depression,0.4921,0.5674,0.1908,0.1625
IMG_00274,IMG_00274_annotation_001,Surface depression,0.1046,0.5327,0.1892,0.2527
IMG_00275,IMG_00275_annotation_000,Surface depression,0.5046,0.4174,0.1608,0.0901
IMG_00275,IMG_00275_annotation_001,Surface depression,0.4525,0.2364,0.1667,0.0591
IMG_00276,IMG_00276_annotation_000,Surface depression,0.5008,0.7757,0.2617,0.1507
IMG_00278,IMG_00278_annotation_000,Surface depression,0.5246,0.5999,0.2292,0.2335
IMG_00279,IMG_00279_annotation_000,Surface depression,0.5938,0.5282,0.2758,0.229
IMG_00279,IMG_00279_annotation_001,Surface depression,0.0608,0.557,0.1017,0.2216
IMG_00280,IMG_00280_annotation_000,Surface depression,0.49,0.6006,0.165,0.3236
IMG_00281,IMG_00281_annotation_000,Surface depression,0.4442,0.5888,0.15,0.1847
IMG_00282,IMG_00282_annotation_000,Surface depression,0.5104,0.5851,0.2342,0.263
IMG_00283,IMG_00283_annotation_000,Pothole,0.5062,0.4832,0.1375,0.1064
IMG_00283,IMG_00283_annotation_001,Surface depression,0.2521,0.3975,0.1325,0.0975
IMG_00284,IMG_00284_annotation_000,Pothole,0.4788,0.5016,0.1358,0.102
IMG_00285,IMG_00285_annotation_000,Manhole,0.4871,0.5186,0.1158,0.0768
IMG_00286,IMG_00286_annotation_000,Surface depression,0.5742,0.4854,0.24,0.1522
IMG_00287,IMG_00287_annotation_000,Pothole,0.5733,0.3938,0.14,0.0754
IMG_00288,IMG_00288_annotation_000,Surface depression,0.5621,0.512,0.2742,0.1788
IMG_00289,IMG_00289_annotation_000,Surface depression,0.4375,0.4529,0.08,0.1729
IMG_00290,IMG_00290_annotation_000,Surface depression,0.5604,0.4743,0.2442,0.1093
IMG_00290,IMG_00290_annotation_001,Pothole,0.4146,0.4662,0.0408,0.034
IMG_00291,IMG_00291_annotation_000,Surface depression,0.8392,0.4388,0.275,0.2128
IMG_00291,IMG_00291_annotation_001,Surface depression,0.5117,0.4817,0.22,0.2571
IMG_00292,IMG_00292_annotation_000,Surface depression,0.5175,0.4935,0.2367,0.2423
IMG_00292,IMG_00292_annotation_001,Surface depression,0.8179,0.7196,0.3425,0.4048
IMG_00293,IMG_00293_annotation_000,Pothole,0.4279,0.3672,0.0975,0.0694
IMG_00293,IMG_00293_annotation_001,Surface depression,0.7858,0.4905,0.1917,0.3103
IMG_00293,IMG_00293_annotation_002,Surface depression,0.1696,0.4706,0.1892,0.1226
IMG_00293,IMG_00293_annotation_003,Surface depression,0.6079,0.3635,0.1708,0.1271
IMG_00294,IMG_00294_annotation_000,Surface depression,0.7967,0.6797,0.2083,0.0916
IMG_00295,IMG_00295_annotation_000,Surface depression,0.5479,0.5171,0.1258,0.1566
IMG_00296,IMG_00296_annotation_000,Surface depression,0.2233,0.6937,0.37,0.5482
IMG_00297,IMG_00297_annotation_000,Surface depression,0.4888,0.4839,0.2158,0.1906
IMG_00297,IMG_00297_annotation_001,Pothole,0.8192,0.4765,0.105,0.1079
IMG_00298,IMG_00298_annotation_000,Surface depression,0.4979,0.4359,0.1975,0.1862
IMG_00298,IMG_00298_annotation_001,Pothole,0.8983,0.4344,0.1483,0.13
IMG_00299,IMG_00299_annotation_000,Surface depression,0.5425,0.379,0.27,0.1936
IMG_00300,IMG_00300_annotation_000,Surface depression,0.4462,0.6228,0.1425,0.7521
IMG_00300,IMG_00300_annotation_001,Surface depression,0.2779,0.8361,0.1775,0.3277
IMG_00301,IMG_00301_annotation_000,Pothole,0.5687,0.3864,0.1925,0.0901
IMG_00301,IMG_00301_annotation_001,Surface depression,0.5129,0.2357,0.2692,0.1049
IMG_00302,IMG_00302_annotation_000,Surface depression,0.6379,0.3731,0.3658,0.1315
IMG_00303,IMG_00303_annotation_000,Pothole,0.3383,0.3716,0.08,0.0635
IMG_00303,IMG_00303_annotation_001,Manhole,0.3,0.2386,0.0567,0.0369
IMG_00303,IMG_00303_annotation_002,Surface depression,0.4979,0.297,0.5175,0.0591
IMG_00304,IMG_00304_annotation_000,Surface depression,0.4729,0.4277,0.3925,0.2704
IMG_00305,IMG_00305_annotation_000,Pothole,0.1458,0.4839,0.1433,0.0901
IMG_00305,IMG_00305_annotation_001,Surface depression,0.7483,0.4824,0.1483,0.1876
IMG_00306,IMG_00306_annotation_000,Surface depression,0.5475,0.5437,0.1233,0.2305
IMG_00306,IMG_00306_annotation_001,Surface depression,0.8233,0.7801,0.2617,0.4196
IMG_00307,IMG_00307_annotation_000,Surface depression,0.4863,0.5282,0.3992,0.2083
IMG_00308,IMG_00308_annotation_000,Pothole,0.5183,0.7587,0.0883,0.1197
IMG_00308,IMG_00308_annotation_001,Surface depression,0.6346,0.6368,0.1292,0.1625
IMG_00308,IMG_00308_annotation_002,Surface depression,0.4496,0.3775,0.0958,0.0724
IMG_00309,IMG_00309_annotation_000,Pothole,0.4313,0.5053,0.2892,0.2335
IMG_00310,IMG_00310_annotation_000,Surface depression,0.4329,0.3753,0.1908,0.2216
IMG_00310,IMG_00310_annotation_001,Surface depression,0.6,0.6944,0.4333,0.4019
IMG_00311,IMG_00311_annotation_000,Manhole,0.5038,0.5053,0.1292,0.0827
IMG_00311,IMG_00311_annotation_001,Surface depression,0.5437,0.7785,0.2292,0.443
IMG_00312,IMG_00312_annotation_000,Road patch failure,0.5783,0.69,0.0933,0.1241
IMG_00312,IMG_00312_annotation_001,Road patch failure,0.3658,0.6841,0.0867,0.1684
IMG_00313,IMG_00313_annotation_000,Manhole,0.3558,0.4285,0.1067,0.0621
IMG_00313,IMG_00313_annotation_001,Pothole,0.4725,0.4381,0.1183,0.0901
IMG_00314,IMG_00314_annotation_000,Miscellaneous abnormality,0.2421,0.4211,0.2508,0.396
IMG_00315,IMG_00315_annotation_000,Miscellaneous abnormality,0.245,0.6435,0.4,0.359
IMG_00316,IMG_00316_annotation_000,Surface depression,0.4192,0.7165,0.775,0.5671
IMG_00317,IMG_00317_annotation_000,Miscellaneous abnormality,0.9021,0.6472,0.1958,0.4137
IMG_00318,IMG_00318_annotation_000,Miscellaneous abnormality,0.7521,0.3945,0.3092,0.2335
IMG_00318,IMG_00318_annotation_001,Manhole,0.9008,0.676,0.1983,0.2379
IMG_00319,IMG_00319_annotation_000,Manhole,0.3488,0.4647,0.1175,0.0576
IMG_00319,IMG_00319_annotation_001,Miscellaneous abnormality,0.7875,0.5947,0.425,0.5984
IMG_00320,IMG_00320_annotation_000,Manhole,0.2329,0.5282,0.1242,0.0694
IMG_00320,IMG_00320_annotation_001,Miscellaneous abnormality,0.6746,0.5031,0.3142,0.3059
IMG_00321,IMG_00321_annotation_000,Manhole,0.7258,0.4189,0.1317,0.0783
IMG_00321,IMG_00321_annotation_001,Miscellaneous abnormality,0.8442,0.758,0.3117,0.4728
IMG_00322,IMG_00322_annotation_000,Manhole,0.7821,0.6154,0.1908,0.1522
IMG_00322,IMG_00322_annotation_001,Surface depression,0.3454,0.6027,0.6608,0.7946
IMG_00323,IMG_00323_annotation_000,Pothole,0.5217,0.5393,0.2083,0.1537
IMG_00324,IMG_00324_annotation_000,Pothole,0.5023,0.5219,0.3622,0.1471
IMG_00324,IMG_00324_annotation_001,Surface depression,0.6585,0.4224,0.4304,0.1672
IMG_00324,IMG_00324_annotation_002,Pothole,0.4168,0.6531,0.2217,0.1038
IMG_00325,IMG_00325_annotation_000,Pothole,0.4913,0.4599,0.0642,0.0417
IMG_00326,IMG_00326_annotation_000,Pothole,0.6005,0.3934,0.1427,0.101
IMG_00327,IMG_00327_annotation_000,Pothole,0.8874,0.4936,0.1197,0.0737
IMG_00327,IMG_00327_annotation_001,Pothole,0.4646,0.4503,0.0627,0.0385
IMG_00328,IMG_00328_annotation_000,Manhole,0.1957,0.9391,0.1838,0.1026
IMG_00329,IMG_00329_annotation_000,Surface depression,0.3997,0.7532,0.1189,0.0705
IMG_00331,IMG_00331_annotation_000,Surface depression,0.6167,0.6811,0.2285,0.1154
IMG_00332,IMG_00332_annotation_000,Surface depression,0.6434,0.6202,0.2631,0.2853
IMG_00333,IMG_00333_annotation_000,Surface depression,0.2838,0.8726,0.2757,0.2548
IMG_00333,IMG_00333_annotation_001,Surface depression,0.6872,0.7268,0.1308,0.2692
IMG_00335,IMG_00335_annotation_000,Road patch failure,0.4401,0.6146,0.0685,0.1266
IMG_00335,IMG_00335_annotation_001,Crack,0.2202,0.7155,0.1218,0.149
IMG_00335,IMG_00335_annotation_002,Road patch failure,0.6437,0.6114,0.0591,0.2196
IMG_00336,IMG_00336_annotation_000,Surface depression,0.4664,0.5825,0.0923,0.242
IMG_00337,IMG_00337_annotation_000,Surface depression,0.5363,0.4808,0.346,0.0833
IMG_00338,IMG_00338_annotation_000,Pothole,0.4581,0.472,0.0526,0.0721
IMG_00339,IMG_00339_annotation_000,Surface depression,0.4372,0.5801,0.1766,0.1218
IMG_00340,IMG_00340_annotation_000,Pothole,0.4066,0.5657,0.0923,0.0929
IMG_00340,IMG_00340_annotation_001,Pothole,0.27,0.4519,0.0627,0.0577
IMG_00340,IMG_00340_annotation_002,Surface depression,0.7594,0.5897,0.1838,0.1827
IMG_00340,IMG_00340_annotation_003,Surface depression,0.4163,0.3918,0.1276,0.0689
IMG_00341,IMG_00341_annotation_000,Surface depression,0.6524,0.6907,0.2278,0.2147
IMG_00342,IMG_00342_annotation_000,Surface depression,0.5763,0.7296,0.2249,0.1875
IMG_00343,IMG_00343_annotation_000,Pothole,0.5032,0.4768,0.199,0.0849
IMG_00344,IMG_00344_annotation_000,Miscellaneous abnormality,0.1868,0.7969,0.2211,0.3101
IMG_00346,IMG_00346_annotation_000,Road patch failure,0.6126,0.5962,0.08,0.0649
IMG_00348,IMG_00348_annotation_000,Pothole,0.4455,0.4816,0.1009,0.0881
IMG_00348,IMG_00348_annotation_001,Pothole,0.5363,0.3958,0.0447,0.0353
IMG_00349,IMG_00349_annotation_000,Pothole,0.4866,0.4503,0.0779,0.1154
IMG_00349,IMG_00349_annotation_001,Pothole,0.4927,0.5609,0.0988,0.0833
IMG_00350,IMG_00350_annotation_000,Surface depression,0.5471,0.5713,0.3619,0.1426
IMG_00350,IMG_00350_annotation_001,Pothole,0.7908,0.5449,0.0721,0.0641
IMG_00351,IMG_00351_annotation_000,Surface depression,0.6856,0.6304,0.1384,0.1575
IMG_00351,IMG_00351_annotation_001,Surface depression,0.1825,0.6352,0.2255,0.2224
IMG_00353,IMG_00353_annotation_000,Surface depression,0.4862,0.5136,0.3842,0.2196
IMG_00354,IMG_00354_annotation_000,Pothole,0.545,0.4359,0.1298,0.0737
IMG_00354,IMG_00354_annotation_001,Pothole,0.6059,0.5793,0.1117,0.0913
IMG_00354,IMG_00354_annotation_002,Surface depression,0.3568,0.5978,0.2465,0.2821
IMG_00355,IMG_00355_annotation_000,Surface depression,0.5425,0.6178,0.2314,0.1362
IMG_00356,IMG_00356_annotation_000,Surface depression,0.403,0.504,0.0404,0.0593
IMG_00356,IMG_00356_annotation_001,Surface depression,0.55,0.5713,0.2307,0.0849
IMG_00357,IMG_00357_annotation_000,Pothole,0.4516,0.512,0.0613,0.0401
IMG_00357,IMG_00357_annotation_001,Manhole,0.0418,0.609,0.0836,0.0513
IMG_00357,IMG_00357_annotation_002,Surface depression,0.1384,0.496,0.1572,0.0881
IMG_00358,IMG_00358_annotation_000,Surface depression,0.4275,0.6891,0.1197,0.1026
IMG_00359,IMG_00359_annotation_000,Surface depression,0.5154,0.4768,0.1975,0.1202
IMG_00360,IMG_00360_annotation_000,Surface depression,0.4617,0.5329,0.3655,0.1234
IMG_00360,IMG_00360_annotation_001,Pothole,0.7609,0.516,0.1723,0.1026
IMG_00361,IMG_00361_annotation_000,Crack,0.5709,0.6226,0.0836,0.2099
IMG_00362,IMG_00362_annotation_000,Pothole,0.5763,0.4591,0.2516,0.0625
IMG_00363,IMG_00363_annotation_000,Surface depression,0.6282,0.637,0.4851,0.1362
IMG_00364,IMG_00364_annotation_000,Surface depression,0.4289,0.8061,0.2191,0.2051
IMG_00364,IMG_00364_annotation_001,Manhole,0.6387,0.5248,0.0793,0.0593
IMG_00365,IMG_00365_annotation_000,Manhole,0.3244,0.3502,0.0937,0.0785
IMG_00365,IMG_00365_annotation_001,Surface depression,0.47,0.3253,0.1701,0.1987
IMG_00366,IMG_00366_annotation_000,Surface depression,0.4524,0.6466,0.168,0.3574
IMG_00367,IMG_00367_annotation_000,Pothole,0.4055,0.6458,0.106,0.0865
IMG_00368,IMG_00368_annotation_000,Surface depression,0.514,0.5593,0.2105,0.2083
IMG_00369,IMG_00369_annotation_000,Surface depression,0.581,0.3894,0.1009,0.0962
IMG_00370,IMG_00370_annotation_000,Surface depression,0.5702,0.4936,0.2264,0.1795
IMG_00371,IMG_00371_annotation_000,Surface depression,0.6697,0.6474,0.372,0.2244
IMG_00372,IMG_00372_annotation_000,Surface depression,0.5918,0.5921,0.261,0.1042
IMG_00373,IMG_00373_annotation_000,Pothole,0.5334,0.6274,0.1067,0.0849
IMG_00374,IMG_00374_annotation_000,Surface depression,0.3328,0.3984,0.0925,0.1142
IMG_00375,IMG_00375_annotation_000,Pothole,0.5035,0.5473,0.1074,0.0753
IMG_00375,IMG_00375_annotation_001,Manhole,0.4066,0.5032,0.075,0.0513
IMG_00376,IMG_00376_annotation_000,Pothole,0.4433,0.4784,0.0692,0.0529
IMG_00377,IMG_00377_annotation_000,Pothole,0.4077,0.5489,0.1189,0.0817
IMG_00378,IMG_00378_annotation_000,Pothole,0.4704,0.6867,0.1103,0.0849
IMG_00379,IMG_00379_annotation_000,Manhole,0.4761,0.5264,0.0642,0.0433
IMG_00380,IMG_00380_annotation_000,Pothole,0.4873,0.5449,0.0793,0.0513
IMG_00381,IMG_00381_annotation_000,Road patch failure,0.5282,0.613,0.1276,0.0697
IMG_00382,IMG_00382_annotation_000,Surface depression,0.4549,0.6314,0.1701,0.2083
IMG_00382,IMG_00382_annotation_001,Manhole,0.3251,0.5553,0.0764,0.0593
IMG_00383,IMG_00383_annotation_000,Surface depression,0.4365,0.6651,0.2948,0.3718
IMG_00383,IMG_00383_annotation_001,Manhole,0.665,0.6915,0.1103,0.0721
IMG_00385,IMG_00385_annotation_000,Surface depression,0.4906,0.617,0.1478,0.2532
IMG_00385,IMG_00385_annotation_001,Pothole,0.5976,0.6098,0.0793,0.0849
IMG_00386,IMG_00386_annotation_000,Surface depression,0.5626,0.504,0.0959,0.0721
IMG_00386,IMG_00386_annotation_001,Surface depression,0.7003,0.5208,0.1521,0.1026
IMG_00387,IMG_00387_annotation_000,Manhole,0.4379,0.4848,0.0742,0.0465
IMG_00387,IMG_00387_annotation_001,Road patch failure,0.5493,0.5272,0.0692,0.0545
IMG_00388,IMG_00388_annotation_000,Manhole,0.6254,0.6595,0.1218,0.1042
IMG_00389,IMG_00389_annotation_000,Surface depression,0.4581,0.5745,0.1694,0.1298
IMG_00389,IMG_00389_annotation_001,Surface depression,0.4448,0.4151,0.0937,0.0673
IMG_00390,IMG_00390_annotation_000,Surface depression,0.9001,0.6587,0.1998,0.1186
IMG_00390,IMG_00390_annotation_001,Surface depression,0.5508,0.4992,0.235,0.1138
IMG_00391,IMG_00391_annotation_000,Manhole,0.5763,0.4455,0.0815,0.0385
IMG_00392,IMG_00392_annotation_000,Road patch failure,0.4451,0.5409,0.2588,0.1202
IMG_00393,IMG_00393_annotation_000,Crack,0.5588,0.5853,0.1292,0.1851
IMG_00394,IMG_00394_annotation_000,Surface depression,0.5926,0.5104,0.2062,0.0753
IMG_00395,IMG_00395_annotation_000,Manhole,0.6246,0.621,0.0944,0.0721
IMG_00395,IMG_00395_annotation_001,Surface depression,0.4531,0.6995,0.191,0.242
IMG_00396,IMG_00396_annotation_000,Manhole,0.6178,0.6402,0.1269,0.0817
IMG_00397,IMG_00397_annotation_000,Surface depression,0.8773,0.7147,0.2206,0.1731
IMG_00398,IMG_00398_annotation_000,Pothole,0.4895,0.6763,0.0735,0.0769
IMG_00399,IMG_00399_annotation_000,Surface depression,0.4459,0.5401,0.1262,0.0865
IMG_00399,IMG_00399_annotation_001,Surface depression,0.8499,0.5593,0.1096,0.0801
IMG_00399,IMG_00399_annotation_002,Surface depression,0.1164,0.5248,0.142,0.0978
IMG_00400,IMG_00400_annotation_000,Surface depression,0.3756,0.4479,0.0966,0.0689
IMG_00400,IMG_00400_annotation_001,Surface depression,0.3644,0.3173,0.0598,0.0321
IMG_00401,IMG_00401_annotation_000,Surface depression,0.4134,0.4704,0.1218,0.1042
IMG_00401,IMG_00401_annotation_001,Surface depression,0.4379,0.778,0.4938,0.3478
IMG_00402,IMG_00402_annotation_000,Pothole,0.177,0.6979,0.1334,0.1266
IMG_00403,IMG_00403_annotation_000,Surface depression,0.4138,0.6074,0.3403,0.2853
IMG_00403,IMG_00403_annotation_001,Surface depression,0.7137,0.6971,0.2105,0.0962
IMG_00403,IMG_00403_annotation_002,Road patch failure,0.652,0.5513,0.0843,0.1154
IMG_00404,IMG_00404_annotation_000,Surface depression,0.4433,0.5733,0.3395,0.113
IMG_00405,IMG_00405_annotation_000,Surface depression,0.5933,0.5913,0.1831,0.2051
IMG_00406,IMG_00406_annotation_000,Surface depression,0.3463,0.4183,0.1433,0.1058
IMG_00406,IMG_00406_annotation_001,Surface depression,0.2073,0.5144,0.1779,0.1587
IMG_00408,IMG_00408_annotation_000,Road patch failure,0.4988,0.5128,0.0735,0.0641
IMG_00408,IMG_00408_annotation_001,Road patch failure,0.5241,0.5946,0.0548,0.0737
IMG_00409,IMG_00409_annotation_000,Surface depression,0.5071,0.4511,0.1406,0.0721
IMG_00411,IMG_00411_annotation_000,Pothole,0.5234,0.7067,0.1312,0.0865
IMG_00412,IMG_00412_annotation_000,Road patch failure,0.5288,0.5305,0.1233,0.0801
IMG_00412,IMG_00412_annotation_001,Surface depression,0.4286,0.5609,0.067,0.0769
IMG_00413,IMG_00413_annotation_000,Manhole,0.3918,0.496,0.0728,0.0401
IMG_00413,IMG_00413_annotation_001,Pothole,0.5544,0.4784,0.0433,0.0337
IMG_00414,IMG_00414_annotation_000,Pothole,0.5709,0.5409,0.0476,0.0433
IMG_00414,IMG_00414_annotation_001,Manhole,0.297,0.5745,0.1298,0.0625
IMG_00414,IMG_00414_annotation_002,Pothole,0.244,0.5096,0.0959,0.0449
IMG_00415,IMG_00415_annotation_000,Manhole,0.159,0.5833,0.0944,0.0545
IMG_00417,IMG_00417_annotation_000,Surface depression,0.1819,0.6893,0.286,0.1983
IMG_00417,IMG_00417_annotation_001,Surface depression,0.545,0.5373,0.3655,0.1779
IMG_00418,IMG_00418_annotation_000,Surface depression,0.355,0.613,0.2415,0.3542
IMG_00419,IMG_00419_annotation_000,Surface depression,0.5259,0.6106,0.204,0.3942
IMG_00419,IMG_00419_annotation_001,Pothole,0.5338,0.6859,0.0901,0.0962
IMG_00421,IMG_00421_annotation_000,Road patch failure,0.4769,0.4982,0.0508,0.0397
IMG_00421,IMG_00421_annotation_001,Miscellaneous abnormality,0.8547,0.6562,0.2118,0.2572
IMG_00422,IMG_00422_annotation_000,Surface depression,0.4934,0.5048,0.1204,0.0865
IMG_00424,IMG_00424_annotation_000,Road patch failure,0.5208,0.375,0.0569,0.0417
IMG_00424,IMG_00424_annotation_001,Road patch failure,0.3803,0.488,0.0742,0.0433
IMG_00424,IMG_00424_annotation_002,Road patch failure,0.4599,0.4263,0.0461,0.0449
IMG_00425,IMG_00425_annotation_000,Surface depression,0.4761,0.5008,0.1348,0.0946
IMG_00426,IMG_00426_annotation_000,Road patch failure,0.456,0.6034,0.0281,0.0337
IMG_00427,IMG_00427_annotation_000,Surface depression,0.4008,0.6186,0.1153,0.0673
IMG_00428,IMG_00428_annotation_000,Surface depression,0.4048,0.7965,0.2963,0.0929
IMG_00428,IMG_00428_annotation_001,Surface depression,0.4152,0.6498,0.1096,0.0721
IMG_00428,IMG_00428_annotation_002,Surface depression,0.541,0.6963,0.1103,0.0849
IMG_00428,IMG_00428_annotation_003,Surface depression,0.5014,0.5697,0.08,0.0497
IMG_00428,IMG_00428_annotation_004,Surface depression,0.4527,0.5088,0.036,0.0337
IMG_00429,IMG_00429_annotation_000,Surface depression,0.4437,0.6603,0.1045,0.0769
IMG_00429,IMG_00429_annotation_001,Surface depression,0.5821,0.7933,0.2256,0.125
IMG_00430,IMG_00430_annotation_000,Surface depression,0.5223,0.5994,0.142,0.0673
IMG_00431,IMG_00431_annotation_000,Surface depression,0.4985,0.6266,0.1564,0.1154
IMG_00431,IMG_00431_annotation_001,Surface depression,0.3529,0.6154,0.0988,0.0609
IMG_00432,IMG_00432_annotation_000,Surface depression,0.8816,0.754,0.173,0.1522
IMG_00433,IMG_00433_annotation_000,Surface depression,0.541,0.5329,0.217,0.0849
IMG_00434,IMG_00434_annotation_000,Surface depression,0.3359,0.6474,0.3042,0.1538
IMG_00436,IMG_00436_annotation_000,Manhole,0.474,0.5401,0.0627,0.0353
IMG_00437,IMG_00437_annotation_000,Manhole,0.5493,0.5224,0.0764,0.0513
IMG_00438,IMG_00438_annotation_000,Pothole,0.4956,0.5537,0.0757,0.0529
IMG_00438,IMG_00438_annotation_001,Manhole,0.3096,0.5337,0.0959,0.0481
IMG_00438,IMG_00438_annotation_002,Manhole,0.2199,0.6651,0.1312,0.0801
IMG_00439,IMG_00439_annotation_000,Manhole,0.4693,0.6122,0.0721,0.0385
IMG_00440,IMG_00440_annotation_000,Manhole,0.4693,0.597,0.1096,0.0753
IMG_00442,IMG_00442_annotation_000,Manhole,0.5306,0.6298,0.1326,0.0929
IMG_00442,IMG_00442_annotation_001,Surface depression,0.425,0.8141,0.2429,0.1058
IMG_00443,IMG_00443_annotation_000,Manhole,0.5807,0.5689,0.1463,0.0897
IMG_00444,IMG_00444_annotation_000,Manhole,0.4942,0.3902,0.0598,0.0369
IMG_00445,IMG_00445_annotation_000,Manhole,0.479,0.4655,0.0973,0.0657
IMG_00446,IMG_00446_annotation_000,Pothole,0.4787,0.6274,0.1096,0.0657
IMG_00447,IMG_00447_annotation_000,Manhole,0.4826,0.5136,0.0815,0.0529
IMG_00448,IMG_00448_annotation_000,Manhole,0.5338,0.629,0.1204,0.0721
IMG_00449,IMG_00449_annotation_000,Surface depression,0.5403,0.5649,0.1305,0.1458
IMG_00450,IMG_00450_annotation_000,Surface depression,0.4833,0.6002,0.23,0.3125
IMG_00452,IMG_00452_annotation_000,Surface depression,0.492,0.6579,0.5284,0.242
IMG_00453,IMG_00453_annotation_000,Surface depression,0.5821,0.5401,0.6163,0.1731
IMG_00454,IMG_00454_annotation_000,Surface depression,0.448,0.5817,0.1881,0.141
IMG_00454,IMG_00454_annotation_001,Surface depression,0.3248,0.73,0.2718,0.1843
IMG_00455,IMG_00455_annotation_000,Surface depression,0.3381,0.5681,0.3215,0.1426
IMG_00456,IMG_00456_annotation_000,Crack,0.4653,0.6803,0.1103,0.0753
IMG_00456,IMG_00456_annotation_001,Crack,0.6733,0.7139,0.062,0.0817
IMG_00457,IMG_00457_annotation_000,Manhole,0.5648,0.6683,0.1103,0.0481
IMG_00458,IMG_00458_annotation_000,Surface depression,0.346,0.5889,0.2696,0.149
IMG_00458,IMG_00458_annotation_001,Pothole,0.5508,0.5841,0.1182,0.117
IMG_00459,IMG_00459_annotation_000,Surface depression,0.2599,0.524,0.2948,0.1058
IMG_00459,IMG_00459_annotation_001,Surface depression,0.4769,0.5393,0.1002,0.1138
IMG_00460,IMG_00460_annotation_000,Crack,0.4235,0.5425,0.2574,0.117
IMG_00460,IMG_00460_annotation_001,Surface depression,0.1705,0.5168,0.2372,0.1106
IMG_00461,IMG_00461_annotation_000,Surface depression,0.4698,0.5096,0.4801,0.113
IMG_00461,IMG_00461_annotation_001,Surface depression,0.8083,0.4549,0.1687,0.0757
IMG_00461,IMG_00461_annotation_002,Surface depression,0.2149,0.2957,0.1281,0.0385
IMG_00461,IMG_00461_annotation_003,Surface depression,0.396,0.2993,0.1454,0.0577
IMG_00462,IMG_00462_annotation_000,Pothole,0.5079,0.5321,0.1406,0.0769
IMG_00462,IMG_00462_annotation_001,Surface depression,0.2184,0.6066,0.4181,0.1715
IMG_00463,IMG_00463_annotation_000,Pothole,0.5468,0.5745,0.0786,0.0625
IMG_00463,IMG_00463_annotation_001,Surface depression,0.4415,0.5457,0.1377,0.1042
IMG_00463,IMG_00463_annotation_002,Surface depression,0.7295,0.6979,0.2307,0.1971
IMG_00464,IMG_00464_annotation_000,Surface depression,0.4462,0.5321,0.0908,0.0801
IMG_00464,IMG_00464_annotation_001,Surface depression,0.532,0.5361,0.0447,0.0401
IMG_00464,IMG_00464_annotation_002,Surface depression,0.5569,0.4824,0.0483,0.0609
IMG_00465,IMG_00465_annotation_000,Surface depression,0.5057,0.4519,0.0425,0.0673
IMG_00465,IMG_00465_annotation_001,Road patch failure,0.293,0.7196,0.1132,0.141
IMG_00466,IMG_00466_annotation_000,Road patch failure,0.4978,0.508,0.0296,0.0417
IMG_00467,IMG_00467_annotation_000,Surface depression,0.4412,0.5168,0.0908,0.1202
IMG_00468,IMG_00468_annotation_000,Surface depression,0.4877,0.4776,0.1881,0.2212
IMG_00469,IMG_00469_annotation_000,Surface depression,0.7331,0.7107,0.2509,0.399
IMG_00469,IMG_00469_annotation_001,Pothole,0.4545,0.5224,0.0642,0.0609
IMG_00469,IMG_00469_annotation_002,Surface depression,0.532,0.5,0.1052,0.109
IMG_00470,IMG_00470_annotation_000,Surface depression,0.475,0.4603,0.0535,0.0649
IMG_00471,IMG_00471_annotation_000,Surface depression,0.559,0.4383,0.0685,0.0657
IMG_00471,IMG_00471_annotation_001,Manhole,0.6365,0.476,0.0793,0.0513
IMG_00472,IMG_00472_annotation_000,Manhole,0.6571,0.5825,0.0858,0.0625
IMG_00472,IMG_00472_annotation_001,Surface depression,0.4232,0.4335,0.1197,0.1042
IMG_00472,IMG_00472_annotation_002,Surface depression,0.5489,0.5385,0.1348,0.1346
IMG_00473,IMG_00473_annotation_000,Surface depression,0.656,0.7404,0.2783,0.2788
IMG_00473,IMG_00473_annotation_001,Surface depression,0.4397,0.4744,0.111,0.1186
IMG_00474,IMG_00474_annotation_000,Surface depression,0.6668,0.5537,0.173,0.1458
IMG_00475,IMG_00475_annotation_000,Surface depression,0.6145,0.5841,0.2026,0.0946
IMG_00475,IMG_00475_annotation_001,Surface depression,0.5309,0.4343,0.1276,0.0417
IMG_00476,IMG_00476_annotation_000,Manhole,0.4682,0.5088,0.1031,0.0497
IMG_00477,IMG_00477_annotation_000,Surface depression,0.5468,0.6939,0.1406,0.4872
IMG_00478,IMG_00478_annotation_000,Surface depression,0.4971,0.5607,0.1173,0.1406
IMG_00480,IMG_00480_annotation_000,Surface depression,0.4961,0.6364,0.0568,0.0517
IMG_00481,IMG_00481_annotation_000,Surface depression,0.4279,0.509,0.1725,0.0733
IMG_00481,IMG_00481_annotation_001,Surface depression,0.5474,0.5571,0.1076,0.0661
IMG_00482,IMG_00482_annotation_000,Surface depression,0.5147,0.5361,0.0952,0.0577
IMG_00482,IMG_00482_annotation_001,Road patch failure,0.7393,0.652,0.0514,0.0469
IMG_00482,IMG_00482_annotation_002,Road patch failure,0.6658,0.7121,0.0557,0.0421
IMG_00483,IMG_00483_annotation_000,Road patch failure,0.4466,0.4984,0.0642,0.0609
IMG_00484,IMG_00484_annotation_000,Surface depression,0.4214,0.8333,0.2357,0.1603
IMG_00484,IMG_00484_annotation_001,Road patch failure,0.4459,0.5865,0.1161,0.1538
IMG_00485,IMG_00485_annotation_000,Surface depression,0.6066,0.605,0.3035,0.1939
IMG_00486,IMG_00486_annotation_000,Surface depression,0.4833,0.6082,0.0685,0.1202
IMG_00487,IMG_00487_annotation_000,Road patch failure,0.4387,0.6292,0.0492,0.0469
IMG_00488,IMG_00488_annotation_000,Pothole,0.4758,0.5397,0.1016,0.0553
IMG_00488,IMG_00488_annotation_001,Surface depression,0.6439,0.5397,0.1049,0.0505
IMG_00488,IMG_00488_annotation_002,Surface depression,0.3379,0.5577,0.0789,0.0601
IMG_00489,IMG_00489_annotation_000,Pothole,0.4264,0.6987,0.1982,0.1506
IMG_00489,IMG_00489_annotation_001,Pothole,0.7901,0.7396,0.1672,0.101
IMG_00489,IMG_00489_annotation_002,Surface depression,0.6156,0.7332,0.1658,0.1266
IMG_00490,IMG_00490_annotation_000,Road patch failure,0.5188,0.4411,0.0405,0.0361
IMG_00491,IMG_00491_annotation_000,Pothole,0.5039,0.5216,0.1355,0.0978
IMG_00491,IMG_00491_annotation_001,Road patch failure,0.5356,0.7179,0.0865,0.2532
IMG_00492,IMG_00492_annotation_000,Surface depression,0.5882,0.6689,0.1114,0.095
IMG_00493,IMG_00493_annotation_000,Surface depression,0.6542,0.7302,0.1287,0.2993
IMG_00494,IMG_00494_annotation_000,Manhole,0.5674,0.4844,0.0903,0.0553
IMG_00494,IMG_00494_annotation_001,Surface depression,0.5963,0.6304,0.2238,0.2127
IMG_00496,IMG_00496_annotation_000,Surface depression,0.5551,0.5938,0.261,0.3029
IMG_00497,IMG_00497_annotation_000,Surface depression,0.4123,0.7121,0.1195,0.2392
IMG_00498,IMG_00498_annotation_000,Surface depression,0.5166,0.3978,0.1076,0.0361
IMG_00499,IMG_00499_annotation_000,Pothole,0.4214,0.7099,0.1391,0.1218
IMG_00499,IMG_00499_annotation_001,Manhole,0.4952,0.6058,0.1038,0.0833
IMG_00500,IMG_00500_annotation_000,Surface depression,0.5136,0.4808,0.0627,0.0841
IMG_00501,IMG_00501_annotation_000,Pothole,0.3395,0.6034,0.1197,0.0689
IMG_00501,IMG_00501_annotation_001,Surface depression,0.479,0.5296,0.1334,0.1074
IMG_00501,IMG_00501_annotation_002,Surface depression,0.7522,0.5745,0.2011,0.2196
IMG_00502,IMG_00502_annotation_000,Pothole,0.539,0.7188,0.1503,0.2668
IMG_00502,IMG_00502_annotation_001,Pothole,0.4912,0.4832,0.1573,0.1202
IMG_00502,IMG_00502_annotation_002,Surface depression,0.3382,0.5252,0.1357,0.1274
IMG_00502,IMG_00502_annotation_003,Surface depression,0.1892,0.2548,0.1222,0.1082
IMG_00502,IMG_00502_annotation_004,Surface depression,0.1754,0.1556,0.1314,0.0613
IMG_00502,IMG_00502_annotation_005,Surface depression,0.8086,0.3984,0.3628,0.2656
IMG_00503,IMG_00503_annotation_000,Surface depression,0.4479,0.7097,0.206,0.482
IMG_00503,IMG_00503_annotation_001,Surface depression,0.4715,0.3684,0.1654,0.155
IMG_00503,IMG_00503_annotation_002,Surface depression,0.5626,0.3023,0.0903,0.0493
IMG_00503,IMG_00503_annotation_003,Surface depression,0.5158,0.2392,0.0746,0.0361
IMG_00504,IMG_00504_annotation_000,Surface depression,0.4513,0.5208,0.1889,0.3429
IMG_00504,IMG_00504_annotation_001,Pothole,0.6088,0.2949,0.0728,0.0833
IMG_00504,IMG_00504_annotation_002,Surface depression,0.3576,0.8462,0.2379,0.3077
IMG_00504,IMG_00504_annotation_003,Manhole,0.5079,0.3181,0.093,0.0753
IMG_00505,IMG_00505_annotation_000,Surface depression,0.4913,0.7476,0.1406,0.5048
IMG_00506,IMG_00506_annotation_000,Manhole,0.3536,0.6214,0.1265,0.0721
IMG_00506,IMG_00506_annotation_001,Surface depression,0.4258,0.512,0.0968,0.0793
IMG_00506,IMG_00506_annotation_002,Surface depression,0.6209,0.5451,0.0881,0.1334
IMG_00507,IMG_00507_annotation_000,Manhole,0.2069,0.8782,0.2797,0.2436
IMG_00507,IMG_00507_annotation_001,Surface depression,0.4271,0.609,0.4116,0.2532
IMG_00507,IMG_00507_annotation_002,Road patch failure,0.6852,0.3253,0.0728,0.3173
IMG_00508,IMG_00508_annotation_000,Pothole,0.4758,0.5463,0.2173,0.1815
IMG_00509,IMG_00509_annotation_000,Surface depression,0.3024,0.7812,0.5039,0.4375
IMG_00510,IMG_00510_annotation_000,Manhole,0.5601,0.5264,0.1312,0.1138
IMG_00510,IMG_00510_annotation_001,Surface depression,0.4513,0.8245,0.4671,0.351
IMG_00511,IMG_00511_annotation_000,Surface depression,0.7775,0.8011,0.3179,0.3978
IMG_00511,IMG_00511_annotation_001,Road patch failure,0.4555,0.6136,0.1065,0.1046
IMG_00512,IMG_00512_annotation_000,Road patch failure,0.7331,0.7404,0.053,0.0721
IMG_00513,IMG_00513_annotation_000,Surface depression,0.2624,0.8726,0.2941,0.2548
IMG_00513,IMG_00513_annotation_001,Manhole,0.2054,0.6242,0.1874,0.1362
IMG_00513,IMG_00513_annotation_002,Surface depression,0.6416,0.5345,0.124,0.133
IMG_00513,IMG_00513_annotation_003,Surface depression,0.426,0.5481,0.0764,0.0865
IMG_00513,IMG_00513_annotation_004,Road patch failure,0.4487,0.3325,0.0887,0.2388
IMG_00514,IMG_00514_annotation_000,Surface depression,0.4842,0.4303,0.1498,0.2909
IMG_00514,IMG_00514_annotation_001,Surface depression,0.3731,0.7782,0.2909,0.4435
IMG_00515,IMG_00515_annotation_000,Surface depression,0.7331,0.2843,0.2541,0.1767
IMG_00516,IMG_00516_annotation_000,Manhole,0.4566,0.5499,0.1098,0.0853
IMG_00516,IMG_00516_annotation_001,Surface depression,0.5939,0.5006,0.1368,0.22
IMG_00516,IMG_00516_annotation_002,Surface depression,0.3977,0.6593,0.3217,0.1695
IMG_00517,IMG_00517_annotation_000,Manhole,0.2166,0.653,0.1853,0.1651
IMG_00517,IMG_00517_annotation_001,Manhole,0.5154,0.363,0.0879,0.0817
IMG_00517,IMG_00517_annotation_002,Surface depression,0.496,0.7372,0.2581,0.5256
IMG_00517,IMG_00517_annotation_003,Surface depression,0.182,0.8806,0.3453,0.2388
IMG_00517,IMG_00517_annotation_004,Pothole,0.1171,0.2949,0.0699,0.0545
IMG_00518,IMG_00518_annotation_000,Manhole,0.6288,0.6112,0.1654,0.1815
IMG_00518,IMG_00518_annotation_001,Surface depression,0.9147,0.8143,0.1706,0.2488
IMG_00519,IMG_00519_annotation_000,Manhole,0.8456,0.598,0.16,0.119
IMG_00520,IMG_00520_annotation_000,Manhole,0.483,0.5168,0.1197,0.0978
IMG_00520,IMG_00520_annotation_001,Pothole,0.4999,0.6819,0.1636,0.1651
IMG_00521,IMG_00521_annotation_000,Surface depression,0.5075,0.7636,0.1067,0.1522
IMG_00521,IMG_00521_annotation_001,Surface depression,0.4271,0.4599,0.1276,0.3333
IMG_00522,IMG_00522_annotation_000,Surface depression,0.5766,0.5553,0.273,0.4639
IMG_00522,IMG_00522_annotation_001,Surface depression,0.2949,0.4219,0.1476,0.1659
IMG_00523,IMG_00523_annotation_000,Manhole,0.6482,0.8317,0.2563,0.238
IMG_00523,IMG_00523_annotation_001,Surface depression,0.4428,0.2602,0.0984,0.0541
IMG_00523,IMG_00523_annotation_002,Surface depression,0.475,0.6436,0.1184,0.1863
IMG_00524,IMG_00524_annotation_000,Surface depression,0.3401,0.2722,0.1211,0.0877
IMG_00524,IMG_00524_annotation_001,Crack,0.4866,0.4922,0.0876,0.1454
IMG_00524,IMG_00524_annotation_002,Road patch failure,0.5653,0.872,0.1303,0.1935
IMG_00525,IMG_00525_annotation_000,Pothole,0.4794,0.4952,0.1254,0.0962
IMG_00525,IMG_00525_annotation_001,Surface depression,0.2981,0.4583,0.217,0.2083
IMG_00526,IMG_00526_annotation_000,Surface depression,0.3087,0.7308,0.2109,0.2764
IMG_00526,IMG_00526_annotation_001,Surface depression,0.5088,0.4748,0.0995,0.2139
IMG_00527,IMG_00527_annotation_000,Surface depression,0.5482,0.6042,0.2011,0.1763
IMG_00527,IMG_00527_annotation_001,Surface depression,0.2058,0.7676,0.3597,0.4487
IMG_00527,IMG_00527_annotation_002,Pothole,0.4678,0.3998,0.1052,0.0689
IMG_00528,IMG_00528_annotation_000,Pothole,0.4593,0.6719,0.0968,0.1082
IMG_00528,IMG_00528_annotation_001,Pothole,0.4888,0.4688,0.0389,0.0529
IMG_00528,IMG_00528_annotation_002,Pothole,0.476,0.3462,0.0287,0.0264
IMG_00528,IMG_00528_annotation_003,Surface depression,0.4463,0.3203,0.0449,0.0325
IMG_00529,IMG_00529_annotation_000,Pothole,0.4696,0.726,0.1498,0.1779
IMG_00529,IMG_00529_annotation_001,Pothole,0.5588,0.39,0.0449,0.0661
IMG_00529,IMG_00529_annotation_002,Pothole,0.5588,0.2175,0.0341,0.0312
IMG_00530,IMG_00530_annotation_000,Surface depression,0.4426,0.6026,0.2855,0.5769
IMG_00530,IMG_00530_annotation_001,Pothole,0.4214,0.9503,0.2761,0.0994
IMG_00531,IMG_00531_annotation_000,Pothole,0.4812,0.5777,0.0815,0.0721
IMG_00531,IMG_00531_annotation_001,Road patch failure,0.4581,0.4167,0.067,0.1186
IMG_00532,IMG_00532_annotation_000,Pothole,0.4131,0.5745,0.0616,0.0889
IMG_00532,IMG_00532_annotation_001,Pothole,0.4233,0.4976,0.0433,0.0337
IMG_00532,IMG_00532_annotation_002,Pothole,0.4788,0.9579,0.1519,0.0841
IMG_00532,IMG_00532_annotation_003,Surface depression,0.4198,0.3528,0.0795,0.0901
IMG_00533,IMG_00533_annotation_000,Surface depression,0.6199,0.5306,0.2633,0.3738
IMG_00533,IMG_00533_annotation_001,Surface depression,0.196,0.2212,0.1206,0.0986
IMG_00533,IMG_00533_annotation_002,Pothole,0.5688,0.1244,0.0962,0.0661
IMG_00534,IMG_00534_annotation_000,Surface depression,0.4044,0.6763,0.2379,0.6474
IMG_00535,IMG_00535_annotation_000,Manhole,0.2995,0.485,0.1179,0.0733
IMG_00535,IMG_00535_annotation_001,Surface depression,0.5588,0.4014,0.1909,0.137
IMG_00535,IMG_00535_annotation_002,Surface depression,0.3841,0.6418,0.3249,0.1707
IMG_00535,IMG_00535_annotation_003,Surface depression,0.4004,0.3383,0.1043,0.0637
IMG_00536,IMG_00536_annotation_000,Surface depression,0.5835,0.7091,0.2372,0.5817
IMG_00536,IMG_00536_annotation_001,Miscellaneous abnormality,0.5136,0.3053,0.1521,0.1202
IMG_00537,IMG_00537_annotation_000,Surface depression,0.4769,0.6386,0.824,0.7228
IMG_00538,IMG_00538_annotation_000,Pothole,0.3615,0.4688,0.1708,0.1587
IMG_00538,IMG_00538_annotation_001,Surface depression,0.1835,0.8317,0.2905,0.3365
IMG_00538,IMG_00538_annotation_002,Pothole,0.5976,0.5521,0.16,0.1651
IMG_00538,IMG_00538_annotation_003,Surface depression,0.8907,0.8213,0.2186,0.3574
IMG_00538,IMG_00538_annotation_004,Manhole,0.7166,0.3926,0.1326,0.0737
IMG_00539,IMG_00539_annotation_000,Pothole,0.5298,0.655,0.1016,0.0769
IMG_00539,IMG_00539_annotation_001,Surface depression,0.4466,0.5427,0.1352,0.1334
IMG_00540,IMG_00540_annotation_000,Manhole,0.1103,0.6891,0.2206,0.266
IMG_00540,IMG_00540_annotation_001,Pothole,0.899,0.4511,0.202,0.2099
IMG_00540,IMG_00540_annotation_002,Surface depression,0.4322,0.7284,0.1925,0.5433
IMG_00540,IMG_00540_annotation_003,Surface depression,0.8428,0.855,0.3144,0.2901
IMG_00540,IMG_00540_annotation_004,Surface depression,0.4436,0.3341,0.1139,0.1202
IMG_00541,IMG_00541_annotation_000,Surface depression,0.2959,0.6891,0.3655,0.6218
IMG_00541,IMG_00541_annotation_001,Pothole,0.3525,0.2444,0.1024,0.0689
IMG_00542,IMG_00542_annotation_000,Surface depression,0.4174,0.5583,0.2314,0.2392
IMG_00542,IMG_00542_annotation_001,Surface depression,0.6482,0.2109,0.1849,0.1094
IMG_00543,IMG_00543_annotation_000,Manhole,0.4341,0.3486,0.1038,0.0601
IMG_00543,IMG_00543_annotation_001,Surface depression,0.5734,0.3756,0.1303,0.1671
IMG_00543,IMG_00543_annotation_002,Surface depression,0.2598,0.1514,0.1098,0.1298
IMG_00544,IMG_00544_annotation_000,Manhole,0.3684,0.5825,0.1874,0.1554
IMG_00544,IMG_00544_annotation_001,Surface depression,0.6196,0.5913,0.279,0.2692
IMG_00545,IMG_00545_annotation_000,Surface depression,0.5244,0.6667,0.1752,0.1154
IMG_00546,IMG_00546_annotation_000,Surface depression,0.3977,0.1725,0.1011,0.1334
IMG_00547,IMG_00547_annotation_000,Surface depression,0.5263,0.5078,0.2438,0.3594
IMG_00548,IMG_00548_annotation_000,Surface depression,0.6535,0.75,0.4001,0.5
IMG_00548,IMG_00548_annotation_001,Surface depression,0.434,0.4191,0.0793,0.1266
IMG_00549,IMG_00549_annotation_000,Surface depression,0.5461,0.6771,0.2429,0.6458
IMG_00549,IMG_00549_annotation_001,Surface depression,0.2011,0.7716,0.3893,0.4567
IMG_00550,IMG_00550_annotation_000,Surface depression,0.6136,0.7007,0.7137,0.5986
IMG_00550,IMG_00550_annotation_001,Surface depression,0.7969,0.2752,0.1968,0.2356
IMG_00551,IMG_00551_annotation_000,Surface depression,0.4599,0.5889,0.0663,0.0881
IMG_00552,IMG_00552_annotation_000,Surface depression,0.532,0.5713,0.2177,0.1106
IMG_00553,IMG_00553_annotation_000,Surface depression,0.63,0.5913,0.2739,0.1571
IMG_00554,IMG_00554_annotation_000,Surface depression,0.8968,0.6651,0.2063,0.1923
IMG_00554,IMG_00554_annotation_001,Surface depression,0.5475,0.5609,0.142,0.1314
IMG_00554,IMG_00554_annotation_002,Pothole,0.7277,0.6314,0.1233,0.1026
IMG_00555,IMG_00555_annotation_000,Road patch failure,0.3968,0.5353,0.1204,0.141
IMG_00556,IMG_00556_annotation_000,Road patch failure,0.1919,0.7686,0.0908,0.0829
IMG_00556,IMG_00556_annotation_001,Road patch failure,0.1208,0.8732,0.0697,0.0853
IMG_00556,IMG_00556_annotation_002,Surface depression,0.5331,0.2812,0.0443,0.0409
IMG_00556,IMG_00556_annotation_003,Surface depression,0.5974,0.262,0.0454,0.0409
IMG_00557,IMG_00557_annotation_000,Pothole,0.4496,0.6767,0.1325,0.1154
IMG_00557,IMG_00557_annotation_001,Pothole,0.5715,0.5078,0.1254,0.0877
IMG_00557,IMG_00557_annotation_002,Surface depression,0.3812,0.3738,0.1579,0.0745
IMG_00557,IMG_00557_annotation_003,Surface depression,0.6937,0.4303,0.0779,0.0577
IMG_00558,IMG_00558_annotation_000,Pothole,0.2022,0.5853,0.1071,0.0793
IMG_00558,IMG_00558_annotation_001,Pothole,0.0833,0.6556,0.1027,0.1022
IMG_00558,IMG_00558_annotation_002,Surface depression,0.6537,0.5282,0.2119,0.1767
IMG_00559,IMG_00559_annotation_000,Surface depression,0.7995,0.8622,0.3604,0.2756
IMG_00559,IMG_00559_annotation_001,Surface depression,0.4293,0.4327,0.2833,0.1603
IMG_00559,IMG_00559_annotation_002,Pothole,0.4902,0.5946,0.1903,0.0865
IMG_00560,IMG_00560_annotation_000,Surface depression,0.5396,0.6148,0.4693,0.4099
IMG_00561,IMG_00561_annotation_000,Surface depression,0.315,0.6448,0.6224,0.7103
IMG_00562,IMG_00562_annotation_000,Pothole,0.3647,0.7596,0.1141,0.0986
IMG_00562,IMG_00562_annotation_001,Surface depression,0.3117,0.9044,0.2828,0.1911
IMG_00562,IMG_00562_annotation_002,Surface depression,0.3585,0.607,0.0854,0.0721
IMG_00562,IMG_00562_annotation_003,Surface depression,0.8858,0.9519,0.2285,0.0962
IMG_00563,IMG_00563_annotation_000,Surface depression,0.4963,0.4471,0.3828,0.2244
IMG_00564,IMG_00564_annotation_000,Surface depression,0.4593,0.6124,0.3368,0.1214
IMG_00564,IMG_00564_annotation_001,Surface depression,0.7999,0.5631,0.3541,0.22
IMG_00564,IMG_00564_annotation_002,Surface depression,0.6055,0.3594,0.1427,0.1274
IMG_00564,IMG_00564_annotation_003,Surface depression,0.8221,0.3774,0.1281,0.1154
IMG_00565,IMG_00565_annotation_000,Surface depression,0.2495,0.7254,0.4925,0.4459
IMG_00565,IMG_00565_annotation_001,Surface depression,0.575,0.5871,0.1898,0.1214
IMG_00565,IMG_00565_annotation_002,Surface depression,0.2517,0.4411,0.1314,0.0938
IMG_00568,IMG_00568_annotation_000,Surface depression,0.5347,0.3786,0.1254,0.1322
IMG_00568,IMG_00568_annotation_001,Surface depression,0.1887,0.7909,0.3417,0.3918
IMG_00569,IMG_00569_annotation_000,Road patch failure,0.3249,0.4814,0.0595,0.0421
IMG_00570,IMG_00570_annotation_000,Surface depression,0.3841,0.5925,0.2676,0.1659
IMG_00570,IMG_00570_annotation_001,Surface depression,0.7645,0.271,0.0952,0.0925
IMG_00570,IMG_00570_annotation_002,Surface depression,0.9231,0.3197,0.1528,0.1226
IMG_00570,IMG_00570_annotation_003,Surface depression,0.5724,0.8936,0.2228,0.2127
IMG_00571,IMG_00571_annotation_000,Surface depression,0.5327,0.7332,0.3979,0.351
IMG_00571,IMG_00571_annotation_001,Surface depression,0.6571,0.4519,0.4895,0.2212
IMG_00572,IMG_00572_annotation_000,Surface depression,0.527,0.6114,0.2047,0.3349
IMG_00572,IMG_00572_annotation_001,Surface depression,0.4545,0.8838,0.3684,0.2324
IMG_00573,IMG_00573_annotation_000,Surface depression,0.2941,0.5355,0.2498,0.0901
IMG_00574,IMG_00574_annotation_000,Surface depression,0.3931,0.5811,0.066,0.0901
IMG_00574,IMG_00574_annotation_001,Surface depression,0.4844,0.5619,0.106,0.1911
IMG_00575,IMG_00575_annotation_000,Pothole,0.4678,0.7556,0.2537,0.1458
IMG_00575,IMG_00575_annotation_001,Pothole,0.4689,0.4832,0.0944,0.0721
IMG_00575,IMG_00575_annotation_002,Surface depression,0.4412,0.6178,0.2552,0.1619
IMG_00576,IMG_00576_annotation_000,Surface depression,0.4601,0.5126,0.1287,0.1118
IMG_00576,IMG_00576_annotation_001,Surface depression,0.4742,0.6454,0.0995,0.1298
IMG_00576,IMG_00576_annotation_002,Surface depression,0.7045,0.6064,0.3049,0.3498
IMG_00577,IMG_00577_annotation_000,Surface depression,0.4439,0.6821,0.2822,0.1719
IMG_00577,IMG_00577_annotation_001,Surface depression,0.5161,0.3486,0.0849,0.0409
IMG_00577,IMG_00577_annotation_002,Surface depression,0.675,0.3786,0.0719,0.0457
IMG_00577,IMG_00577_annotation_003,Surface depression,0.8342,0.7662,0.2011,0.1935
IMG_00578,IMG_00578_annotation_000,Pothole,0.465,0.5457,0.1125,0.0978
IMG_00579,IMG_00579_annotation_000,Surface depression,0.4113,0.8413,0.2054,0.3173
IMG_00579,IMG_00579_annotation_001,Pothole,0.3788,0.625,0.0959,0.1058
IMG_00580,IMG_00580_annotation_000,Pothole,0.4866,0.4844,0.0876,0.0865
IMG_00580,IMG_00580_annotation_001,Pothole,0.569,0.4285,0.0968,0.0517
IMG_00580,IMG_00580_annotation_002,Pothole,0.5117,0.3173,0.0492,0.0433
IMG_00581,IMG_00581_annotation_000,Pothole,0.5223,0.516,0.1103,0.0801
IMG_00581,IMG_00581_annotation_001,Pothole,0.4394,0.4471,0.0613,0.0577
IMG_00581,IMG_00581_annotation_002,Pothole,0.4077,0.6146,0.1218,0.1138
IMG_00581,IMG_00581_annotation_003,Pothole,0.5057,0.4359,0.0613,0.0513
IMG_00582,IMG_00582_annotation_000,Pothole,0.2893,0.652,0.2357,0.155
IMG_00582,IMG_00582_annotation_001,Pothole,0.169,0.878,0.1995,0.244
IMG_00582,IMG_00582_annotation_002,Pothole,0.2741,0.491,0.133,0.0517
IMG_00582,IMG_00582_annotation_003,Pothole,0.2403,0.4225,0.0503,0.0325
IMG_00582,IMG_00582_annotation_004,Pothole,0.2022,0.3672,0.0595,0.0685
IMG_00582,IMG_00582_annotation_005,Pothole,0.1454,0.5415,0.0389,0.0517
IMG_00582,IMG_00582_annotation_006,Surface depression,0.6688,0.5631,0.0984,0.0877
IMG_00583,IMG_00583_annotation_000,Pothole,0.5663,0.872,0.3152,0.1695
IMG_00583,IMG_00583_annotation_001,Pothole,0.4071,0.6839,0.0616,0.0841
IMG_00583,IMG_00583_annotation_002,Pothole,0.5298,0.628,0.1449,0.0805
IMG_00583,IMG_00583_annotation_003,Pothole,0.4996,0.5349,0.0595,0.0481
IMG_00583,IMG_00583_annotation_004,Pothole,0.4504,0.4868,0.0465,0.0409
IMG_00583,IMG_00583_annotation_005,Pothole,0.4739,0.4513,0.0579,0.0709
IMG_00584,IMG_00584_annotation_000,Pothole,0.5807,0.5345,0.2141,0.1843
IMG_00584,IMG_00584_annotation_001,Pothole,0.4394,0.3486,0.1002,0.0817
IMG_00584,IMG_00584_annotation_002,Pothole,0.3428,0.2316,0.1089,0.0946
IMG_00584,IMG_00584_annotation_003,Surface depression,0.7098,0.8173,0.5804,0.3654
IMG_00585,IMG_00585_annotation_000,Pothole,0.6131,0.7244,0.1406,0.1603
IMG_00585,IMG_00585_annotation_001,Pothole,0.4127,0.4952,0.1478,0.1923
IMG_00586,IMG_00586_annotation_000,Pothole,0.6881,0.8502,0.2343,0.2997
IMG_00586,IMG_00586_annotation_001,Pothole,0.5107,0.6715,0.1564,0.2276
IMG_00586,IMG_00586_annotation_002,Surface depression,0.4689,0.4744,0.23,0.1699
IMG_00587,IMG_00587_annotation_000,Surface depression,0.6815,0.8888,0.3585,0.2224
IMG_00587,IMG_00587_annotation_001,Surface depression,0.3985,0.4862,0.1676,0.2392
IMG_00587,IMG_00587_annotation_002,Surface depression,0.3257,0.244,0.1292,0.0433
IMG_00588,IMG_00588_annotation_000,Surface depression,0.5216,0.5304,0.3165,0.3622
IMG_00588,IMG_00588_annotation_001,Pothole,0.785,0.6362,0.2206,0.1923
IMG_00589,IMG_00589_annotation_000,Surface depression,0.5507,0.6028,0.3055,0.22
IMG_00589,IMG_00589_annotation_001,Surface depression,0.3771,0.2296,0.0687,0.0505
IMG_00590,IMG_00590_annotation_000,Pothole,0.4374,0.527,0.0854,0.1094
IMG_00590,IMG_00590_annotation_001,Road patch failure,0.1265,0.5204,0.0551,0.0457
IMG_00591,IMG_00591_annotation_000,Pothole,0.5036,0.4267,0.0968,0.1442
IMG_00591,IMG_00591_annotation_001,Pothole,0.1025,0.4339,0.0795,0.0601
IMG_00592,IMG_00592_annotation_000,Surface depression,0.5165,0.5729,0.3093,0.2292
IMG_00593,IMG_00593_annotation_000,Surface depression,0.3147,0.4111,0.23,0.1522
IMG_00594,IMG_00594_annotation_000,Surface depression,0.479,0.637,0.1308,0.1106
IMG_00595,IMG_00595_annotation_000,Surface depression,0.4601,0.5391,0.1395,0.1166
IMG_00596,IMG_00596_annotation_000,Surface depression,0.4993,0.5589,0.0622,0.0841
IMG_00596,IMG_00596_annotation_001,Surface depression,0.4869,0.2536,0.0568,0.0409
IMG_00597,IMG_00597_annotation_000,Road patch failure,0.452,0.5865,0.1615,0.141
IMG_00598,IMG_00598_annotation_000,Surface depression,0.4325,0.5497,0.2638,0.1923
IMG_00599,IMG_00599_annotation_000,Surface depression,0.2974,0.6154,0.3424,0.2628
IMG_00599,IMG_00599_annotation_001,Surface depression,0.7173,0.6939,0.3561,0.2051
IMG_00600,IMG_00600_annotation_000,Pothole,0.5565,0.7684,0.1471,0.1362
IMG_00601,IMG_00601_annotation_000,Manhole,0.2483,0.77,0.1319,0.117
IMG_00601,IMG_00601_annotation_001,Surface depression,0.5338,0.5248,0.0497,0.117
IMG_00602,IMG_00602_annotation_000,Surface depression,0.5006,0.5625,0.0941,0.0697
IMG_00604,IMG_00604_annotation_000,Surface depression,0.4569,0.6382,0.253,0.2067
IMG_00605,IMG_00605_annotation_000,Manhole,0.2664,0.6619,0.1016,0.0769
IMG_00605,IMG_00605_annotation_001,Road patch failure,0.5724,0.7412,0.1182,0.1106
IMG_00605,IMG_00605_annotation_002,Crack,0.3233,0.758,0.1492,0.0897
IMG_00607,IMG_00607_annotation_000,Surface depression,0.4657,0.4864,0.1341,0.0881
IMG_00608,IMG_00608_annotation_000,Surface depression,0.5742,0.622,0.1708,0.0805
IMG_00609,IMG_00609_annotation_000,Surface depression,0.4669,0.5619,0.1887,0.0901
IMG_00610,IMG_00610_annotation_000,Pothole,0.3558,0.4008,0.0746,0.0349
IMG_00611,IMG_00611_annotation_000,Surface depression,0.4812,0.5234,0.0843,0.0541
IMG_00611,IMG_00611_annotation_001,Surface depression,0.5315,0.6184,0.1384,0.107
IMG_00611,IMG_00611_annotation_002,Surface depression,0.6404,0.7668,0.0914,0.1562
IMG_00612,IMG_00612_annotation_000,Pothole,0.5736,0.5931,0.1514,0.0998
IMG_00613,IMG_00613_annotation_000,Pothole,0.2336,0.6386,0.0577,0.0593
IMG_00613,IMG_00613_annotation_001,Road patch failure,0.5565,0.629,0.3028,0.0529
IMG_00614,IMG_00614_annotation_000,Surface depression,0.4978,0.5441,0.1608,0.0946
IMG_00616,IMG_00616_annotation_000,Surface depression,0.4631,0.5337,0.1746,0.1538
IMG_00617,IMG_00617_annotation_000,Surface depression,0.514,0.6635,0.1932,0.1955
IMG_00619,IMG_00619_annotation_000,Surface depression,0.2192,0.625,0.2027,0.1226
IMG_00620,IMG_00620_annotation_000,Surface depression,0.4538,0.5345,0.1463,0.1234
IMG_00620,IMG_00620_annotation_001,Road patch failure,0.3118,0.4551,0.1406,0.0641
IMG_00621,IMG_00621_annotation_000,Surface depression,0.1409,0.5224,0.08,0.0994
IMG_00621,IMG_00621_annotation_001,Surface depression,0.2217,0.5088,0.0656,0.0625
IMG_00622,IMG_00622_annotation_000,Pothole,0.5057,0.4447,0.0512,0.0753
IMG_00622,IMG_00622_annotation_001,Surface depression,0.3932,0.5312,0.1608,0.2548
IMG_00623,IMG_00623_annotation_000,Surface depression,0.4017,0.5986,0.1384,0.113
IMG_00624,IMG_00624_annotation_000,Surface depression,0.3612,0.5325,0.0703,0.1178
IMG_00625,IMG_00625_annotation_000,Surface depression,0.3841,0.6214,0.0622,0.1611
IMG_00625,IMG_00625_annotation_001,Surface depression,0.4585,0.4958,0.0714,0.107
IMG_00626,IMG_00626_annotation_000,Surface depression,0.3804,0.4988,0.0524,0.125
IMG_00627,IMG_00627_annotation_000,Surface depression,0.4545,0.4591,0.2155,0.0753
IMG_00628,IMG_00628_annotation_000,Surface depression,0.5582,0.6046,0.2146,0.1034
IMG_00628,IMG_00628_annotation_001,Surface depression,0.2771,0.6593,0.2038,0.131
IMG_00629,IMG_00629_annotation_000,Surface depression,0.4552,0.5974,0.0551,0.0505
IMG_00630,IMG_00630_annotation_000,Pothole,0.4936,0.6448,0.0757,0.0709
IMG_00630,IMG_00630_annotation_001,Surface depression,0.5763,0.5799,0.0779,0.0974
IMG_00630,IMG_00630_annotation_002,Pothole,0.8126,0.8395,0.1265,0.0829
IMG_00631,IMG_00631_annotation_000,Pothole,0.6243,0.5946,0.0822,0.0609
IMG_00632,IMG_00632_annotation_000,Pothole,0.4485,0.488,0.0784,0.0481
IMG_00632,IMG_00632_annotation_001,Surface depression,0.3203,0.5132,0.1152,0.0962
IMG_00632,IMG_00632_annotation_002,Surface depression,0.5831,0.6995,0.2698,0.0745
IMG_00633,IMG_00633_annotation_000,Pothole,0.4819,0.5553,0.1305,0.0817
IMG_00633,IMG_00633_annotation_001,Pothole,0.3676,0.5737,0.0807,0.0641
IMG_00633,IMG_00633_annotation_002,Pothole,0.6607,0.5481,0.0887,0.0737
IMG_00633,IMG_00633_annotation_003,Surface depression,0.5172,0.7372,0.4116,0.2276
IMG_00634,IMG_00634_annotation_000,Pothole,0.4228,0.8017,0.2682,0.1418
IMG_00635,IMG_00635_annotation_000,Pothole,0.4805,0.4199,0.0526,0.0609
IMG_00635,IMG_00635_annotation_001,Surface depression,0.5039,0.5208,0.1125,0.1346
IMG_00636,IMG_00636_annotation_000,Pothole,0.2233,0.5751,0.1179,0.107
IMG_00637,IMG_00637_annotation_000,Pothole,0.4085,0.4105,0.0643,0.0421
IMG_00637,IMG_00637_annotation_001,Pothole,0.3852,0.4477,0.0427,0.0325
IMG_00637,IMG_00637_annotation_002,Pothole,0.6255,0.4501,0.0692,0.0373
IMG_00637,IMG_00637_annotation_003,Pothole,0.6634,0.4934,0.106,0.0541
IMG_00638,IMG_00638_annotation_000,Pothole,0.4185,0.6214,0.1189,0.1442
IMG_00638,IMG_00638_annotation_001,Pothole,0.3301,0.7849,0.0957,0.1274
IMG_00639,IMG_00639_annotation_000,Pothole,0.3352,0.6587,0.1254,0.1346
IMG_00639,IMG_00639_annotation_001,Surface depression,0.4815,0.4856,0.1687,0.1058
IMG_00640,IMG_00640_annotation_000,Pothole,0.505,0.6683,0.2674,0.2051
IMG_00641,IMG_00641_annotation_000,Surface depression,0.482,0.4627,0.1346,0.0673
IMG_00642,IMG_00642_annotation_000,Pothole,0.5929,0.7428,0.1002,0.101
IMG_00642,IMG_00642_annotation_001,Pothole,0.4455,0.5641,0.1514,0.0833
IMG_00642,IMG_00642_annotation_002,Surface depression,0.4322,0.7091,0.1997,0.1779
IMG_00643,IMG_00643_annotation_000,Pothole,0.4201,0.6725,0.1427,0.1238
IMG_00643,IMG_00643_annotation_001,Pothole,0.5339,0.6869,0.0579,0.0661
IMG_00644,IMG_00644_annotation_000,Pothole,0.4812,0.6466,0.2199,0.0721
IMG_00644,IMG_00644_annotation_001,Pothole,0.7969,0.6282,0.1319,0.0801
IMG_00644,IMG_00644_annotation_002,Surface depression,0.6672,0.6378,0.1535,0.1058
IMG_00644,IMG_00644_annotation_003,Surface depression,0.23,0.6418,0.2364,0.1875
IMG_00644,IMG_00644_annotation_004,Surface depression,0.8705,0.504,0.217,0.1266
IMG_00645,IMG_00645_annotation_000,Surface depression,0.4628,0.4922,0.1189,0.0421
IMG_00646,IMG_00646_annotation_000,Crack,0.4855,0.7806,0.1925,0.4363
IMG_00646,IMG_00646_annotation_001,Surface depression,0.1746,0.4808,0.0714,0.0433
IMG_00646,IMG_00646_annotation_002,Surface depression,0.5799,0.4657,0.0546,0.0541
IMG_00647,IMG_00647_annotation_000,Manhole,0.4769,0.6098,0.0757,0.0657
IMG_00647,IMG_00647_annotation_001,Surface depression,0.3655,0.7548,0.222,0.2628
IMG_00650,IMG_00650_annotation_000,Road patch failure,0.4877,0.4117,0.0324,0.0204
IMG_00650,IMG_00650_annotation_001,Road patch failure,0.538,0.4399,0.0314,0.0192
IMG_00651,IMG_00651_annotation_000,Pothole,0.559,0.604,0.0627,0.0445
IMG_00652,IMG_00652_annotation_000,Road patch failure,0.5161,0.4531,0.0265,0.024
IMG_00653,IMG_00653_annotation_000,Surface depression,0.5369,0.5865,0.0541,0.0409
IMG_00653,IMG_00653_annotation_001,Surface depression,0.4404,0.5126,0.0503,0.0397
IMG_00653,IMG_00653_annotation_002,Manhole,0.4893,0.4597,0.0595,0.0373
IMG_00654,IMG_00654_annotation_000,Pothole,0.5104,0.629,0.0995,0.0881
IMG_00654,IMG_00654_annotation_001,Manhole,0.5324,0.5016,0.0858,0.0545
IMG_00654,IMG_00654_annotation_002,Surface depression,0.2938,0.6002,0.2458,0.1522
IMG_00655,IMG_00655_annotation_000,Surface depression,0.4882,0.6587,0.1449,0.1154
IMG_00655,IMG_00655_annotation_001,Surface depression,0.2173,0.4591,0.1211,0.0529
IMG_00656,IMG_00656_annotation_000,Surface depression,0.5185,0.5385,0.0606,0.0337
IMG_00656,IMG_00656_annotation_001,Surface depression,0.6104,0.6064,0.0616,0.0421
IMG_00657,IMG_00657_annotation_000,Road patch failure,0.5753,0.625,0.0649,0.0577
IMG_00658,IMG_00658_annotation_000,Surface depression,0.4601,0.4946,0.1384,0.0397
IMG_00659,IMG_00659_annotation_000,Pothole,0.4996,0.609,0.2638,0.1186
IMG_00660,IMG_00660_annotation_000,Surface depression,0.5458,0.607,0.0946,0.0649
IMG_00660,IMG_00660_annotation_001,Surface depression,0.3985,0.4519,0.0908,0.0457
IMG_00661,IMG_00661_annotation_000,Pothole,0.4848,0.516,0.1377,0.0545
IMG_00661,IMG_00661_annotation_001,Surface depression,0.6239,0.5697,0.1535,0.133
IMG_00661,IMG_00661_annotation_002,Surface depression,0.3449,0.613,0.1016,0.0817
IMG_00661,IMG_00661_annotation_003,Road patch failure,0.4916,0.5897,0.0577,0.0609
IMG_00662,IMG_00662_annotation_000,Manhole,0.235,0.4159,0.0678,0.0593
IMG_00662,IMG_00662_annotation_001,Surface depression,0.075,0.5321,0.0634,0.1731
IMG_00663,IMG_00663_annotation_000,Pothole,0.5709,0.621,0.0779,0.0721
IMG_00664,IMG_00664_annotation_000,Surface depression,0.8139,0.5865,0.2437,0.1635
IMG_00664,IMG_00664_annotation_001,Surface depression,0.5392,0.5978,0.1845,0.1699
IMG_00665,IMG_00665_annotation_000,Pothole,0.4085,0.4237,0.0762,0.0685
IMG_00665,IMG_00665_annotation_001,Pothole,0.3349,0.3804,0.0989,0.0685
IMG_00665,IMG_00665_annotation_002,Surface depression,0.9344,0.7115,0.1312,0.113
IMG_00665,IMG_00665_annotation_003,Surface depression,0.8056,0.5907,0.0995,0.0733
IMG_00665,IMG_00665_annotation_004,Pothole,0.4193,0.3101,0.0568,0.0312
IMG_00666,IMG_00666_annotation_000,Pothole,0.3282,0.6719,0.1957,0.2139
IMG_00666,IMG_00666_annotation_001,Pothole,0.3071,0.5036,0.1438,0.0793
IMG_00666,IMG_00666_annotation_002,Pothole,0.4347,0.402,0.0789,0.0661
IMG_00666,IMG_00666_annotation_003,Pothole,0.4579,0.351,0.0714,0.0433
IMG_00667,IMG_00667_annotation_000,Pothole,0.5755,0.6196,0.1206,0.0685
IMG_00667,IMG_00667_annotation_001,Pothole,0.3309,0.4874,0.0876,0.0517
IMG_00667,IMG_00667_annotation_002,Pothole,0.2436,0.649,0.1195,0.0697
IMG_00667,IMG_00667_annotation_003,Pothole,0.2574,0.5727,0.1395,0.0901
IMG_00667,IMG_00667_annotation_004,Pothole,0.8204,0.5763,0.0481,0.0421
IMG_00667,IMG_00667_annotation_005,Pothole,0.5731,0.5276,0.08,0.0312
IMG_00668,IMG_00668_annotation_000,Pothole,0.35,0.5817,0.1089,0.0577
IMG_00668,IMG_00668_annotation_001,Pothole,0.6192,0.649,0.1153,0.0673
IMG_00668,IMG_00668_annotation_002,Pothole,0.1723,0.649,0.1557,0.1442
IMG_00668,IMG_00668_annotation_003,Pothole,0.4952,0.5489,0.0721,0.0497
IMG_00669,IMG_00669_annotation_000,Pothole,0.1973,0.6743,0.3687,0.2067
IMG_00669,IMG_00669_annotation_001,Pothole,0.6969,0.8095,0.0811,0.0877
IMG_00669,IMG_00669_annotation_002,Pothole,0.8553,0.8053,0.0789,0.0745
IMG_00670,IMG_00670_annotation_000,Surface depression,0.3257,0.7368,0.1649,0.1851
IMG_00670,IMG_00670_annotation_001,Surface depression,0.5904,0.6851,0.2206,0.1442
IMG_00670,IMG_00670_annotation_002,Surface depression,0.9085,0.6941,0.1831,0.1094
IMG_00672,IMG_00672_annotation_000,Road patch failure,0.4163,0.6562,0.0786,0.0625
IMG_00672,IMG_00672_annotation_001,Road patch failure,0.4765,0.5272,0.0303,0.0449
IMG_00673,IMG_00673_annotation_000,Surface depression,0.581,0.7204,0.1399,0.242
IMG_00673,IMG_00673_annotation_001,Pothole,0.7706,0.5938,0.0548,0.0625
IMG_00673,IMG_00673_annotation_002,Road patch failure,0.674,0.4864,0.0533,0.0401
IMG_00674,IMG_00674_annotation_000,Road patch failure,0.7504,0.649,0.2682,0.1442
IMG_00676,IMG_00676_annotation_000,Surface depression,0.5133,0.5561,0.0764,0.0609
IMG_00678,IMG_00678_annotation_000,Surface depression,0.6201,0.5517,0.6639,0.125
IMG_00679,IMG_00679_annotation_000,Surface depression,0.5355,0.6238,0.1552,0.0769
IMG_00681,IMG_00681_annotation_000,Surface depression,0.4581,0.472,0.1478,0.1138
IMG_00681,IMG_00681_annotation_001,Manhole,0.5882,0.488,0.0663,0.0721
IMG_00682,IMG_00682_annotation_000,Surface depression,0.51,0.6667,0.3511,0.1699
IMG_00683,IMG_00683_annotation_000,Surface depression,0.6701,0.5343,0.1617,0.1118
IMG_00684,IMG_00684_annotation_000,Road patch failure,0.5558,0.5881,0.1933,0.26
IMG_00684,IMG_00684_annotation_001,Road patch failure,0.4125,0.7004,0.1133,0.1537
IMG_00685,IMG_00685_annotation_000,Surface depression,0.31,0.7233,0.2817,0.1463
IMG_00685,IMG_00685_annotation_001,Surface depression,0.7917,0.3753,0.1867,0.133
IMG_00686,IMG_00686_annotation_000,Road patch failure,0.6533,0.5327,0.1317,0.2083
IMG_00687,IMG_00687_annotation_000,Pothole,0.4596,0.5201,0.0658,0.068
IMG_00687,IMG_00687_annotation_001,Surface depression,0.3275,0.543,0.1583,0.102
IMG_00688,IMG_00688_annotation_000,Surface depression,0.8438,0.5969,0.1608,0.1241
IMG_00689,IMG_00689_annotation_000,Surface depression,0.5729,0.4189,0.1042,0.0783
IMG_00690,IMG_00690_annotation_000,Surface depression,0.8196,0.6132,0.3525,0.263
IMG_00691,IMG_00691_annotation_000,Surface depression,0.8442,0.6184,0.3117,0.2142
IMG_00692,IMG_00692_annotation_000,Surface depression,0.6033,0.5851,0.215,0.1005
IMG_00692,IMG_00692_annotation_001,Crack,0.3646,0.5792,0.1825,0.0916
IMG_00693,IMG_00693_annotation_000,Surface depression,0.7133,0.461,0.1433,0.065
IMG_00693,IMG_00693_annotation_001,Surface depression,0.3442,0.7284,0.5533,0.2305
IMG_00693,IMG_00693_annotation_002,Surface depression,0.3529,0.4566,0.1525,0.0709
IMG_00694,IMG_00694_annotation_000,Surface depression,0.3142,0.4396,0.2083,0.099
IMG_00694,IMG_00694_annotation_001,Surface depression,0.7358,0.4484,0.16,0.0842
IMG_00695,IMG_00695_annotation_000,Surface depression,0.5183,0.6243,0.27,0.1729
IMG_00695,IMG_00695_annotation_001,Surface depression,0.4967,0.4743,0.1283,0.065
IMG_00696,IMG_00696_annotation_000,Pothole,0.495,0.4374,0.1317,0.0591
IMG_00696,IMG_00696_annotation_001,Surface depression,0.5433,0.6331,0.37,0.1876
IMG_00697,IMG_00697_annotation_000,Pothole,0.5683,0.4684,0.135,0.0798
IMG_00697,IMG_00697_annotation_001,Road patch failure,0.3933,0.611,0.23,0.1729
IMG_00698,IMG_00698_annotation_000,Surface depression,0.575,0.365,0.2383,0.1596
IMG_00698,IMG_00698_annotation_001,Surface depression,0.5183,0.7342,0.305,0.5316
IMG_00699,IMG_00699_annotation_000,Surface depression,0.5008,0.4691,0.0783,0.0665
IMG_00699,IMG_00699_annotation_001,Surface depression,0.5133,0.3428,0.1033,0.065
IMG_00699,IMG_00699_annotation_002,Surface depression,0.2458,0.3554,0.08,0.034
IMG_00700,IMG_00700_annotation_000,Surface depression,0.5425,0.5098,0.2233,0.2157
IMG_00700,IMG_00700_annotation_001,Surface depression,0.41,0.6878,0.245,0.1522
IMG_00700,IMG_00700_annotation_002,Surface depression,0.2867,0.1884,0.2017,0.0724
IMG_00701,IMG_00701_annotation_000,Surface depression,0.5396,0.5105,0.2925,0.229
IMG_00701,IMG_00701_annotation_001,Surface depression,0.3771,0.6494,0.2925,0.2349
IMG_00702,IMG_00702_annotation_000,Surface depression,0.6408,0.3952,0.6583,0.5452
IMG_00703,IMG_00703_annotation_000,Pothole,0.4767,0.5334,0.2367,0.1478
IMG_00704,IMG_00704_annotation_000,Surface depression,0.5363,0.4374,0.1992,0.266
IMG_00704,IMG_00704_annotation_001,Surface depression,0.2725,0.6959,0.4017,0.4255
IMG_00705,IMG_00705_annotation_000,Surface depression,0.5971,0.4063,0.0975,0.2187
IMG_00705,IMG_00705_annotation_001,Surface depression,0.28,0.8075,0.3933,0.3324
IMG_00706,IMG_00706_annotation_000,Surface depression,0.5179,0.5644,0.0925,0.0739
IMG_00707,IMG_00707_annotation_000,Surface depression,0.3829,0.5267,0.1308,0.0901
IMG_00708,IMG_00708_annotation_000,Crack,0.4642,0.5127,0.235,0.1773
IMG_00709,IMG_00709_annotation_000,Pothole,0.5513,0.54,0.1792,0.1374
IMG_00710,IMG_00710_annotation_000,Surface depression,0.4021,0.4817,0.2625,0.1064
IMG_00710,IMG_00710_annotation_001,Road patch failure,0.6117,0.6058,0.4233,0.0768
IMG_00710,IMG_00710_annotation_002,Road patch failure,0.5537,0.8709,0.8925,0.2583
IMG_00711,IMG_00711_annotation_000,Surface depression,0.4779,0.4041,0.1692,0.0901
IMG_00712,IMG_00712_annotation_000,Pothole,0.4192,0.5327,0.35,0.1551
IMG_00713,IMG_00713_annotation_000,Pothole,0.4775,0.5881,0.1117,0.0827
IMG_00713,IMG_00713_annotation_001,Pothole,0.4292,0.5282,0.075,0.0694
IMG_00715,IMG_00715_annotation_000,Pothole,0.7825,0.4832,0.1217,0.065
IMG_00715,IMG_00715_annotation_001,Pothole,0.7279,0.3945,0.0858,0.0561
IMG_00716,IMG_00716_annotation_000,Surface depression,0.5029,0.4019,0.1008,0.0709
IMG_00719,IMG_00719_annotation_000,Surface depression,0.4825,0.4233,0.51,0.1226
IMG_00720,IMG_00720_annotation_000,Surface depression,0.4163,0.5208,0.4842,0.2586
IMG_00721,IMG_00721_annotation_000,Road patch failure,0.5217,0.4447,0.25,0.1448
IMG_00722,IMG_00722_annotation_000,Pothole,0.4725,0.3605,0.1333,0.0709
IMG_00722,IMG_00722_annotation_001,Surface depression,0.3404,0.2689,0.0592,0.0532
IMG_00723,IMG_00723_annotation_000,Surface depression,0.2704,0.5895,0.3925,0.1832
IMG_00723,IMG_00723_annotation_001,Surface depression,0.5421,0.4226,0.2175,0.0768
IMG_00724,IMG_00724_annotation_000,Road patch failure,0.4979,0.3952,0.0925,0.0665
IMG_00725,IMG_00725_annotation_000,Surface depression,0.4771,0.4536,0.3875,0.2571
IMG_00725,IMG_00725_annotation_001,Surface depression,0.8187,0.8384,0.3625,0.3233
IMG_00726,IMG_00726_annotation_000,Surface depression,0.925,0.9012,0.15,0.1977
IMG_00727,IMG_00727_annotation_000,Pothole,0.445,0.4765,0.1483,0.1108
IMG_00727,IMG_00727_annotation_001,Surface depression,0.1571,0.8738,0.3108,0.2524
IMG_00727,IMG_00727_annotation_002,Road patch failure,0.1242,0.5792,0.115,0.0798
IMG_00728,IMG_00728_annotation_000,Surface depression,0.4904,0.5725,0.0975,0.0694
IMG_00730,IMG_00730_annotation_000,Pothole,0.4242,0.4433,0.095,0.0502
IMG_00731,IMG_00731_annotation_000,Surface depression,0.51,0.4795,0.17,0.0931
IMG_00732,IMG_00732_annotation_000,Surface depression,0.4796,0.5142,0.1742,0.1005
IMG_00733,IMG_00733_annotation_000,Surface depression,0.4608,0.591,0.2,0.1123
IMG_00734,IMG_00734_annotation_000,Road patch failure,0.2867,0.5844,0.0767,0.0488
IMG_00735,IMG_00735_annotation_000,Surface depression,0.5775,0.6287,0.365,0.1788
IMG_00735,IMG_00735_annotation_001,Pothole,0.4704,0.4713,0.1175,0.0532
IMG_00736,IMG_00736_annotation_000,Surface depression,0.5579,0.6885,0.3208,0.1212
IMG_00736,IMG_00736_annotation_001,Surface depression,0.4758,0.492,0.1167,0.0355
IMG_00737,IMG_00737_annotation_000,Pothole,0.5308,0.5792,0.2133,0.0975
IMG_00738,IMG_00738_annotation_000,Surface depression,0.4858,0.5881,0.1817,0.1182
IMG_00738,IMG_00738_annotation_001,Surface depression,0.5437,0.4994,0.2092,0.0739
IMG_00738,IMG_00738_annotation_002,Surface depression,0.7538,0.3834,0.1258,0.0547
IMG_00739,IMG_00739_annotation_000,Pothole,0.455,0.4137,0.1667,0.0709
IMG_00740,IMG_00740_annotation_000,Surface depression,0.4783,0.4736,0.1783,0.0901
IMG_00740,IMG_00740_annotation_001,Pothole,0.5567,0.5659,0.1117,0.0709
IMG_00741,IMG_00741_annotation_000,Surface depression,0.5546,0.5238,0.2908,0.1256
IMG_00742,IMG_00742_annotation_000,Surface depression,0.5567,0.5711,0.33,0.1551
IMG_00743,IMG_00743_annotation_000,Surface depression,0.5779,0.557,0.2942,0.1921
IMG_00744,IMG_00744_annotation_000,Surface depression,0.5429,0.6597,0.1942,0.0872
IMG_00745,IMG_00745_annotation_000,Surface depression,0.7037,0.5895,0.3208,0.0827
IMG_00746,IMG_00746_annotation_000,Surface depression,0.5913,0.4529,0.2125,0.0754
IMG_00747,IMG_00747_annotation_000,Surface depression,0.3688,0.5408,0.3308,0.068
IMG_00747,IMG_00747_annotation_001,Pothole,0.6708,0.5267,0.2167,0.0576
IMG_00748,IMG_00748_annotation_000,Surface depression,0.4871,0.4972,0.1175,0.096
IMG_00749,IMG_00749_annotation_000,Surface depression,0.4646,0.6235,0.1792,0.1389
IMG_00751,IMG_00751_annotation_000,Surface depression,0.4696,0.6789,0.2192,0.0872
IMG_00752,IMG_00752_annotation_000,Surface depression,0.47,0.478,0.4667,0.1197
IMG_00753,IMG_00753_annotation_000,Surface depression,0.2317,0.3975,0.21,0.1832
IMG_00754,IMG_00754_annotation_000,Surface depression,0.5058,0.6605,0.2583,0.2394
IMG_00754,IMG_00754_annotation_001,Surface depression,0.2383,0.5866,0.19,0.0887
IMG_00755,IMG_00755_annotation_000,Pothole,0.5513,0.6848,0.1158,0.0842
IMG_00755,IMG_00755_annotation_001,Surface depression,0.1971,0.8355,0.2508,0.2202
IMG_00755,IMG_00755_annotation_002,Surface depression,0.3967,0.4965,0.1533,0.0473
IMG_00755,IMG_00755_annotation_003,Surface depression,0.1833,0.5792,0.1333,0.0532
IMG_00755,IMG_00755_annotation_004,Surface depression,0.74,0.5238,0.1017,0.0665
IMG_00756,IMG_00756_annotation_000,Surface depression,0.4004,0.4795,0.2908,0.0842
IMG_00757,IMG_00757_annotation_000,Pothole,0.46,0.6243,0.1633,0.099
IMG_00757,IMG_00757_annotation_001,Pothole,0.2629,0.6398,0.1575,0.0827
IMG_00757,IMG_00757_annotation_002,Surface depression,0.7063,0.5578,0.3142,0.1345
IMG_00758,IMG_00758_annotation_000,Pothole,0.4096,0.5282,0.1142,0.0606
IMG_00759,IMG_00759_annotation_000,Pothole,0.3375,0.6176,0.125,0.068
IMG_00759,IMG_00759_annotation_001,Surface depression,0.8696,0.4521,0.1958,0.1478
IMG_00760,IMG_00760_annotation_000,Surface depression,0.8842,0.4573,0.2317,0.1611
IMG_00761,IMG_00761_annotation_000,Surface depression,0.2775,0.5467,0.2367,0.2157
IMG_00762,IMG_00762_annotation_000,Pothole,0.4975,0.5482,0.1667,0.1064
IMG_00763,IMG_00763_annotation_000,Surface depression,0.5575,0.8118,0.7583,0.3765
IMG_00765,IMG_00765_annotation_000,Surface depression,0.6054,0.6383,0.3708,0.1212
IMG_00766,IMG_00766_annotation_000,Surface depression,0.46,0.4935,0.0717,0.0591
IMG_00766,IMG_00766_annotation_001,Surface depression,0.5779,0.5164,0.0892,0.0665
IMG_00767,IMG_00767_annotation_000,Surface depression,0.5863,0.5098,0.3492,0.1507
IMG_00767,IMG_00767_annotation_001,Road patch failure,0.3054,0.56,0.1808,0.1507
IMG_00768,IMG_00768_annotation_000,Surface depression,0.5425,0.5496,0.55,0.1478
IMG_00769,IMG_00769_annotation_000,Surface depression,0.5463,0.5526,0.1825,0.2216
IMG_00770,IMG_00770_annotation_000,Surface depression,0.49,0.622,0.1333,0.2896
IMG_00771,IMG_00771_annotation_000,Pothole,0.4662,0.5836,0.2858,0.2069
IMG_00772,IMG_00772_annotation_000,Surface depression,0.5962,0.4905,0.2808,0.4167
IMG_00773,IMG_00773_annotation_000,Surface depression,0.6258,0.695,0.325,0.6099
IMG_00774,IMG_00774_annotation_000,Surface depression,0.4779,0.3369,0.1958,0.1625
IMG_00774,IMG_00774_annotation_001,Surface depression,0.5479,0.6331,0.2725,0.4359
IMG_00774,IMG_00774_annotation_002,Surface depression,0.8592,0.7756,0.2817,0.4489
IMG_00775,IMG_00775_annotation_000,Surface depression,0.5371,0.5356,0.2825,0.3502
IMG_00775,IMG_00775_annotation_001,Surface depression,0.7367,0.8221,0.3133,0.3558
IMG_00775,IMG_00775_annotation_002,Surface depression,0.4217,0.2039,0.115,0.1123
IMG_00776,IMG_00776_annotation_000,Surface depression,0.5917,0.4263,0.255,0.2261
IMG_00776,IMG_00776_annotation_001,Surface depression,0.4792,0.2992,0.1517,0.1138
IMG_00777,IMG_00777_annotation_000,Surface depression,0.745,0.5334,0.2983,0.2098
IMG_00777,IMG_00777_annotation_001,Surface depression,0.8488,0.8339,0.3025,0.3321
IMG_00777,IMG_00777_annotation_002,Surface depression,0.5571,0.3753,0.1275,0.1448
IMG_00777,IMG_00777_annotation_003,Road patch failure,0.4629,0.7586,0.2058,0.4829
IMG_00778,IMG_00778_annotation_000,Surface depression,0.5938,0.5282,0.2558,0.1906
IMG_00778,IMG_00778_annotation_001,Surface depression,0.2471,0.4891,0.1275,0.1152
IMG_00779,IMG_00779_annotation_000,Surface depression,0.5637,0.5127,0.1842,0.2128
IMG_00780,IMG_00780_annotation_000,Surface depression,0.5504,0.628,0.3492,0.2394
IMG_00781,IMG_00781_annotation_000,Surface depression,0.5437,0.6095,0.3258,0.1167
IMG_00782,IMG_00782_annotation_000,Surface depression,0.475,0.6876,0.2317,0.6247
IMG_00782,IMG_00782_annotation_001,Surface depression,0.2988,0.1869,0.1958,0.2172
IMG_00783,IMG_00783_annotation_000,Surface depression,0.4817,0.5157,0.1933,0.2335
IMG_00783,IMG_00783_annotation_001,Surface depression,0.1704,0.7469,0.3308,0.3384
IMG_00783,IMG_00783_annotation_002,Surface depression,0.3571,0.3376,0.1058,0.0517
IMG_00784,IMG_00784_annotation_000,Surface depression,0.405,0.5201,0.195,0.0473
IMG_00784,IMG_00784_annotation_001,Surface depression,0.1296,0.6494,0.2358,0.0724
IMG_00784,IMG_00784_annotation_002,Surface depression,0.3975,0.6021,0.2367,0.0842
IMG_00784,IMG_00784_annotation_003,Surface depression,0.6212,0.5024,0.1858,0.068
IMG_00785,IMG_00785_annotation_000,Surface depression,0.3133,0.5711,0.6,0.2231
IMG_00786,IMG_00786_annotation_000,Surface depression,0.2013,0.543,0.2675,0.0842
IMG_00786,IMG_00786_annotation_001,Surface depression,0.5325,0.6169,0.135,0.1463
IMG_00787,IMG_00787_annotation_000,Surface depression,0.5221,0.4787,0.2042,0.1005
IMG_00788,IMG_00788_annotation_000,Surface depression,0.5896,0.4263,0.3342,0.1551
IMG_00789,IMG_00789_annotation_000,Surface depression,0.6146,0.4418,0.3425,0.198
IMG_00790,IMG_00790_annotation_000,Surface depression,0.5233,0.6472,0.4633,0.3753
IMG_00791,IMG_00791_annotation_000,Surface depression,0.1775,0.7903,0.355,0.4193
IMG_00791,IMG_00791_annotation_001,Surface depression,0.5625,0.5866,0.2267,0.3044
IMG_00792,IMG_00792_annotation_000,Surface depression,0.4767,0.5869,0.4233,0.3787
IMG_00793,IMG_00793_annotation_000,Manhole,0.7675,0.6331,0.425,0.1762
IMG_00793,IMG_00793_annotation_001,Surface depression,0.3175,0.5944,0.265,0.3987
IMG_00793,IMG_00793_annotation_002,Surface depression,0.7008,0.4925,0.4883,0.11
IMG_00794,IMG_00794_annotation_000,Manhole,0.3758,0.5387,0.3783,0.1175
IMG_00794,IMG_00794_annotation_001,Surface depression,0.335,0.7462,0.66,0.32
IMG_00795,IMG_00795_annotation_000,Manhole,0.5742,0.5594,0.5383,0.1263
IMG_00795,IMG_00795_annotation_001,Road patch failure,0.6058,0.7212,0.7083,0.0925
IMG_00796,IMG_00796_annotation_000,Manhole,0.4992,0.5988,0.3483,0.15
IMG_00796,IMG_00796_annotation_001,Manhole,0.3775,0.26,0.095,0.0275
IMG_00797,IMG_00797_annotation_000,Manhole,0.5,0.525,0.42,0.135
IMG_00798,IMG_00798_annotation_000,Manhole,0.5125,0.59,0.475,0.155
IMG_00799,IMG_00799_annotation_000,Manhole,0.4417,0.57,0.33,0.0925
IMG_00800,IMG_00800_annotation_000,Manhole,0.3933,0.5181,0.4333,0.1187
IMG_00801,IMG_00801_annotation_000,Pothole,0.2162,0.7267,0.3475,0.2033
IMG_00801,IMG_00801_annotation_001,Road patch failure,0.5012,0.6317,0.175,0.0633
IMG_00801,IMG_00801_annotation_002,Surface depression,0.72,0.5433,0.25,0.0767
IMG_00802,IMG_00802_annotation_000,Manhole,0.5292,0.5769,0.3317,0.1212
IMG_00803,IMG_00803_annotation_000,Surface depression,0.3992,0.6069,0.6017,0.0912
IMG_00804,IMG_00804_annotation_000,Manhole,0.355,0.5706,0.42,0.1537
IMG_00804,IMG_00804_annotation_001,Surface depression,0.665,0.4344,0.1367,0.0963
IMG_00805,IMG_00805_annotation_000,Manhole,0.4792,0.5419,0.3283,0.1313
IMG_00806,IMG_00806_annotation_000,Manhole,0.455,0.4725,0.44,0.16
IMG_00807,IMG_00807_annotation_000,Manhole,0.8542,0.7331,0.2917,0.1288
IMG_00807,IMG_00807_annotation_001,Manhole,0.3375,0.44,0.165,0.045
IMG_00808,IMG_00808_annotation_000,Manhole,0.5517,0.5406,0.43,0.1037
IMG_00809,IMG_00809_annotation_000,Manhole,0.47,0.7656,0.9267,0.3287
IMG_00810,IMG_00810_annotation_000,Manhole,0.4275,0.5387,0.245,0.085
IMG_00811,IMG_00811_annotation_000,Manhole,0.5075,0.5569,0.2917,0.0862
IMG_00812,IMG_00812_annotation_000,Surface depression,0.5675,0.5344,0.865,0.2112
IMG_00813,IMG_00813_annotation_000,Manhole,0.4033,0.5563,0.5033,0.11
IMG_00814,IMG_00814_annotation_000,Pothole,0.51,0.6281,0.3467,0.1237
IMG_00815,IMG_00815_annotation_000,Manhole,0.5117,0.5619,0.4,0.0938
IMG_00816,IMG_00816_annotation_000,Manhole,0.2192,0.5012,0.3783,0.115
IMG_00816,IMG_00816_annotation_001,Manhole,0.505,0.7044,0.55,0.2712
IMG_00817,IMG_00817_annotation_000,Manhole,0.4583,0.5356,0.2733,0.0938
IMG_00818,IMG_00818_annotation_000,Pothole,0.4058,0.6106,0.3117,0.1087
IMG_00819,IMG_00819_annotation_000,Manhole,0.505,0.6406,0.33,0.1237
IMG_00820,IMG_00820_annotation_000,Manhole,0.4542,0.6881,0.4417,0.1888
IMG_00821,IMG_00821_annotation_000,Road patch failure,0.6517,0.8531,0.2367,0.1437
IMG_00821,IMG_00821_annotation_001,Road patch failure,0.4517,0.4356,0.0967,0.0387
IMG_00822,IMG_00822_annotation_000,Pothole,0.5325,0.7706,0.2383,0.1338
IMG_00823,IMG_00823_annotation_000,Manhole,0.5483,0.5519,0.33,0.1013
IMG_00824,IMG_00824_annotation_000,Manhole,0.2275,0.6875,0.345,0.1575
IMG_00824,IMG_00824_annotation_001,Road patch failure,0.5233,0.5337,0.3433,0.0825
IMG_00825,IMG_00825_annotation_000,Manhole,0.1775,0.7381,0.355,0.1837
IMG_00825,IMG_00825_annotation_001,Road patch failure,0.4692,0.5469,0.3317,0.0988
IMG_00826,IMG_00826_annotation_000,Manhole,0.5158,0.6269,0.295,0.1087
IMG_00827,IMG_00827_annotation_000,Manhole,0.3631,0.4817,0.1812,0.0867
IMG_00827,IMG_00827_annotation_001,Surface depression,0.54,0.5992,0.88,0.135
IMG_00827,IMG_00827_annotation_002,Surface depression,0.1681,0.8233,0.3362,0.3167
IMG_00828,IMG_00828_annotation_000,Road patch failure,0.4275,0.69,0.1817,0.0775
IMG_00829,IMG_00829_annotation_000,Surface depression,0.2383,0.645,0.4367,0.18
IMG_00829,IMG_00829_annotation_001,Manhole,0.5325,0.385,0.1417,0.04
IMG_00830,IMG_00830_annotation_000,Road patch failure,0.4458,0.6462,0.2083,0.09
IMG_00831,IMG_00831_annotation_000,Manhole,0.7342,0.59,0.2883,0.0875
IMG_00831,IMG_00831_annotation_001,Surface depression,0.3733,0.5331,0.73,0.0712
IMG_00831,IMG_00831_annotation_002,Surface depression,0.83,0.4675,0.32,0.0875
IMG_00831,IMG_00831_annotation_003,Surface depression,0.4975,0.7688,0.9383,0.2275
IMG_00832,IMG_00832_annotation_000,Manhole,0.475,0.59,0.3767,0.1075
IMG_00833,IMG_00833_annotation_000,Manhole,0.5325,0.5669,0.3383,0.1037
IMG_00834,IMG_00834_annotation_000,Manhole,0.4825,0.5344,0.3417,0.1187
IMG_00835,IMG_00835_annotation_000,Surface depression,0.4331,0.6283,0.4988,0.2433
IMG_00836,IMG_00836_annotation_000,Surface depression,0.345,0.6469,0.6433,0.2137
IMG_00837,IMG_00837_annotation_000,Surface depression,0.38,0.6262,0.2033,0.15
IMG_00837,IMG_00837_annotation_001,Road patch failure,0.4508,0.3494,0.0983,0.0612
IMG_00838,IMG_00838_annotation_000,Manhole,0.4933,0.67,0.3367,0.11
IMG_00838,IMG_00838_annotation_001,Road patch failure,0.4167,0.8481,0.2467,0.1363
IMG_00839,IMG_00839_annotation_000,Manhole,0.5908,0.4444,0.225,0.0563
IMG_00840,IMG_00840_annotation_000,Manhole,0.5308,0.5413,0.3317,0.1075
IMG_00841,IMG_00841_annotation_000,Pothole,0.2675,0.625,0.2,0.08
IMG_00841,IMG_00841_annotation_001,Pothole,0.7519,0.5342,0.2988,0.1017
IMG_00842,IMG_00842_annotation_000,Manhole,0.4692,0.665,0.355,0.195
IMG_00843,IMG_00843_annotation_000,Manhole,0.4208,0.3925,0.1383,0.04
IMG_00844,IMG_00844_annotation_000,Surface depression,0.475,0.5444,0.2267,0.1787
IMG_00844,IMG_00844_annotation_001,Manhole,0.6342,0.7531,0.355,0.1737
IMG_00845,IMG_00845_annotation_000,Pothole,0.3456,0.4958,0.3063,0.1383
IMG_00845,IMG_00845_annotation_001,Surface depression,0.5219,0.8058,0.3038,0.2183
IMG_00845,IMG_00845_annotation_002,Surface depression,0.7406,0.5983,0.1737,0.2433
IMG_00846,IMG_00846_annotation_000,Pothole,0.3544,0.4708,0.4437,0.1183
IMG_00846,IMG_00846_annotation_001,Surface depression,0.6406,0.785,0.7188,0.43
IMG_00846,IMG_00846_annotation_002,Manhole,0.5656,0.2792,0.1638,0.0717
IMG_00847,IMG_00847_annotation_000,Surface depression,0.2294,0.6233,0.3013,0.1167
IMG_00847,IMG_00847_annotation_001,Surface depression,0.6931,0.5758,0.5988,0.105
IMG_00847,IMG_00847_annotation_002,Surface depression,0.6462,0.8,0.6625,0.19
IMG_00848,IMG_00848_annotation_000,Surface depression,0.7042,0.6438,0.395,0.24
IMG_00849,IMG_00849_annotation_000,Manhole,0.4333,0.5256,0.3267,0.1263
IMG_00849,IMG_00849_annotation_001,Surface depression,0.5192,0.815,0.435,0.37
IMG_00850,IMG_00850_annotation_000,Miscellaneous abnormality,0.1731,0.78,0.3463,0.44
IMG_00850,IMG_00850_annotation_001,Surface depression,0.4419,0.2367,0.1138,0.09
IMG_00850,IMG_00850_annotation_002,Surface depression,0.6531,0.6075,0.5062,0.1583
IMG_00851,IMG_00851_annotation_000,Surface depression,0.0958,0.6594,0.185,0.0737
IMG_00852,IMG_00852_annotation_000,Manhole,0.5358,0.6425,0.4283,0.195
IMG_00853,IMG_00853_annotation_000,Manhole,0.0725,0.355,0.145,0.0833
IMG_00853,IMG_00853_annotation_001,Road patch failure,0.1175,0.76,0.235,0.2167
IMG_00854,IMG_00854_annotation_000,Manhole,0.5517,0.7188,0.43,0.1575
IMG_00855,IMG_00855_annotation_000,Pothole,0.6283,0.55,0.3233,0.135
IMG_00856,IMG_00856_annotation_000,Surface depression,0.5044,0.6492,0.9738,0.2617
IMG_00857,IMG_00857_annotation_000,Manhole,0.5925,0.5531,0.295,0.1037
IMG_00858,IMG_00858_annotation_000,Manhole,0.565,0.5819,0.2967,0.1013
IMG_00859,IMG_00859_annotation_000,Pothole,0.5867,0.5288,0.22,0.1125
IMG_00860,IMG_00860_annotation_000,Pothole,0.4983,0.6406,0.2567,0.1338
IMG_00860,IMG_00860_annotation_001,Pothole,0.5475,0.8662,0.255,0.14
IMG_00860,IMG_00860_annotation_002,Manhole,0.4833,0.4269,0.1767,0.0462
IMG_00861,IMG_00861_annotation_000,Pothole,0.4942,0.6344,0.265,0.1313
IMG_00861,IMG_00861_annotation_001,Pothole,0.5583,0.8781,0.1967,0.1462
IMG_00861,IMG_00861_annotation_002,Manhole,0.4842,0.4269,0.155,0.0413
IMG_00862,IMG_00862_annotation_000,Surface depression,0.6058,0.5337,0.475,0.1475
IMG_00862,IMG_00862_annotation_001,Manhole,0.5683,0.5175,0.1767,0.0625
IMG_00863,IMG_00863_annotation_000,Surface depression,0.6775,0.555,0.4883,0.175
IMG_00864,IMG_00864_annotation_000,Manhole,0.4958,0.5469,0.3217,0.0862
IMG_00865,IMG_00865_annotation_000,Manhole,0.4583,0.5856,0.2433,0.0788
IMG_00866,IMG_00866_annotation_000,Manhole,0.4775,0.6656,0.3017,0.1138
IMG_00867,IMG_00867_annotation_000,Surface depression,0.5575,0.5669,0.4517,0.1588
IMG_00868,IMG_00868_annotation_000,Manhole,0.5158,0.6681,0.3783,0.1888
IMG_00869,IMG_00869_annotation_000,Manhole,0.5467,0.5781,0.28,0.1037
IMG_00870,IMG_00870_annotation_000,Surface depression,0.7483,0.6219,0.3567,0.1737
IMG_00870,IMG_00870_annotation_001,Surface depression,0.6925,0.4869,0.375,0.0838
IMG_00871,IMG_00871_annotation_000,Surface depression,0.5617,0.6681,0.8767,0.2562
IMG_00872,IMG_00872_annotation_000,Manhole,0.6733,0.5012,0.2067,0.0675
IMG_00872,IMG_00872_annotation_001,Surface depression,0.3892,0.7212,0.7783,0.365
IMG_00873,IMG_00873_annotation_000,Pothole,0.5533,0.5856,0.2033,0.1013
IMG_00874,IMG_00874_annotation_000,Pothole,0.4325,0.5875,0.545,0.1825
IMG_00874,IMG_00874_annotation_001,Manhole,0.4275,0.355,0.3083,0.08
IMG_00875,IMG_00875_annotation_000,Pothole,0.4517,0.385,0.2533,0.105
IMG_00875,IMG_00875_annotation_001,Surface depression,0.3867,0.6875,0.3033,0.2475
IMG_00875,IMG_00875_annotation_002,Pothole,0.5067,0.2881,0.0967,0.0437
IMG_00876,IMG_00876_annotation_000,Pothole,0.365,0.6438,0.4533,0.305
IMG_00876,IMG_00876_annotation_001,Pothole,0.4625,0.3869,0.1417,0.0762
IMG_00877,IMG_00877_annotation_000,Pothole,0.4067,0.6375,0.3867,0.3725
IMG_00878,IMG_00878_annotation_000,Road patch failure,0.4706,0.7692,0.3088,0.4617
IMG_00879,IMG_00879_annotation_000,Surface depression,0.6292,0.5656,0.525,0.2762
IMG_00881,IMG_00881_annotation_000,Manhole,0.59,0.6056,0.3733,0.1588
IMG_00882,IMG_00882_annotation_000,Pothole,0.53,0.6381,0.4033,0.1487
IMG_00882,IMG_00882_annotation_001,Manhole,0.9042,0.75,0.1917,0.1725
IMG_00882,IMG_00882_annotation_002,Pothole,0.9383,0.52,0.1233,0.14
IMG_00883,IMG_00883_annotation_000,Manhole,0.4925,0.7081,0.295,0.1313
IMG_00883,IMG_00883_annotation_001,Surface depression,0.4308,0.5075,0.1317,0.1125
IMG_00884,IMG_00884_annotation_000,Manhole,0.4617,0.4938,0.16,0.0475
IMG_00884,IMG_00884_annotation_001,Pothole,0.6633,0.5519,0.3133,0.0862
IMG_00885,IMG_00885_annotation_000,Surface depression,0.6392,0.6844,0.185,0.2712
IMG_00885,IMG_00885_annotation_001,Manhole,0.6383,0.4888,0.1533,0.0425
IMG_00885,IMG_00885_annotation_002,Pothole,0.86,0.515,0.2433,0.0625
IMG_00886,IMG_00886_annotation_000,Manhole,0.4583,0.6225,0.3767,0.13
IMG_00887,IMG_00887_annotation_000,Manhole,0.4308,0.5431,0.2917,0.0887
IMG_00887,IMG_00887_annotation_001,Manhole,0.9033,0.7206,0.1933,0.2137
IMG_00888,IMG_00888_annotation_000,Manhole,0.295,0.6006,0.2533,0.0587
IMG_00888,IMG_00888_annotation_001,Manhole,0.8017,0.7575,0.3967,0.175
IMG_00889,IMG_00889_annotation_000,Manhole,0.4267,0.6012,0.2333,0.0725
IMG_00889,IMG_00889_annotation_001,Surface depression,0.6658,0.6238,0.1917,0.135
IMG_00889,IMG_00889_annotation_002,Surface depression,0.1883,0.7706,0.3167,0.2888
IMG_00890,IMG_00890_annotation_000,Manhole,0.5175,0.5737,0.2383,0.065
IMG_00890,IMG_00890_annotation_001,Road patch failure,0.8267,0.6344,0.16,0.0712
IMG_00891,IMG_00891_annotation_000,Manhole,0.5317,0.4956,0.2,0.0638
IMG_00892,IMG_00892_annotation_000,Pothole,0.6,0.7538,0.4167,0.2075
IMG_00893,IMG_00893_annotation_000,Surface depression,0.59,0.7094,0.7867,0.0963
IMG_00893,IMG_00893_annotation_001,Manhole,0.4342,0.4363,0.165,0.045
IMG_00893,IMG_00893_annotation_002,Pothole,0.8308,0.5256,0.2483,0.0638
IMG_00894,IMG_00894_annotation_000,Surface depression,0.6333,0.6725,0.6533,0.1125
IMG_00895,IMG_00895_annotation_000,Manhole,0.7133,0.6269,0.3933,0.0938
IMG_00895,IMG_00895_annotation_001,Surface depression,0.5917,0.8375,0.25,0.325
IMG_00896,IMG_00896_annotation_000,Surface depression,0.465,0.5856,0.7233,0.0788
IMG_00896,IMG_00896_annotation_001,Surface depression,0.5258,0.8431,0.9483,0.2963
IMG_00897,IMG_00897_annotation_000,Surface depression,0.5563,0.5333,0.3,0.1467
IMG_00897,IMG_00897_annotation_001,Surface depression,0.1819,0.6242,0.3237,0.2283
IMG_00897,IMG_00897_annotation_002,Surface depression,0.8912,0.4642,0.2175,0.135
IMG_00897,IMG_00897_annotation_003,Road patch failure,0.6225,0.3292,0.1625,0.085
IMG_00898,IMG_00898_annotation_000,Surface depression,0.355,0.7706,0.36,0.1388
IMG_00898,IMG_00898_annotation_001,Surface depression,0.2908,0.5737,0.3283,0.1
IMG_00899,IMG_00899_annotation_000,Road patch failure,0.6506,0.4958,0.3837,0.085
IMG_00900,IMG_00900_annotation_000,Surface depression,0.5906,0.6333,0.7762,0.0967
IMG_00901,IMG_00901_annotation_000,Manhole,0.4083,0.7669,0.3233,0.1113
IMG_00901,IMG_00901_annotation_001,Surface depression,0.6183,0.53,0.64,0.0625
IMG_00902,IMG_00902_annotation_000,Manhole,0.7875,0.6969,0.3717,0.2137
IMG_00902,IMG_00902_annotation_001,Manhole,0.4208,0.6787,0.3817,0.1525
IMG_00902,IMG_00902_annotation_002,Pothole,0.3892,0.3319,0.1017,0.0312
IMG_00903,IMG_00903_annotation_000,Surface depression,0.41,0.77,0.5767,0.235
IMG_00903,IMG_00903_annotation_001,Surface depression,0.7858,0.4044,0.1517,0.0938
IMG_00904,IMG_00904_annotation_000,Surface depression,0.5225,0.6706,0.515,0.3463
IMG_00905,IMG_00905_annotation_000,Manhole,0.2525,0.7056,0.3583,0.1113
IMG_00905,IMG_00905_annotation_001,Surface depression,0.5442,0.5344,0.6217,0.1062
IMG_00906,IMG_00906_annotation_000,Manhole,0.5508,0.4669,0.1417,0.0413
IMG_00906,IMG_00906_annotation_001,Surface depression,0.4583,0.5831,0.25,0.1988
IMG_00907,IMG_00907_annotation_000,Manhole,0.53,0.5856,0.2833,0.1013
IMG_00907,IMG_00907_annotation_001,Surface depression,0.5825,0.8306,0.4183,0.3387
IMG_00907,IMG_00907_annotation_002,Surface depression,0.7183,0.475,0.1567,0.1125
IMG_00907,IMG_00907_annotation_003,Surface depression,0.8633,0.6169,0.2733,0.1212
IMG_00907,IMG_00907_annotation_004,Surface depression,0.195,0.6025,0.39,0.0925
IMG_00908,IMG_00908_annotation_000,Manhole,0.7267,0.7194,0.3967,0.1837
IMG_00908,IMG_00908_annotation_001,Surface depression,0.2075,0.6069,0.415,0.2238
IMG_00908,IMG_00908_annotation_002,Surface depression,0.6875,0.5294,0.205,0.1462
IMG_00909,IMG_00909_annotation_000,Surface depression,0.5,0.6919,1,0.2612
IMG_00909,IMG_00909_annotation_001,Manhole,0.1492,0.545,0.255,0.0575
IMG_00910,IMG_00910_annotation_000,Manhole,0.7525,0.7981,0.495,0.2838
IMG_00910,IMG_00910_annotation_001,Surface depression,0.2967,0.4688,0.5433,0.3675
IMG_00911,IMG_00911_annotation_000,Manhole,0.6692,0.4425,0.215,0.0625
IMG_00911,IMG_00911_annotation_001,Surface depression,0.5617,0.7481,0.79,0.1288
IMG_00911,IMG_00911_annotation_002,Surface depression,0.2908,0.4219,0.5783,0.0762
IMG_00911,IMG_00911_annotation_003,Surface depression,0.7983,0.5406,0.2433,0.1237
IMG_00912,IMG_00912_annotation_000,Surface depression,0.4417,0.6963,0.8333,0.4125
IMG_00913,IMG_00913_annotation_000,Manhole,0.5108,0.5606,0.4483,0.2087
IMG_00914,IMG_00914_annotation_000,Surface depression,0.5175,0.615,0.9117,0.325
IMG_00915,IMG_00915_annotation_000,Surface depression,0.7083,0.5894,0.4767,0.2888
IMG_00916,IMG_00916_annotation_000,Surface depression,0.7108,0.6081,0.5317,0.2062
IMG_00916,IMG_00916_annotation_001,Surface depression,0.3308,0.5038,0.325,0.1075
IMG_00917,IMG_00917_annotation_000,Manhole,0.5625,0.8387,0.5983,0.27
IMG_00917,IMG_00917_annotation_001,Manhole,0.6683,0.4475,0.2133,0.055
IMG_00918,IMG_00918_annotation_000,Manhole,0.5642,0.5156,0.3717,0.1163
IMG_00919,IMG_00919_annotation_000,Surface depression,0.2658,0.7481,0.4883,0.2412
IMG_00919,IMG_00919_annotation_001,Surface depression,0.7583,0.57,0.4833,0.2275
IMG_00920,IMG_00920_annotation_000,Manhole,0.6483,0.7031,0.3133,0.1537
IMG_00920,IMG_00920_annotation_001,Road patch failure,0.9117,0.7244,0.16,0.0788
IMG_00920,IMG_00920_annotation_002,Manhole,0.5908,0.5319,0.2817,0.0838
IMG_00921,IMG_00921_annotation_000,Manhole,0.3733,0.5331,0.2667,0.0938
IMG_00921,IMG_00921_annotation_001,Pothole,0.7583,0.6519,0.4833,0.1588
IMG_00922,IMG_00922_annotation_000,Manhole,0.5333,0.6094,0.28,0.0887
IMG_00922,IMG_00922_annotation_001,Surface depression,0.5625,0.525,0.195,0.0875
IMG_00924,IMG_00924_annotation_000,Manhole,0.8375,0.6406,0.3083,0.1037
IMG_00924,IMG_00924_annotation_001,Pothole,0.3617,0.4844,0.1567,0.0362
IMG_00924,IMG_00924_annotation_002,Surface depression,0.5725,0.5694,0.735,0.0838
IMG_00925,IMG_00925_annotation_000,Surface depression,0.4367,0.6281,0.5167,0.3412
IMG_00926,IMG_00926_annotation_000,Surface depression,0.5737,0.5267,0.7925,0.3667
IMG_00926,IMG_00926_annotation_001,Manhole,0.6094,0.3042,0.0938,0.0617
IMG_00926,IMG_00926_annotation_002,Manhole,0.3206,0.2367,0.1062,0.0533
IMG_00927,IMG_00927_annotation_000,Manhole,0.7225,0.6406,0.3283,0.1338
IMG_00928,IMG_00928_annotation_000,Manhole,0.6008,0.4925,0.205,0.0725
IMG_00928,IMG_00928_annotation_001,Surface depression,0.3308,0.6488,0.4283,0.21
IMG_00929,IMG_00929_annotation_000,Manhole,0.2333,0.6881,0.27,0.0938
IMG_00929,IMG_00929_annotation_001,Surface depression,0.8017,0.6144,0.3967,0.1363
IMG_00930,IMG_00930_annotation_000,Manhole,0.3233,0.8413,0.6133,0.285
IMG_00930,IMG_00930_annotation_001,Manhole,0.415,0.3919,0.1333,0.0413
IMG_00930,IMG_00930_annotation_002,Pothole,0.15,0.4487,0.2233,0.0475
IMG_00931,IMG_00931_annotation_000,Manhole,0.4792,0.6475,0.345,0.135
IMG_00932,IMG_00932_annotation_000,Surface depression,0.4728,0.4904,0.484,0.0865
IMG_00932,IMG_00932_annotation_001,Surface depression,0.758,0.8281,0.484,0.3438
IMG_00933,IMG_00933_annotation_000,Surface depression,0.5465,0.6635,0.8622,0.1514
IMG_00934,IMG_00934_annotation_000,Manhole,0.7588,0.6316,0.2933,0.1286
IMG_00934,IMG_00934_annotation_001,Surface depression,0.508,0.6034,0.1987,0.1587
IMG_00934,IMG_00934_annotation_002,Surface depression,0.5873,0.3431,0.0881,0.0445
IMG_00935,IMG_00935_annotation_000,Surface depression,0.7139,0.5811,0.5144,0.107
IMG_00936,IMG_00936_annotation_000,Road patch failure,0.3854,0.5349,0.1587,0.0721
IMG_00936,IMG_00936_annotation_001,Pothole,0.7444,0.4201,0.0785,0.0469
IMG_00937,IMG_00937_annotation_000,Manhole,0.4864,0.6286,0.3958,0.1394
IMG_00937,IMG_00937_annotation_001,Surface depression,0.5288,0.3996,0.1635,0.2512
IMG_00938,IMG_00938_annotation_000,Miscellaneous abnormality,0.7973,0.5745,0.4054,0.1635
IMG_00939,IMG_00939_annotation_000,Miscellaneous abnormality,0.7404,0.5349,0.5192,0.2524
IMG_00939,IMG_00939_annotation_001,Surface depression,0.3349,0.3768,0.2821,0.1334
IMG_00940,IMG_00940_annotation_000,Surface depression,0.6787,0.5535,0.1587,0.1575
IMG_00940,IMG_00940_annotation_001,Surface depression,0.8782,0.6436,0.2436,0.2103
IMG_00941,IMG_00941_annotation_000,Surface depression,0.4175,0.6689,0.5304,0.3834
IMG_00941,IMG_00941_annotation_001,Surface depression,0.8149,0.7957,0.3702,0.4087
IMG_00941,IMG_00941_annotation_002,Surface depression,0.3598,0.3972,0.1202,0.1454
IMG_00942,IMG_00942_annotation_000,Crack,0.5761,0.8576,0.601,0.2849
IMG_00943,IMG_00943_annotation_000,Surface depression,0.5152,0.7572,0.7131,0.4856
IMG_00944,IMG_00944_annotation_000,Miscellaneous abnormality,0.4688,0.5132,0.1522,0.125
IMG_00945,IMG_00945_annotation_000,Miscellaneous abnormality,0.8109,0.4165,0.3782,0.1935
IMG_00946,IMG_00946_annotation_000,Surface depression,0.3518,0.5697,0.5946,0.3582
IMG_00947,IMG_00947_annotation_000,Surface depression,0.391,0.6971,0.6058,0.6058
IMG_00948,IMG_00948_annotation_000,Surface depression,0.242,0.6959,0.484,0.2236
IMG_00949,IMG_00949_annotation_000,Surface depression,0.4343,0.39,0.6699,0.2368
IMG_00950,IMG_00950_annotation_000,Surface depression,0.367,0.4357,0.25,0.0541
IMG_00950,IMG_00950_annotation_001,Surface depression,0.6931,0.5108,0.3734,0.0721
IMG_00950,IMG_00950_annotation_002,Surface depression,0.1106,0.4363,0.2212,0.0673
IMG_00950,IMG_00950_annotation_003,Road patch failure,0.7252,0.4225,0.3702,0.0613
IMG_00951,IMG_00951_annotation_000,Surface depression,0.4143,0.4201,0.149,0.1286
IMG_00951,IMG_00951_annotation_001,Pothole,0.5449,0.3822,0.0929,0.0409
IMG_00952,IMG_00952_annotation_000,Surface depression,0.6122,0.0811,0.2596,0.1358
IMG_00952,IMG_00952_annotation_001,Surface depression,0.7171,0.2362,0.2772,0.1094
IMG_00953,IMG_00953_annotation_000,Surface depression,0.4776,0.4225,0.3333,0.1502
IMG_00954,IMG_00954_annotation_000,Pothole,0.6138,0.4579,0.3526,0.0745
IMG_00955,IMG_00955_annotation_000,Surface depression,0.5753,0.4147,0.359,0.0769
IMG_00956,IMG_00956_annotation_000,Pothole,0.5088,0.4669,0.2035,0.0517
IMG_00957,IMG_00957_annotation_000,Pothole,0.5521,0.479,0.1811,0.0685
IMG_00957,IMG_00957_annotation_001,Surface depression,0.5561,0.7752,0.8878,0.4495
IMG_00958,IMG_00958_annotation_000,Pothole,0.3726,0.3468,0.3446,0.1118
IMG_00959,IMG_00959_annotation_000,Manhole,0.3734,0.2957,0.1603,0.0385
IMG_00960,IMG_00960_annotation_000,Surface depression,0.7612,0.5535,0.4776,0.2536
IMG_00961,IMG_00961_annotation_000,Surface depression,0.5393,0.4056,0.2548,0.1214
IMG_00961,IMG_00961_annotation_001,Manhole,0.4327,0.3377,0.0994,0.024
IMG_00961,IMG_00961_annotation_002,Surface depression,0.8822,0.6196,0.2356,0.2224
IMG_00962,IMG_00962_annotation_000,Surface depression,0.633,0.4718,0.1122,0.0805
IMG_00962,IMG_00962_annotation_001,Surface depression,0.7684,0.5751,0.1651,0.1406
IMG_00962,IMG_00962_annotation_002,Surface depression,0.8909,0.6532,0.2176,0.1046
IMG_00963,IMG_00963_annotation_000,Surface depression,0.3502,0.4062,0.1522,0.0938
IMG_00963,IMG_00963_annotation_001,Surface depression,0.4872,0.4982,0.2244,0.1478
IMG_00963,IMG_00963_annotation_002,Surface depression,0.7035,0.613,0.3333,0.1755
IMG_00964,IMG_00964_annotation_000,Surface depression,0.8333,0.5042,0.3045,0.369
IMG_00964,IMG_00964_annotation_001,Surface depression,0.3301,0.0673,0.0769,0.0457
IMG_00965,IMG_00965_annotation_000,Pothole,0.4559,0.399,0.117,0.0577
IMG_00965,IMG_00965_annotation_001,Surface depression,0.8726,0.8023,0.2548,0.3954
IMG_00966,IMG_00966_annotation_000,Pothole,0.8534,0.5589,0.2933,0.2788
IMG_00966,IMG_00966_annotation_001,Surface depression,0.597,0.4243,0.2612,0.1803
IMG_00967,IMG_00967_annotation_000,Manhole,0.8037,0.6532,0.2548,0.107
IMG_00967,IMG_00967_annotation_001,Surface depression,0.1979,0.4838,0.3958,0.0733
IMG_00968,IMG_00968_annotation_000,Manhole,0.8381,0.503,0.2853,0.1478
IMG_00969,IMG_00969_annotation_000,Surface depression,0.8005,0.8173,0.399,0.3654
IMG_00970,IMG_00970_annotation_000,Manhole,0.5817,0.6917,0.3622,0.1575
IMG_00970,IMG_00970_annotation_001,Surface depression,0.8958,0.4375,0.1987,0.0697
IMG_00970,IMG_00970_annotation_002,Manhole,0.4095,0.4171,0.1458,0.0361
IMG_00971,IMG_00971_annotation_000,Surface depression,0.5232,0.4069,0.2612,0.0565
IMG_00972,IMG_00972_annotation_000,Surface depression,0.8285,0.4135,0.3429,0.1298
IMG_00972,IMG_00972_annotation_001,Surface depression,0.3534,0.4399,0.2163,0.1034
IMG_00972,IMG_00972_annotation_002,Manhole,0.5601,0.4165,0.1779,0.0589
IMG_00972,IMG_00972_annotation_003,Manhole,0.5721,0.3516,0.125,0.0421
IMG_00972,IMG_00972_annotation_004,Manhole,0.2877,0.3672,0.1619,0.0373
IMG_00972,IMG_00972_annotation_005,Surface depression,0.1202,0.6887,0.1987,0.363
IMG_00972,IMG_00972_annotation_006,Manhole,0.8726,0.5739,0.2548,0.0974
IMG_00973,IMG_00973_annotation_000,Surface depression,0.6867,0.345,0.3253,0.0986
IMG_00974,IMG_00974_annotation_000,Surface depression,0.6322,0.488,0.7356,0.1466
IMG_00975,IMG_00975_annotation_000,Surface depression,0.4992,0.36,0.1971,0.1454
IMG_00975,IMG_00975_annotation_001,Surface depression,0.8438,0.4663,0.3125,0.1707
IMG_00977,IMG_00977_annotation_000,Surface depression,0.5897,0.7512,0.8205,0.4976
IMG_00980,IMG_00980_annotation_000,Pothole,0.5561,0.3936,0.2596,0.0757
IMG_00981,IMG_00981_annotation_000,Surface depression,0.5168,0.3618,0.2772,0.0553
IMG_00982,IMG_00982_annotation_000,Road patch failure,0.8373,0.5294,0.2035,0.095
IMG_00983,IMG_00983_annotation_000,Pothole,0.4639,0.5956,0.3413,0.1334
IMG_00984,IMG_00984_annotation_000,Pothole,0.2796,0.4195,0.3317,0.113
IMG_00985,IMG_00985_annotation_000,Surface depression,0.6923,0.607,0.6154,0.4135
IMG_00986,IMG_00986_annotation_000,Surface depression,0.5312,0.4808,0.2292,0.0769
IMG_00987,IMG_00987_annotation_000,Surface depression,0.6474,0.5234,0.7051,0.2296
IMG_00988,IMG_00988_annotation_000,Surface depression,0.5048,0.6256,0.9904,0.7488
IMG_00990,IMG_00990_annotation_000,Surface depression,0.5962,0.7374,0.8077,0.5252
IMG_00993,IMG_00993_annotation_000,Surface depression,0.738,0.6881,0.524,0.6238
IMG_00993,IMG_00993_annotation_001,Surface depression,0.2452,0.7331,0.4904,0.5334
IMG_00994,IMG_00994_annotation_000,Surface depression,0.7107,0.2957,0.1843,0.0697
IMG_00995,IMG_00995_annotation_000,Surface depression,0.6442,0.7248,0.7115,0.5505
IMG_00995,IMG_00995_annotation_001,Pothole,0.0905,0.3678,0.1811,0.0938
IMG_00995,IMG_00995_annotation_002,Surface depression,0.4776,0.3798,0.5224,0.0913
IMG_00996,IMG_00996_annotation_000,Surface depression,0.4928,0.4615,0.3413,0.1683
IMG_00996,IMG_00996_annotation_001,Surface depression,0.7787,0.6286,0.442,0.3077
IMG_00997,IMG_00997_annotation_000,Surface depression,0.8462,0.363,0.3077,0.1659
IMG_00999,IMG_00999_annotation_000,Crack,0.3438,0.7398,0.4311,0.4964
IMG_01000,IMG_01000_annotation_000,Surface depression,0.6843,0.5391,0.6314,0.1334
IMG_01001,IMG_01001_annotation_000,Manhole,0.73,0.3774,0.2067,0.0697
IMG_01001,IMG_01001_annotation_001,Surface depression,0.3429,0.4117,0.5641,0.0829
IMG_01002,IMG_01002_annotation_000,Pothole,0.7829,0.5078,0.4343,0.119
IMG_01002,IMG_01002_annotation_001,Surface depression,0.3061,0.5312,0.4551,0.1514
IMG_01003,IMG_01003_annotation_000,Surface depression,0.7564,0.7194,0.4872,0.5613
IMG_01004,IMG_01004_annotation_000,Surface depression,0.4119,0.3726,0.3878,0.1058
IMG_01006,IMG_01006_annotation_000,Manhole,0.5144,0.646,0.3526,0.1767
IMG_01006,IMG_01006_annotation_001,Pothole,0.4199,0.3239,0.1763,0.0469
IMG_01006,IMG_01006_annotation_002,Pothole,0.4431,0.28,0.1426,0.0361
IMG_01006,IMG_01006_annotation_003,Surface depression,0.1466,0.7434,0.2484,0.1671
IMG_01006,IMG_01006_annotation_004,Surface depression,0.8582,0.6599,0.2837,0.1707
IMG_01007,IMG_01007_annotation_000,Manhole,0.6635,0.6737,0.6058,0.3209
IMG_01007,IMG_01007_annotation_001,Surface depression,0.1907,0.2398,0.2404,0.0781
IMG_01008,IMG_01008_annotation_000,Surface depression,0.6409,0.6227,0.7181,0.2497
IMG_01008,IMG_01008_annotation_001,Pothole,0.2951,0.3447,0.2635,0.0858
IMG_01009,IMG_01009_annotation_000,Manhole,0.5106,0.347,0.1593,0.0536
IMG_01009,IMG_01009_annotation_001,Surface depression,0.384,0.3194,0.1307,0.0352
IMG_01009,IMG_01009_annotation_002,Pothole,0.5494,0.4603,0.2451,0.0812
IMG_01009,IMG_01009_annotation_003,Surface depression,0.6362,0.3592,0.1083,0.0659
IMG_01010,IMG_01010_annotation_000,Surface depression,0.479,0.3485,0.3002,0.1915
IMG_01010,IMG_01010_annotation_001,Surface depression,0.6842,0.6947,0.3799,0.3876
IMG_01010,IMG_01010_annotation_002,Pothole,0.3513,0.674,0.192,0.1103
IMG_01011,IMG_01011_annotation_000,Surface depression,0.2053,0.2221,0.0715,0.0306
IMG_01011,IMG_01011_annotation_001,Surface depression,0.2451,0.2612,0.0613,0.023
IMG_01011,IMG_01011_annotation_002,Surface depression,0.3482,0.3079,0.1859,0.0551
IMG_01012,IMG_01012_annotation_000,Surface depression,0.8605,0.8117,0.279,0.3765
IMG_01012,IMG_01012_annotation_001,Pothole,0.384,0.2918,0.1838,0.0628
IMG_01013,IMG_01013_annotation_000,Manhole,0.5065,0.311,0.192,0.0643
IMG_01013,IMG_01013_annotation_001,Surface depression,0.7077,0.5101,0.3288,0.1777
IMG_01014,IMG_01014_annotation_000,Pothole,0.4657,0.2865,0.2206,0.0674
IMG_01015,IMG_01015_annotation_000,Pothole,0.6025,0.5813,0.4167,0.2252
IMG_01016,IMG_01016_annotation_000,Manhole,0.6812,0.4442,0.2145,0.0827
IMG_01016,IMG_01016_annotation_001,Surface depression,0.4851,0.3339,0.1695,0.1134
IMG_01017,IMG_01017_annotation_000,Surface depression,0.8156,0.7537,0.3689,0.4626
IMG_01017,IMG_01017_annotation_001,Surface depression,0.4708,0.4251,0.3002,0.1823
IMG_01018,IMG_01018_annotation_000,Surface depression,0.5137,0.3807,0.1695,0.1945
IMG_01019,IMG_01019_annotation_000,Surface depression,0.4694,0.5597,0.2393,0.1174
IMG_01020,IMG_01020_annotation_000,Surface depression,0.4613,0.7573,0.506,0.334
IMG_01021,IMG_01021_annotation_000,Surface depression,0.4464,0.8844,0.4067,0.2312
IMG_01023,IMG_01023_annotation_000,Surface depression,0.4235,0.6415,0.222,0.3075
IMG_01024,IMG_01024_annotation_000,Surface depression,0.4532,0.6936,0.1451,0.1968
IMG_01025,IMG_01025_annotation_000,Manhole,0.5097,0.6705,0.1364,0.0876
IMG_01025,IMG_01025_annotation_001,Surface depression,0.7945,0.6713,0.411,0.2546
IMG_01026,IMG_01026_annotation_000,Manhole,0.4694,0.7217,0.1451,0.1273
IMG_01027,IMG_01027_annotation_000,Manhole,0.5239,0.8614,0.279,0.1786
IMG_01028,IMG_01028_annotation_000,Surface depression,0.5202,0.5407,0.2617,0.1885
IMG_01029,IMG_01029_annotation_000,Pothole,0.5308,0.5944,0.2902,0.1538
IMG_01030,IMG_01030_annotation_000,Surface depression,0.3423,0.7234,0.6771,0.1438
IMG_01031,IMG_01031_annotation_000,Crack,0.7168,0.749,0.129,0.3142
IMG_01032,IMG_01032_annotation_000,Surface depression,0.5128,0.7027,0.2716,0.2149
IMG_01033,IMG_01033_annotation_000,Road patch failure,0.5022,0.663,0.0818,0.0992
IMG_01034,IMG_01034_annotation_000,Surface depression,0.5326,0.5655,0.1426,0.0628
IMG_01035,IMG_01035_annotation_000,Surface depression,0.6447,0.8032,0.7106,0.3936
IMG_01036,IMG_01036_annotation_000,Manhole,0.4886,0.4514,0.2001,0.0744
IMG_01036,IMG_01036_annotation_001,Surface depression,0.3604,0.5754,0.582,0.1538
IMG_01037,IMG_01037_annotation_000,Manhole,0.7887,0.5518,0.1951,0.067
IMG_01037,IMG_01037_annotation_001,Surface depression,0.4936,0.6913,0.4646,0.1848
IMG_01038,IMG_01038_annotation_000,Surface depression,0.6829,0.5549,0.2216,0.16
IMG_01038,IMG_01038_annotation_001,Manhole,0.1174,0.4948,0.2348,0.0719
IMG_01038,IMG_01038_annotation_002,Surface depression,0.4059,0.5134,0.2728,0.1538
IMG_01039,IMG_01039_annotation_000,Surface depression,0.5374,0.581,0.2381,0.1525
IMG_01040,IMG_01040_annotation_000,Surface depression,0.401,0.6058,0.4845,0.1773
IMG_01041,IMG_01041_annotation_000,Surface depression,0.4993,0.5661,0.2017,0.1302
IMG_01042,IMG_01042_annotation_000,Surface depression,0.5754,0.705,0.3208,0.1277
IMG_01043,IMG_01043_annotation_000,Surface depression,0.5357,0.5605,0.1554,0.0694
IMG_01044,IMG_01044_annotation_000,Surface depression,0.6068,0.6281,0.2778,0.1352
IMG_01045,IMG_01045_annotation_000,Manhole,0.9158,0.581,0.1683,0.093
IMG_01045,IMG_01045_annotation_001,Surface depression,0.3472,0.7803,0.2943,0.4395
IMG_01046,IMG_01046_annotation_000,Manhole,0.1596,0.5475,0.1736,0.0707
IMG_01046,IMG_01046_annotation_001,Surface depression,0.6721,0.6293,0.6399,0.1897
IMG_01048,IMG_01048_annotation_000,Manhole,0.4936,0.5878,0.2364,0.0719
IMG_01049,IMG_01049_annotation_000,Manhole,0.5093,0.8061,0.5357,0.2183
IMG_01049,IMG_01049_annotation_001,Surface depression,0.1248,0.7521,0.2199,0.15
IMG_01050,IMG_01050_annotation_000,Surface depression,0.7786,0.6684,0.4428,0.2505
IMG_01051,IMG_01051_annotation_000,Surface depression,0.2397,0.6622,0.4762,0.248
IMG_01052,IMG_01052_annotation_000,Manhole,0.5241,0.7391,0.3505,0.0868
IMG_01052,IMG_01052_annotation_001,Surface depression,0.5025,0.8051,0.995,0.3899
IMG_01053,IMG_01053_annotation_000,Surface depression,0.3051,0.8429,0.5473,0.3142
IMG_01053,IMG_01053_annotation_001,Road patch failure,0.3224,0.5332,0.1554,0.1066
IMG_01053,IMG_01053_annotation_002,Road patch failure,0.5117,0.6076,0.21,0.0843
IMG_01053,IMG_01053_annotation_003,Manhole,0.8745,0.7521,0.251,0.1079
IMG_01054,IMG_01054_annotation_000,Manhole,0.0794,0.7044,0.1587,0.1463
IMG_01054,IMG_01054_annotation_001,Surface depression,0.5852,0.713,0.8297,0.2902
IMG_01055,IMG_01055_annotation_000,Surface depression,0.4737,0.7168,0.2166,0.0967
IMG_01056,IMG_01056_annotation_000,Manhole,0.6614,0.5388,0.2216,0.0533
IMG_01056,IMG_01056_annotation_001,Surface depression,0.5909,0.5841,0.8181,0.1687
IMG_01057,IMG_01057_annotation_000,Surface depression,0.5622,0.6913,0.2315,0.1376
IMG_01057,IMG_01057_annotation_001,Surface depression,0.148,0.5816,0.296,0.2505
IMG_01058,IMG_01058_annotation_000,Surface depression,0.5522,0.6802,0.8929,0.155
IMG_01059,IMG_01059_annotation_000,Surface depression,0.4043,0.6045,0.2397,0.1897
IMG_01059,IMG_01059_annotation_001,Surface depression,0.7447,0.8416,0.5106,0.3167
IMG_01060,IMG_01060_annotation_000,Surface depression,0.501,0.6734,0.3571,0.1959
IMG_01061,IMG_01061_annotation_000,Surface depression,0.5713,0.607,0.3786,0.1228
IMG_01062,IMG_01062_annotation_000,Manhole,0.506,0.5928,0.4134,0.1414
IMG_01062,IMG_01062_annotation_001,Surface depression,0.2431,0.7858,0.4167,0.1803
IMG_01063,IMG_01063_annotation_000,Road patch failure,0.5332,0.5512,0.167,0.0732
IMG_01064,IMG_01064_annotation_000,Manhole,0.4845,0.5692,0.2712,0.0595
IMG_01065,IMG_01065_annotation_000,Manhole,0.5026,0.6969,0.2778,0.0893
IMG_01066,IMG_01066_annotation_000,Manhole,0.5514,0.5556,0.2894,0.1042
IMG_01067,IMG_01067_annotation_000,Surface depression,0.5316,0.6368,0.2563,0.2319
IMG_01068,IMG_01068_annotation_000,Pothole,0.4696,0.6231,0.4134,0.1203
IMG_01069,IMG_01069_annotation_000,Surface depression,0.5033,0.7139,0.9934,0.5722
IMG_01070,IMG_01070_annotation_000,Manhole,0.4861,0.5785,0.1687,0.0558
IMG_01071,IMG_01071_annotation_000,Manhole,0.5357,0.5723,0.2381,0.0707
IMG_01072,IMG_01072_annotation_000,Manhole,0.506,0.6374,0.248,0.1017
IMG_01073,IMG_01073_annotation_000,Manhole,0.4911,0.6231,0.162,0.0508
IMG_01074,IMG_01074_annotation_000,Manhole,0.6349,0.6684,0.3571,0.1339
IMG_01075,IMG_01075_annotation_000,Manhole,0.7937,0.6256,0.2017,0.0657
IMG_01075,IMG_01075_annotation_001,Pothole,0.7465,0.506,0.1339,0.0298
IMG_01075,IMG_01075_annotation_002,Surface depression,0.5308,0.6337,0.3142,0.0496
IMG_01076,IMG_01076_annotation_000,Manhole,0.4973,0.6804,0.1587,0.0645
IMG_01076,IMG_01076_annotation_001,Surface depression,0.6789,0.7664,0.3088,0.1009
IMG_01076,IMG_01076_annotation_002,Surface depression,0.3838,0.6837,0.1575,0.1703
IMG_01077,IMG_01077_annotation_000,Manhole,0.5165,0.6614,0.1054,0.0562
IMG_01079,IMG_01079_annotation_000,Manhole,0.7788,0.6021,0.1753,0.0682
IMG_01079,IMG_01079_annotation_001,Surface depression,0.42,0.7037,0.3274,0.2493
IMG_01080,IMG_01080_annotation_000,Manhole,0.3803,0.6603,0.2183,0.0682
IMG_01080,IMG_01080_annotation_001,Surface depression,0.0703,0.8178,0.1405,0.2914
IMG_01081,IMG_01081_annotation_000,Surface depression,0.4919,0.5735,0.0942,0.1153
IMG_01081,IMG_01081_annotation_001,Surface depression,0.5572,0.7292,0.1786,0.2009
IMG_01081,IMG_01081_annotation_002,Surface depression,0.6308,0.911,0.2464,0.1776
IMG_01082,IMG_01082_annotation_000,Surface depression,0.5754,0.7025,0.2149,0.284
IMG_01082,IMG_01082_annotation_001,Surface depression,0.5779,0.483,0.124,0.155
IMG_01083,IMG_01083_annotation_000,Surface depression,0.4208,0.81,0.2993,0.38
IMG_01083,IMG_01083_annotation_001,Pothole,0.4754,0.5624,0.3059,0.0508
IMG_01084,IMG_01084_annotation_000,Surface depression,0.5101,0.7161,0.5771,0.2021
IMG_01085,IMG_01085_annotation_000,Manhole,0.4927,0.4688,0.1984,0.0496
IMG_01085,IMG_01085_annotation_001,Manhole,0.7391,0.4731,0.1124,0.0409
IMG_01086,IMG_01086_annotation_000,Manhole,0.1017,0.651,0.2034,0.1612
IMG_01087,IMG_01087_annotation_000,Manhole,0.539,0.5078,0.1786,0.0484
IMG_01087,IMG_01087_annotation_001,Manhole,0.7135,0.6895,0.2133,0.0818
IMG_01087,IMG_01087_annotation_002,Manhole,0.9349,0.6833,0.1303,0.1017
IMG_01087,IMG_01087_annotation_003,Manhole,0.9092,0.5475,0.1815,0.0608
IMG_01088,IMG_01088_annotation_000,Manhole,0.5051,0.6851,0.2001,0.088
IMG_01088,IMG_01088_annotation_001,Manhole,0.853,0.7589,0.294,0.1513
IMG_01088,IMG_01088_annotation_002,Manhole,0.7242,0.5525,0.2017,0.0508
IMG_01088,IMG_01088_annotation_003,Manhole,0.5076,0.4824,0.0926,0.0298
IMG_01088,IMG_01088_annotation_004,Manhole,0.6581,0.4874,0.1323,0.0248
IMG_01088,IMG_01088_annotation_005,Pothole,0.5184,0.4415,0.0711,0.0223
IMG_01089,IMG_01089_annotation_000,Manhole,0.482,0.8234,0.3952,0.1885
IMG_01089,IMG_01089_annotation_001,Manhole,0.477,0.5196,0.1472,0.0521
IMG_01089,IMG_01089_annotation_002,Manhole,0.3828,0.4588,0.0876,0.0322
IMG_01090,IMG_01090_annotation_000,Manhole,0.3332,0.5196,0.2464,0.0868
IMG_01091,IMG_01091_annotation_000,Manhole,0.5093,0.4799,0.1488,0.0546
IMG_01092,IMG_01092_annotation_000,Pothole,0.5514,0.6238,0.4415,0.2158
IMG_01092,IMG_01092_annotation_001,Manhole,0.8805,0.4421,0.0976,0.0335
IMG_01093,IMG_01093_annotation_000,Road patch failure,0.6887,0.7589,0.1604,0.1364
IMG_01094,IMG_01094_annotation_000,Manhole,0.5159,0.5773,0.2149,0.0682
IMG_01095,IMG_01095_annotation_000,Manhole,0.5432,0.6833,0.2067,0.0694
IMG_01096,IMG_01096_annotation_000,Manhole,0.5489,0.6833,0.1753,0.0794
IMG_01097,IMG_01097_annotation_000,Manhole,0.5514,0.6169,0.296,0.098
IMG_01098,IMG_01098_annotation_000,Manhole,0.7035,0.5915,0.1604,0.0521
IMG_01099,IMG_01099_annotation_000,Manhole,0.558,0.5766,0.3092,0.0992
IMG_01100,IMG_01100_annotation_000,Road patch failure,0.6374,0.6262,0.0976,0.0422
IMG_01100,IMG_01100_annotation_001,Surface depression,0.3191,0.8575,0.5159,0.1699
IMG_01101,IMG_01101_annotation_000,Manhole,0.4845,0.6275,0.1753,0.0521
IMG_01101,IMG_01101_annotation_001,Manhole,0.8416,0.5847,0.1687,0.0831
IMG_01101,IMG_01101_annotation_002,Surface depression,0.4696,0.749,0.8929,0.2505
IMG_01102,IMG_01102_annotation_000,Manhole,0.5506,0.5717,0.162,0.0595
IMG_01102,IMG_01102_annotation_001,Manhole,0.1926,0.6393,0.1868,0.0831
IMG_01102,IMG_01102_annotation_002,Surface depression,0.3381,0.7719,0.6763,0.284
IMG_01102,IMG_01102_annotation_003,Surface depression,0.8208,0.5549,0.3585,0.1128
IMG_01103,IMG_01103_annotation_000,Manhole,0.515,0.488,0.1108,0.026
IMG_01103,IMG_01103_annotation_001,Pothole,0.5274,0.5308,0.172,0.0446
IMG_01103,IMG_01103_annotation_002,Surface depression,0.5159,0.6157,0.119,0.1128
IMG_01103,IMG_01103_annotation_003,Surface depression,0.3927,0.7298,0.1637,0.1798
IMG_01103,IMG_01103_annotation_004,Surface depression,0.2612,0.901,0.2811,0.1974
IMG_01104,IMG_01104_annotation_000,Manhole,0.0992,0.8129,0.1984,0.1897
IMG_01104,IMG_01104_annotation_001,Surface depression,0.5002,0.7639,0.4117,0.0893
IMG_01105,IMG_01105_annotation_000,Surface depression,0.5895,0.7719,0.2894,0.4303
IMG_01105,IMG_01105_annotation_001,Surface depression,0.21,0.8243,0.42,0.3514
IMG_01105,IMG_01105_annotation_002,Manhole,0.5274,0.5184,0.2017,0.0645
IMG_01105,IMG_01105_annotation_003,Manhole,0.8581,0.4985,0.1422,0.0496
IMG_01106,IMG_01106_annotation_000,Pothole,0.4663,0.7174,0.4563,0.1873
IMG_01107,IMG_01107_annotation_000,Surface depression,0.8778,0.4799,0.2444,0.0843
IMG_01107,IMG_01107_annotation_001,Surface depression,0.6678,0.7769,0.6644,0.3286
IMG_01108,IMG_01108_annotation_000,Manhole,0.4985,0.6318,0.2927,0.0905
IMG_01108,IMG_01108_annotation_001,Surface depression,0.3886,0.8379,0.7771,0.3242
IMG_01109,IMG_01109_annotation_000,Surface depression,0.2166,0.6052,0.42,0.1042
IMG_01109,IMG_01109_annotation_001,Surface depression,0.6515,0.7323,0.3307,0.2517
IMG_01110,IMG_01110_annotation_000,Manhole,0.5423,0.5704,0.3505,0.1215
IMG_01110,IMG_01110_annotation_001,Pothole,0.2356,0.4514,0.4712,0.0942
IMG_01111,IMG_01111_annotation_000,Surface depression,0.6314,0.7354,0.7371,0.2009
IMG_01112,IMG_01112_annotation_000,Manhole,0.4952,0.5277,0.1802,0.0707
IMG_01112,IMG_01112_annotation_001,Pothole,0.5671,0.6039,0.2646,0.0769
IMG_01112,IMG_01112_annotation_002,Surface depression,0.7515,0.5122,0.2497,0.0521
IMG_01112,IMG_01112_annotation_003,Surface depression,0.5093,0.8398,0.3208,0.3204
IMG_01113,IMG_01113_annotation_000,Manhole,0.3662,0.6095,0.2199,0.0756
IMG_01113,IMG_01113_annotation_001,Surface depression,0.6614,0.6318,0.2315,0.0682
IMG_01113,IMG_01113_annotation_002,Surface depression,0.4688,0.519,0.1935,0.088
IMG_01114,IMG_01114_annotation_000,Surface depression,0.4183,0.6386,0.2348,0.1587
IMG_01115,IMG_01115_annotation_000,Manhole,0.4712,0.6913,0.2679,0.1054
IMG_01116,IMG_01116_annotation_000,Manhole,0.463,0.6281,0.2712,0.1079
IMG_01118,IMG_01118_annotation_000,Manhole,0.5117,0.6597,0.2563,0.0719
IMG_01118,IMG_01118_annotation_001,Surface depression,0.2976,0.8402,0.3472,0.2617
IMG_01118,IMG_01118_annotation_002,Surface depression,0.4514,0.5878,0.2083,0.0595
IMG_01119,IMG_01119_annotation_000,Miscellaneous abnormality,0.4473,0.6727,0.8185,0.1972
IMG_01120,IMG_01120_annotation_000,Miscellaneous abnormality,0.562,0.638,0.876,0.284
IMG_01121,IMG_01121_annotation_000,Surface depression,0.7135,0.6219,0.5208,0.1749
IMG_01122,IMG_01122_annotation_000,Surface depression,0.3695,0.7964,0.7391,0.4072
IMG_01123,IMG_01123_annotation_000,Surface depression,0.6637,0.8534,0.6726,0.2932
IMG_01124,IMG_01124_annotation_000,Manhole,0.6424,0.6256,0.2331,0.1004
IMG_01124,IMG_01124_annotation_001,Crack,0.2447,0.718,0.4894,0.119
IMG_01125,IMG_01125_annotation_000,Manhole,0.0653,0.7068,0.1273,0.1364
IMG_01125,IMG_01125_annotation_001,Crack,0.2381,0.6033,0.1918,0.0955
IMG_01125,IMG_01125_annotation_002,Surface depression,0.6829,0.7912,0.3505,0.2927
IMG_01126,IMG_01126_annotation_000,Surface depression,0.2976,0.735,0.5952,0.53
IMG_01127,IMG_01127_annotation_000,Surface depression,0.6267,0.6665,0.453,0.1972
IMG_01127,IMG_01127_annotation_001,Surface depression,0.8565,0.8798,0.2745,0.2145
IMG_01128,IMG_01128_annotation_000,Surface depression,0.4084,0.7794,0.5093,0.1699
IMG_01129,IMG_01129_annotation_000,Manhole,0.3853,0.4563,0.172,0.0521
IMG_01129,IMG_01129_annotation_001,Pothole,0.5141,0.8315,0.9719,0.1128
IMG_01130,IMG_01130_annotation_000,Manhole,0.4985,0.6932,0.3191,0.1339
IMG_01130,IMG_01130_annotation_001,Surface depression,0.4952,0.5345,0.7192,0.0546
IMG_01131,IMG_01131_annotation_000,Surface depression,0.6695,0.7254,0.661,0.3447
IMG_01131,IMG_01131_annotation_001,Manhole,0.7325,0.5376,0.1422,0.0434
IMG_01132,IMG_01132_annotation_000,Surface depression,0.1753,0.6461,0.3505,0.1042
IMG_01132,IMG_01132_annotation_001,Pothole,0.5448,0.6473,0.3588,0.0918
IMG_01133,IMG_01133_annotation_000,Manhole,0.6283,0.6492,0.2414,0.0831
IMG_01134,IMG_01134_annotation_000,Surface depression,0.2993,0.7075,0.5159,0.1228
IMG_01134,IMG_01134_annotation_001,Surface depression,0.744,0.81,0.3472,0.38
IMG_01135,IMG_01135_annotation_000,Manhole,0.4481,0.7093,0.3274,0.119
IMG_01135,IMG_01135_annotation_001,Surface depression,0.8555,0.6275,0.289,0.2232
IMG_01135,IMG_01135_annotation_002,Surface depression,0.2505,0.581,0.501,0.0781
IMG_01136,IMG_01136_annotation_000,Surface depression,0.6455,0.7465,0.709,0.2034
IMG_01137,IMG_01137_annotation_000,Manhole,0.5258,0.6882,0.2381,0.0719
IMG_01138,IMG_01138_annotation_000,Manhole,0.5349,0.6045,0.2431,0.0732
IMG_01139,IMG_01139_annotation_000,Surface depression,0.3943,0.4179,0.329,0.1414
IMG_01139,IMG_01139_annotation_001,Surface depression,0.7391,0.5841,0.4464,0.2257
IMG_01140,IMG_01140_annotation_000,Pothole,0.4522,0.5996,0.296,0.093
IMG_01141,IMG_01141_annotation_000,Surface depression,0.6763,0.5636,0.3836,0.2319
IMG_01142,IMG_01142_annotation_000,Manhole,0.5473,0.5221,0.1521,0.0694
IMG_01143,IMG_01143_annotation_000,Manhole,0.105,0.6021,0.21,0.098
IMG_01143,IMG_01143_annotation_001,Surface depression,0.4456,0.5773,0.4018,0.1252
IMG_01144,IMG_01144_annotation_000,Surface depression,0.6298,0.5828,0.7404,0.3894
IMG_01145,IMG_01145_annotation_000,Surface depression,0.5455,0.6455,0.9091,0.3361
IMG_01146,IMG_01146_annotation_000,Surface depression,0.5142,0.5252,0.1951,0.1104
IMG_01147,IMG_01147_annotation_000,Surface depression,0.3108,0.4247,0.6217,0.8495
IMG_01148,IMG_01148_annotation_000,Road patch failure,0.4795,0.4774,0.2844,0.1736
IMG_01149,IMG_01149_annotation_000,Surface depression,0.4621,0.6058,0.4481,0.2989
IMG_01150,IMG_01150_annotation_000,Manhole,0.6209,0.3336,0.2695,0.129
IMG_01150,IMG_01150_annotation_001,Surface depression,0.8208,0.5754,0.3585,0.3423
IMG_01150,IMG_01150_annotation_002,Road patch failure,0.1124,0.1749,0.2249,0.2207
IMG_01151,IMG_01151_annotation_000,Surface depression,0.5041,0.5572,0.9859,0.5192
IMG_01152,IMG_01152_annotation_000,Manhole,0.4787,0.5084,0.3621,0.1538
IMG_01153,IMG_01153_annotation_000,Surface depression,0.6523,0.4247,0.6796,0.2666
IMG_01154,IMG_01154_annotation_000,Surface depression,0.5051,0.4452,0.5969,0.2207
IMG_01154,IMG_01154_annotation_001,Surface depression,0.7399,0.6957,0.3654,0.2356
IMG_01155,IMG_01155_annotation_000,Surface depression,0.6736,0.5074,0.6528,0.9851
IMG_01156,IMG_01156_annotation_000,Surface depression,0.6605,0.4774,0.6134,0.315
IMG_01156,IMG_01156_annotation_001,Surface depression,0.2654,0.3106,0.1968,0.0905
IMG_01156,IMG_01156_annotation_002,Surface depression,0.6637,0.8286,0.6726,0.3428
IMG_01157,IMG_01157_annotation_000,Manhole,0.5465,0.3646,0.124,0.0397
IMG_01157,IMG_01157_annotation_001,Surface depression,0.7149,0.7443,0.5701,0.5114
IMG_01157,IMG_01157_annotation_002,Surface depression,0.2488,0.3249,0.3026,0.0645
IMG_01158,IMG_01158_annotation_000,Manhole,0.4522,0.5766,0.1935,0.0942
IMG_01158,IMG_01158_annotation_001,Manhole,0.9547,0.3981,0.0906,0.0372
IMG_01158,IMG_01158_annotation_002,Surface depression,0.1992,0.5153,0.339,0.15
IMG_01158,IMG_01158_annotation_003,Surface depression,0.8315,0.62,0.337,0.1637
IMG_01159,IMG_01159_annotation_000,Manhole,0.52,0.6213,0.3059,0.1141
IMG_01160,IMG_01160_annotation_000,Manhole,0.5646,0.5791,0.3621,0.1835
IMG_01160,IMG_01160_annotation_001,Surface depression,0.2505,0.5047,0.2761,0.2827
IMG_01161,IMG_01161_annotation_000,Manhole,0.4514,0.5481,0.2877,0.129
IMG_01162,IMG_01162_annotation_000,Manhole,0.5035,0.7081,0.415,0.1984
IMG_01162,IMG_01162_annotation_001,Road patch failure,0.4051,0.447,0.3274,0.0508
IMG_01162,IMG_01162_annotation_002,Road patch failure,0.8067,0.4756,0.3866,0.0806
IMG_01163,IMG_01163_annotation_000,Manhole,0.5233,0.483,0.4415,0.2021
IMG_01164,IMG_01164_annotation_000,Manhole,0.6134,0.6796,0.4696,0.2381
IMG_01165,IMG_01165_annotation_000,Manhole,0.4869,0.5401,0.4514,0.16
IMG_01165,IMG_01165_annotation_001,Surface depression,0.9092,0.2951,0.1815,0.1935
IMG_01166,IMG_01166_annotation_000,Pothole,0.3282,0.7471,0.5837,0.2765
IMG_01166,IMG_01166_annotation_001,Surface depression,0.6564,0.4334,0.506,0.2964
IMG_01167,IMG_01167_annotation_000,Road patch failure,0.8712,0.2896,0.2576,0.0756
IMG_01167,IMG_01167_annotation_001,Road patch failure,0.6523,0.3801,0.458,0.1054
IMG_01167,IMG_01167_annotation_002,Road patch failure,0.7002,0.5432,0.5241,0.0818
IMG_01168,IMG_01168_annotation_000,Manhole,0.501,0.4086,0.4597,0.2592
IMG_01169,IMG_01169_annotation_000,Surface depression,0.6371,0.4998,0.7252,0.9995
IMG_01170,IMG_01170_annotation_000,Surface depression,0.5018,0.5376,0.372,0.2369
IMG_01171,IMG_01171_annotation_000,Surface depression,0.6109,0.6947,0.7192,0.6106
IMG_01172,IMG_01172_annotation_000,Road patch failure,0.5845,0.483,0.62,0.1128
IMG_01173,IMG_01173_annotation_000,Manhole,0.5241,0.5221,0.3472,0.1687
IMG_01173,IMG_01173_annotation_001,Surface depression,0.4729,0.3454,0.2943,0.1376
IMG_01173,IMG_01173_annotation_002,Surface depression,0.8523,0.1866,0.1075,0.0484
IMG_01174,IMG_01174_annotation_000,Manhole,0.5704,0.7192,0.4894,0.2703
IMG_01175,IMG_01175_annotation_000,Manhole,0.5026,0.3974,0.5556,0.2021
IMG_01176,IMG_01176_annotation_000,Manhole,0.4522,0.5128,0.2464,0.0905
IMG_01177,IMG_01177_annotation_000,Surface depression,0.5564,0.5605,0.2464,0.4043
IMG_01178,IMG_01178_annotation_000,Manhole,0.5398,0.5382,0.4117,0.2431
IMG_01179,IMG_01179_annotation_000,Surface depression,0.7571,0.4284,0.4858,0.1773
IMG_01180,IMG_01180_annotation_000,Road patch failure,0.3977,0.4055,0.5142,0.3224
IMG_01182,IMG_01182_annotation_000,Manhole,0.4878,0.4737,0.4001,0.0992
IMG_01183,IMG_01183_annotation_000,Manhole,0.4952,0.4253,0.3059,0.1339
IMG_01184,IMG_01184_annotation_000,Manhole,0.5465,0.395,0.21,0.0756
IMG_01185,IMG_01185_annotation_000,Manhole,0.4621,0.5066,0.4415,0.2145
IMG_01186,IMG_01186_annotation_000,Surface depression,0.4324,0.4117,0.8151,0.4737
IMG_01187,IMG_01187_annotation_000,Manhole,0.5589,0.168,0.2149,0.0732
IMG_01187,IMG_01187_annotation_001,Surface depression,0.725,0.6116,0.501,0.7768
IMG_01188,IMG_01188_annotation_000,Manhole,0.7406,0.4855,0.5188,0.2666
IMG_01188,IMG_01188_annotation_001,Surface depression,0.7391,0.1922,0.3935,0.3423
IMG_01188,IMG_01188_annotation_002,Surface depression,0.7397,0.8185,0.5205,0.3621
IMG_01189,IMG_01189_annotation_000,Surface depression,0.7207,0.5134,0.5585,0.873
IMG_01190,IMG_01190_annotation_000,Surface depression,0.4605,0.5382,0.9011,0.1662
IMG_01191,IMG_01191_annotation_000,Surface depression,0.6639,0.5112,0.4349,0.9777
IMG_01192,IMG_01192_annotation_000,Surface depression,0.7143,0.3925,0.3571,0.3336
IMG_01193,IMG_01193_annotation_000,Surface depression,0.4944,0.4694,0.1521,0.1079
IMG_01194,IMG_01194_annotation_000,Road patch failure,0.5374,0.5419,0.2811,0.1339
IMG_01194,IMG_01194_annotation_001,Manhole,0.7019,0.3082,0.1901,0.0558
IMG_01194,IMG_01194_annotation_002,Surface depression,0.8844,0.3323,0.2312,0.0918
IMG_01195,IMG_01195_annotation_000,Surface depression,0.458,0.514,0.8135,0.4526
IMG_01196,IMG_01196_annotation_000,Manhole,0.5299,0.4855,0.2927,0.1029
IMG_01196,IMG_01196_annotation_001,Surface depression,0.8514,0.5748,0.2973,0.2567
IMG_01196,IMG_01196_annotation_002,Surface depression,0.5225,0.6634,0.3472,0.2331
IMG_01197,IMG_01197_annotation_000,Manhole,0.4836,0.5357,0.2927,0.1215
IMG_01197,IMG_01197_annotation_001,Surface depression,0.5771,0.6461,0.83,0.377
IMG_01198,IMG_01198_annotation_000,Road patch failure,0.4869,0.4167,0.1703,0.1612
IMG_01199,IMG_01199_annotation_000,Surface depression,0.7059,0.6207,0.5883,0.222
IMG_01200,IMG_01200_annotation_000,Manhole,0.5035,0.545,0.2133,0.0831
IMG_01201,IMG_01201_annotation_000,Manhole,0.4886,0.5314,0.5076,0.2939
IMG_01202,IMG_01202_annotation_000,Manhole,0.5812,0.3943,0.4183,0.1959
IMG_01203,IMG_01203_annotation_000,Manhole,0.5299,0.5041,0.4646,0.2493
IMG_01204,IMG_01204_annotation_000,Surface depression,0.4158,0.4625,0.1571,0.3373
IMG_01205,IMG_01205_annotation_000,Road patch failure,0.4415,0.4991,0.2249,0.1079
IMG_01206,IMG_01206_annotation_000,Road patch failure,0.5696,0.3801,0.286,0.16
IMG_01206,IMG_01206_annotation_001,Crack,0.539,0.5804,0.5126,0.248
IMG_01207,IMG_01207_annotation_000,Pothole,0.4812,0.4985,0.162,0.0918
IMG_01207,IMG_01207_annotation_001,Pothole,0.4878,0.408,0.1224,0.0595
IMG_01207,IMG_01207_annotation_002,Surface depression,0.7631,0.5587,0.2199,0.1525
IMG_01208,IMG_01208_annotation_000,Surface depression,0.515,0.3795,0.4349,0.2555
IMG_01208,IMG_01208_annotation_001,Pothole,0.5365,0.08,0.2596,0.1104
IMG_01209,IMG_01209_annotation_000,Pothole,0.5093,0.4805,0.2447,0.1228
IMG_01209,IMG_01209_annotation_001,Surface depression,0.4266,0.5859,0.2646,0.1252
IMG_01210,IMG_01210_annotation_000,Pothole,0.5217,0.3714,0.4117,0.2393
IMG_01210,IMG_01210_annotation_001,Pothole,0.4059,0.6982,0.3985,0.3348
IMG_01210,IMG_01210_annotation_002,Manhole,0.1794,0.1643,0.1868,0.0707
IMG_01211,IMG_01211_annotation_000,Manhole,0.482,0.4799,0.2298,0.1066
IMG_01212,IMG_01212_annotation_000,Manhole,0.4704,0.5314,0.3456,0.1699
IMG_01213,IMG_01213_annotation_000,Pothole,0.4787,0.4892,0.5208,0.217
IMG_01214,IMG_01214_annotation_000,Manhole,0.5448,0.4198,0.2265,0.0732
IMG_01215,IMG_01215_annotation_000,Manhole,0.4886,0.545,0.329,0.1575
IMG_01216,IMG_01216_annotation_000,Manhole,0.5299,0.5215,0.3224,0.1153
IMG_01216,IMG_01216_annotation_001,Surface depression,0.1819,0.6002,0.291,0.2629
IMG_01216,IMG_01216_annotation_002,Surface depression,0.649,0.6684,0.5903,0.1364
IMG_01218,IMG_01218_annotation_000,Manhole,0.4613,0.4669,0.2083,0.0732
IMG_01219,IMG_01219_annotation_000,Manhole,0.4547,0.5283,0.4266,0.2852
IMG_01220,IMG_01220_annotation_000,Road patch failure,0.5299,0.5649,0.2662,0.1128
IMG_01220,IMG_01220_annotation_001,Road patch failure,0.5704,0.426,0.086,0.0459
IMG_01221,IMG_01221_annotation_000,Road patch failure,0.4398,0.4229,0.1587,0.0942
IMG_01221,IMG_01221_annotation_001,Surface depression,0.4406,0.7645,0.3059,0.2517
IMG_01222,IMG_01222_annotation_000,Road patch failure,0.4067,0.4198,0.0992,0.3733
IMG_01222,IMG_01222_annotation_001,Road patch failure,0.3249,0.8044,0.2265,0.3911
IMG_01223,IMG_01223_annotation_000,Manhole,0.482,0.4725,0.1868,0.067
IMG_01224,IMG_01224_annotation_000,Road patch failure,0.5068,0.5357,0.5837,0.3745
IMG_01225,IMG_01225_annotation_000,Road patch failure,0.4572,0.4712,0.2629,0.0794
IMG_01226,IMG_01226_annotation_000,Surface depression,0.5365,0.6052,0.63,0.2431
IMG_01227,IMG_01227_annotation_000,Crack,0.5126,0.4799,0.5952,0.2009
IMG_01227,IMG_01227_annotation_001,Surface depression,0.396,0.2431,0.1802,0.0471
IMG_01227,IMG_01227_annotation_002,Surface depression,0.8638,0.2933,0.2725,0.0905
IMG_01228,IMG_01228_annotation_000,Road patch failure,0.4861,0.5308,0.1819,0.0893
IMG_01229,IMG_01229_annotation_000,Surface depression,0.601,0.4694,0.7391,0.1798
IMG_01230,IMG_01230_annotation_000,Crack,0.5041,0.4036,0.9917,0.1823
IMG_01232,IMG_01232_annotation_000,Surface depression,0.3571,0.5202,0.3803,0.0732
IMG_01232,IMG_01232_annotation_001,Road patch failure,0.1,0.7496,0.1472,0.3683
IMG_01233,IMG_01233_annotation_000,Road patch failure,0.754,0.6424,0.1653,0.2133
IMG_01233,IMG_01233_annotation_001,Road patch failure,0.4613,0.527,0.3638,0.1885
IMG_01234,IMG_01234_annotation_000,Surface depression,0.2133,0.4812,0.4266,0.3001
IMG_01234,IMG_01234_annotation_001,Surface depression,0.6572,0.4688,0.3952,0.1414
IMG_01235,IMG_01235_annotation_000,Surface depression,0.3844,0.6672,0.4415,0.4563
IMG_01236,IMG_01236_annotation_000,Road patch failure,0.3927,0.4824,0.2629,0.2927
IMG_01236,IMG_01236_annotation_001,Surface depression,0.5994,0.3596,0.2331,0.1091
IMG_01237,IMG_01237_annotation_000,Manhole,0.5713,0.403,0.2563,0.0794
IMG_01237,IMG_01237_annotation_001,Road patch failure,0.1596,0.7137,0.2596,0.1252
IMG_01237,IMG_01237_annotation_002,Surface depression,0.6835,0.7949,0.6329,0.1017
IMG_01238,IMG_01238_annotation_000,Manhole,0.5506,0.5165,0.5853,0.2741
IMG_01238,IMG_01238_annotation_001,Surface depression,0.2745,0.2561,0.5324,0.1625
IMG_01239,IMG_01239_annotation_000,Manhole,0.4076,0.6083,0.3456,0.1699
IMG_01239,IMG_01239_annotation_001,Manhole,0.377,0.3348,0.162,0.0521
IMG_01240,IMG_01240_annotation_000,Surface depression,0.4952,0.8119,0.3654,0.3762
IMG_01240,IMG_01240_annotation_001,Surface depression,0.8125,0.625,0.375,0.1711
IMG_01240,IMG_01240_annotation_002,Surface depression,0.329,0.5698,0.5886,0.1054
IMG_01240,IMG_01240_annotation_003,Surface depression,0.4208,0.3348,0.3257,0.3497
IMG_01242,IMG_01242_annotation_000,Surface depression,0.5663,0.6665,0.1736,0.2245
IMG_01242,IMG_01242_annotation_001,Surface depression,0.2596,0.5915,0.4332,0.0868
IMG_01242,IMG_01242_annotation_002,Surface depression,0.834,0.5246,0.332,0.0645
IMG_01243,IMG_01243_annotation_000,Surface depression,0.458,0.3032,0.2083,0.2393
IMG_01244,IMG_01244_annotation_000,Road patch failure,0.4638,0.4514,0.0777,0.0546
IMG_01245,IMG_01245_annotation_000,Surface depression,0.5134,0.5,0.1604,1
IMG_01247,IMG_01247_annotation_000,Surface depression,0.5597,0.5357,0.3985,0.2803
IMG_01248,IMG_01248_annotation_000,Surface depression,0.4324,0.6374,0.3621,0.1687
IMG_01249,IMG_01249_annotation_000,Manhole,0.4745,0.5407,0.2447,0.1017
IMG_01250,IMG_01250_annotation_000,Surface depression,0.5845,0.6262,0.5142,0.5704
IMG_01251,IMG_01251_annotation_000,Manhole,0.4357,0.434,0.3489,0.1438
IMG_01252,IMG_01252_annotation_000,Manhole,0.582,0.4712,0.5589,0.248
IMG_01253,IMG_01253_annotation_000,Manhole,0.5241,0.5357,0.3472,0.1562
IMG_01253,IMG_01253_annotation_001,Surface depression,0.0604,0.4024,0.1207,0.4129
IMG_01253,IMG_01253_annotation_002,Surface depression,0.1852,0.4557,0.1224,0.3187
IMG_01255,IMG_01255_annotation_000,Surface depression,0.3249,0.7875,0.1868,0.3348
IMG_01255,IMG_01255_annotation_001,Manhole,0.934,0.4241,0.1319,0.0744
IMG_01256,IMG_01256_annotation_000,Manhole,0.6076,0.4675,0.3158,0.1339
IMG_01256,IMG_01256_annotation_001,Surface depression,0.52,0.2238,0.458,0.1178
IMG_01257,IMG_01257_annotation_000,Manhole,0.4952,0.5766,0.5572,0.3051
IMG_01258,IMG_01258_annotation_000,Manhole,0.248,0.1556,0.1653,0.0533
IMG_01258,IMG_01258_annotation_001,Road patch failure,0.4985,0.4539,0.253,0.0893
IMG_01258,IMG_01258_annotation_002,Road patch failure,0.7953,0.3912,0.3439,0.0583
IMG_01259,IMG_01259_annotation_000,Road patch failure,0.6829,0.4551,0.5159,0.1141
IMG_01259,IMG_01259_annotation_001,Road patch failure,0.2596,0.5196,0.3737,0.0843
IMG_01260,IMG_01260_annotation_000,Manhole,0.5134,0.3516,0.1571,0.0533
IMG_01261,IMG_01261_annotation_000,Manhole,0.4812,0.4675,0.2083,0.0694
IMG_01262,IMG_01262_annotation_000,Manhole,0.5233,0.4849,0.4051,0.1761
IMG_01263,IMG_01263_annotation_000,Surface depression,0.8762,0.6665,0.2477,0.2542
IMG_01263,IMG_01263_annotation_001,Surface depression,0.5704,0.4142,0.0959,0.1166
IMG_01264,IMG_01264_annotation_000,Surface depression,0.5382,0.5,0.1901,1
IMG_01264,IMG_01264_annotation_001,Surface depression,0.2364,0.3776,0.4729,0.1277
IMG_01265,IMG_01265_annotation_000,Surface depression,0.4646,0.5035,0.2976,0.3423
IMG_01266,IMG_01266_annotation_000,Manhole,0.5473,0.563,0.2976,0.1265
IMG_01267,IMG_01267_annotation_000,Manhole,0.4944,0.6219,0.3671,0.1798
IMG_01268,IMG_01268_annotation_000,Manhole,0.5291,0.5729,0.3935,0.2232
IMG_01269,IMG_01269_annotation_000,Manhole,0.7763,0.4408,0.3323,0.1773
IMG_01269,IMG_01269_annotation_001,Surface depression,0.811,0.23,0.3125,0.2418
IMG_01270,IMG_01270_annotation_000,Manhole,0.7234,0.501,0.3985,0.2455
IMG_01271,IMG_01271_annotation_000,Surface depression,0.6895,0.5661,0.5622,0.2666
IMG_01273,IMG_01273_annotation_000,Surface depression,0.5828,0.4129,0.2662,0.2158
IMG_01273,IMG_01273_annotation_001,Surface depression,0.839,0.2598,0.3221,0.1178
IMG_01273,IMG_01273_annotation_002,Surface depression,0.4729,0.6734,0.2745,0.2232
IMG_01273,IMG_01273_annotation_003,Surface depression,0.2439,0.8906,0.4613,0.2188
IMG_01274,IMG_01274_annotation_000,Surface depression,0.5026,0.5531,0.3869,0.2555
IMG_01274,IMG_01274_annotation_001,Surface depression,0.1728,0.8404,0.3456,0.3192
IMG_01275,IMG_01275_annotation_000,Surface depression,0.2273,0.6064,0.4547,0.3125
IMG_01275,IMG_01275_annotation_001,Pothole,0.6341,0.1674,0.4249,0.0372
IMG_01276,IMG_01276_annotation_000,Manhole,0.4845,0.4669,0.2679,0.0905
IMG_01276,IMG_01276_annotation_001,Surface depression,0.1753,0.4892,0.3505,0.0955
IMG_01277,IMG_01277_annotation_000,Surface depression,0.3158,0.4278,0.4464,0.0893
IMG_01277,IMG_01277_annotation_001,Surface depression,0.8743,0.5704,0.2507,0.1438
IMG_01277,IMG_01277_annotation_002,Surface depression,0.6424,0.5072,0.3985,0.1463
IMG_01278,IMG_01278_annotation_000,Surface depression,0.4886,0.4136,0.2001,0.2393
IMG_01278,IMG_01278_annotation_001,Manhole,0.4712,0.6231,0.3968,0.1798
IMG_01279,IMG_01279_annotation_000,Manhole,0.5663,0.5022,0.3522,0.1513
IMG_01280,IMG_01280_annotation_000,Road patch failure,0.4423,0.4402,0.1604,0.0843
IMG_01281,IMG_01281_annotation_000,Road patch failure,0.5241,0.5909,0.2447,0.1277
IMG_01282,IMG_01282_annotation_000,Surface depression,0.5,0.8199,1,0.3601
IMG_01285,IMG_01285_annotation_000,Surface depression,0.544,0.4781,0.6118,0.2344
IMG_01286,IMG_01286_annotation_000,Road patch failure,0.1736,0.5723,0.3472,0.1178
IMG_01286,IMG_01286_annotation_001,Road patch failure,0.4993,0.5022,0.3505,0.1042
IMG_01286,IMG_01286_annotation_002,Road patch failure,0.839,0.4024,0.3221,0.1228
IMG_01287,IMG_01287_annotation_000,Surface depression,0.4936,0.5252,0.8647,0.1674
IMG_01288,IMG_01288_annotation_000,Manhole,0.7736,0.5636,0.4527,0.3162
IMG_01289,IMG_01289_annotation_000,Manhole,0.7449,0.6479,0.4183,0.2121
IMG_01291,IMG_01291_annotation_000,Manhole,0.5291,0.4985,0.2282,0.0818
IMG_01291,IMG_01291_annotation_001,Surface depression,0.8373,0.74,0.3254,0.5176
IMG_01292,IMG_01292_annotation_000,Manhole,0.525,0.5252,0.2927,0.1203
IMG_01293,IMG_01293_annotation_000,Road patch failure,0.4134,0.5227,0.172,0.2468
IMG_01294,IMG_01294_annotation_000,Pothole,0.5415,0.5568,0.2431,0.1314
IMG_01294,IMG_01294_annotation_001,Road patch failure,0.2323,0.4148,0.3489,0.5171
IMG_01295,IMG_01295_annotation_000,Manhole,0.5977,0.5326,0.4481,0.2542
IMG_01296,IMG_01296_annotation_000,Manhole,0.5316,0.6504,0.4613,0.2815
IMG_01297,IMG_01297_annotation_000,Manhole,0.5175,0.4408,0.1356,0.0508
IMG_01298,IMG_01298_annotation_000,Manhole,0.6614,0.6479,0.3108,0.1426
IMG_01299,IMG_01299_annotation_000,Manhole,0.5903,0.5642,0.2381,0.0818
IMG_01300,IMG_01300_annotation_000,Manhole,0.515,0.6393,0.3191,0.15
IMG_01301,IMG_01301_annotation_000,Manhole,0.5473,0.7868,0.4233,0.2517
IMG_01302,IMG_01302_annotation_000,Manhole,0.5936,0.6132,0.4067,0.2021
IMG_01303,IMG_01303_annotation_000,Surface depression,0.4696,0.5041,0.1488,0.2542
IMG_01304,IMG_01304_annotation_000,Surface depression,0.7092,0.5909,0.5817,0.3881
IMG_01305,IMG_01305_annotation_000,Surface depression,0.1042,0.6281,0.2083,0.1724
IMG_01305,IMG_01305_annotation_001,Surface depression,0.3968,0.5481,0.377,0.0843
IMG_01305,IMG_01305_annotation_002,Surface depression,0.625,0.4768,0.2679,0.1252
IMG_01306,IMG_01306_annotation_000,Surface depression,0.5126,0.581,0.4497,0.1625
IMG_01306,IMG_01306_annotation_001,Surface depression,0.1546,0.7106,0.3092,0.1811
IMG_01307,IMG_01307_annotation_000,Road patch failure,0.5572,0.6312,0.1786,0.0794
IMG_01307,IMG_01307_annotation_001,Surface depression,0.7862,0.4204,0.3356,0.2083
IMG_01307,IMG_01307_annotation_002,Surface depression,0.8505,0.7527,0.2989,0.4018
IMG_01308,IMG_01308_annotation_000,Manhole,0.6176,0.4117,0.1736,0.0471
IMG_01309,IMG_01309_annotation_000,Road patch failure,0.5994,0.7788,0.1901,0.1438
IMG_01309,IMG_01309_annotation_001,Manhole,0.7234,0.4024,0.286,0.1228
IMG_01309,IMG_01309_annotation_002,Manhole,0.5142,0.1656,0.1257,0.0335
IMG_01310,IMG_01310_annotation_000,Manhole,0.6448,0.403,0.1852,0.062
IMG_01310,IMG_01310_annotation_001,Manhole,0.0719,0.3255,0.1405,0.036
IMG_01310,IMG_01310_annotation_002,Surface depression,0.2183,0.3497,0.0959,0.067
IMG_01310,IMG_01310_annotation_003,Surface depression,0.0926,0.4185,0.1852,0.1029
IMG_01311,IMG_01311_annotation_000,Manhole,0.6614,0.4433,0.3042,0.1401
IMG_01312,IMG_01312_annotation_000,Manhole,0.7011,0.576,0.506,0.2542
IMG_01313,IMG_01313_annotation_000,Manhole,0.4679,0.3912,0.2712,0.1178
IMG_01313,IMG_01313_annotation_001,Road patch failure,0.5,0.5543,1,0.0744
IMG_01314,IMG_01314_annotation_000,Surface depression,0.5043,0.434,0.9325,0.0918
IMG_01314,IMG_01314_annotation_001,Surface depression,0.8142,0.6207,0.3717,0.1699
IMG_01314,IMG_01314_annotation_002,Road patch failure,0.0802,0.9049,0.1604,0.1902
IMG_01314,IMG_01314_annotation_003,Road patch failure,0.4663,0.7453,0.2778,0.1786
IMG_01315,IMG_01315_annotation_000,Surface depression,0.6548,0.4601,0.5919,0.2406
IMG_01316,IMG_01316_annotation_000,Manhole,0.5754,0.4967,0.3142,0.1352
IMG_01316,IMG_01316_annotation_001,Surface depression,0.5357,0.2759,0.291,0.0905
IMG_01317,IMG_01317_annotation_000,Manhole,0.5258,0.5915,0.4597,0.2703
IMG_01318,IMG_01318_annotation_000,Surface depression,0.4861,0.4632,0.2712,0.1897
IMG_01318,IMG_01318_annotation_001,Surface depression,0.8224,0.6064,0.3552,0.2827
IMG_01319,IMG_01319_annotation_000,Manhole,0.539,0.3547,0.1521,0.0546
IMG_01320,IMG_01320_annotation_000,Surface depression,0.834,0.5804,0.332,0.3671
IMG_01320,IMG_01320_annotation_001,Surface depression,0.5721,0.4799,0.1587,0.1711
IMG_01321,IMG_01321_annotation_000,Surface depression,0.2108,0.6488,0.4216,0.7024
IMG_01321,IMG_01321_annotation_001,Surface depression,0.6448,0.723,0.4464,0.554
IMG_01322,IMG_01322_annotation_000,Surface depression,0.2216,0.4043,0.248,0.2207
IMG_01322,IMG_01322_annotation_001,Surface depression,0.582,0.7251,0.4034,0.5499
IMG_01323,IMG_01323_annotation_000,Manhole,0.5225,0.31,0.1819,0.067
IMG_01323,IMG_01323_annotation_001,Surface depression,0.3042,0.4086,0.2579,0.1252
IMG_01324,IMG_01324_annotation_000,Manhole,0.5225,0.2796,0.205,0.0781
IMG_01325,IMG_01325_annotation_000,Manhole,0.6233,0.3516,0.248,0.1153
IMG_01325,IMG_01325_annotation_001,Surface depression,0.1496,0.7486,0.2993,0.5027
IMG_01326,IMG_01326_annotation_000,Surface depression,0.5589,0.6002,0.3505,0.1364
IMG_01326,IMG_01326_annotation_001,Manhole,0.5274,0.3943,0.2249,0.0744
IMG_01326,IMG_01326_annotation_002,Manhole,0.1141,0.3943,0.2282,0.067
IMG_01327,IMG_01327_annotation_000,Surface depression,0.5795,0.452,0.3356,0.2121
IMG_01328,IMG_01328_annotation_000,Surface depression,0.2555,0.1345,0.3158,0.0781
IMG_01328,IMG_01328_annotation_001,Surface depression,0.6663,0.3485,0.4993,0.1587
IMG_01328,IMG_01328_annotation_002,Surface depression,0.6035,0.6132,0.2745,0.3261
IMG_01329,IMG_01329_annotation_000,Surface depression,0.582,0.5791,0.8234,0.2331
IMG_01329,IMG_01329_annotation_001,Surface depression,0.506,0.1029,0.6019,0.1488
IMG_01330,IMG_01330_annotation_000,Surface depression,0.606,0.3106,0.5374,0.0955
IMG_01330,IMG_01330_annotation_001,Surface depression,0.7579,0.612,0.4841,0.4253
IMG_01331,IMG_01331_annotation_000,Surface depression,0.4952,0.4656,0.5804,0.1203
IMG_01331,IMG_01331_annotation_001,Surface depression,0.6663,0.8352,0.2745,0.284
IMG_01332,IMG_01332_annotation_000,Surface depression,0.544,0.4179,0.787,0.2034
IMG_01333,IMG_01333_annotation_000,Surface depression,0.6786,0.6566,0.6429,0.3832
IMG_01334,IMG_01334_annotation_000,Surface depression,0.3729,0.5258,0.7457,0.4638
IMG_01335,IMG_01335_annotation_000,Surface depression,0.5994,0.4613,0.339,0.1438
IMG_01336,IMG_01336_annotation_000,Surface depression,0.4307,0.5388,0.6994,0.3683
IMG_01337,IMG_01337_annotation_000,Surface depression,0.5605,0.5475,0.8499,0.4377
IMG_01339,IMG_01339_annotation_000,Surface depression,0.4266,0.3509,0.1653,0.0496
IMG_01340,IMG_01340_annotation_000,Surface depression,0.0843,0.6033,0.1687,0.5543
IMG_01342,IMG_01342_annotation_000,Manhole,0.3142,0.3491,0.2943,0.1029
IMG_01342,IMG_01342_annotation_001,Manhole,0.5754,0.4346,0.2778,0.1128
IMG_01343,IMG_01343_annotation_000,Manhole,0.5051,0.6331,0.3489,0.2096
IMG_01344,IMG_01344_annotation_000,Manhole,0.6663,0.5618,0.3009,0.119
IMG_01345,IMG_01345_annotation_000,Manhole,0.4489,0.3757,0.1108,0.057
IMG_01347,IMG_01347_annotation_000,Manhole,0.4853,0.3745,0.1438,0.0273
IMG_01349,IMG_01349_annotation_000,Manhole,0.458,0.4061,0.1488,0.0955
IMG_01349,IMG_01349_annotation_001,Manhole,0.2571,0.3764,0.1968,0.0657
IMG_01350,IMG_01350_annotation_000,Manhole,0.1364,0.4539,0.2728,0.1835
IMG_01351,IMG_01351_annotation_000,Manhole,0.4878,0.3912,0.4431,0.1476
IMG_01353,IMG_01353_annotation_000,Surface depression,0.496,0.5469,0.2712,0.1339
IMG_01354,IMG_01354_annotation_000,Road patch failure,0.4671,0.5847,0.21,0.098
IMG_01355,IMG_01355_annotation_000,Manhole,0.4812,0.4074,0.3307,0.0955
IMG_01356,IMG_01356_annotation_000,Manhole,0.5142,0.5946,0.4266,0.1922
IMG_01357,IMG_01357_annotation_000,Manhole,0.5514,0.5029,0.253,0.1128
IMG_01357,IMG_01357_annotation_001,Surface depression,0.3059,0.3181,0.2017,0.15
IMG_01358,IMG_01358_annotation_000,Surface depression,0.5936,0.403,0.377,0.2356
IMG_01359,IMG_01359_annotation_000,Surface depression,0.6019,0.4458,0.5291,0.284
IMG_01360,IMG_01360_annotation_000,Surface depression,0.4803,0.6405,0.8383,0.5444
IMG_01361,IMG_01361_annotation_000,Surface depression,0.5316,0.488,0.2662,0.1252
IMG_01362,IMG_01362_annotation_000,Pothole,0.5167,0.4508,0.081,0.0335
IMG_01363,IMG_01363_annotation_000,Manhole,0.5985,0.3826,0.1587,0.0732
IMG_01364,IMG_01364_annotation_000,Manhole,0.6019,0.488,0.3042,0.155
IMG_01365,IMG_01365_annotation_000,Manhole,0.5241,0.4353,0.1587,0.0372
IMG_01366,IMG_01366_annotation_000,Manhole,0.4952,0.514,0.296,0.088
IMG_01367,IMG_01367_annotation_000,Manhole,0.6868,0.8299,0.6263,0.3403
IMG_01367,IMG_01367_annotation_001,Surface depression,0.3795,0.1804,0.5804,0.1376
IMG_01368,IMG_01368_annotation_000,Road patch failure,0.5812,0.5357,0.1141,0.057
IMG_01369,IMG_01369_annotation_000,Manhole,0.5572,0.5165,0.2679,0.1079
IMG_01370,IMG_01370_annotation_000,Manhole,0.5084,0.5512,0.2993,0.1079
IMG_01371,IMG_01371_annotation_000,Surface depression,0.501,0.3906,0.1488,0.062
IMG_01371,IMG_01371_annotation_001,Surface depression,0.4952,0.3354,0.081,0.0335
IMG_01372,IMG_01372_annotation_000,Surface depression,0.5299,0.4836,0.2794,0.1711
IMG_01372,IMG_01372_annotation_001,Surface depression,0.5332,0.3361,0.1438,0.0645
IMG_01373,IMG_01373_annotation_000,Surface depression,0.5646,0.6802,0.4349,0.4601
IMG_01373,IMG_01373_annotation_001,Surface depression,0.5291,0.3156,0.1587,0.088
IMG_01374,IMG_01374_annotation_000,Surface depression,0.5977,0.5729,0.3753,0.2728
IMG_01375,IMG_01375_annotation_000,Surface depression,0.5878,0.6724,0.5076,0.6553
IMG_01376,IMG_01376_annotation_000,Manhole,0.4845,0.5314,0.2646,0.1277
IMG_01376,IMG_01376_annotation_001,Surface depression,0.8309,0.4917,0.2232,0.098
IMG_01376,IMG_01376_annotation_002,Surface depression,0.7234,0.5897,0.1868,0.0732
IMG_01377,IMG_01377_annotation_000,Manhole,0.544,0.4991,0.3009,0.1228
IMG_01378,IMG_01378_annotation_000,Surface depression,0.5473,0.2183,0.1257,0.0372
IMG_01379,IMG_01379_annotation_000,Manhole,0.4382,0.4241,0.2943,0.1141
IMG_01380,IMG_01380_annotation_000,Road patch failure,0.5308,0.4402,0.1753,0.0744
IMG_01381,IMG_01381_annotation_000,Road patch failure,0.5142,0.4582,0.3175,0.1426
IMG_01382,IMG_01382_annotation_000,Manhole,0.4688,0.5339,0.4349,0.2964
IMG_01383,IMG_01383_annotation_000,Surface depression,0.625,0.1352,0.1753,0.1786
IMG_01384,IMG_01384_annotation_000,Surface depression,0.7282,0.5797,0.5437,0.3832
IMG_01385,IMG_01385_annotation_000,Manhole,0.0777,0.4706,0.1554,0.1724
IMG_01385,IMG_01385_annotation_001,Surface depression,0.3514,0.5035,0.3786,0.1885
IMG_01386,IMG_01386_annotation_000,Surface depression,0.6763,0.4526,0.2381,0.1711
IMG_01387,IMG_01387_annotation_000,Manhole,0.5655,0.3981,0.1819,0.062
IMG_01388,IMG_01388_annotation_000,Manhole,0.4654,0.5326,0.3356,0.1376
IMG_01389,IMG_01389_annotation_000,Surface depression,0.4406,0.5779,0.5308,0.3646
IMG_01390,IMG_01390_annotation_000,Manhole,0.3348,0.3689,0.1604,0.0484
IMG_01390,IMG_01390_annotation_001,Surface depression,0.4861,0.5853,0.3638,0.2431
IMG_01391,IMG_01391_annotation_000,Road patch failure,0.5068,0.4229,0.1637,0.067
IMG_01392,IMG_01392_annotation_000,Road patch failure,0.4969,0.4601,0.2894,0.119
IMG_01393,IMG_01393_annotation_000,Manhole,0.4952,0.3925,0.4315,0.1699
IMG_01394,IMG_01394_annotation_000,Road patch failure,0.4671,0.5314,0.5142,0.1997
IMG_01395,IMG_01395_annotation_000,Surface depression,0.4539,0.4911,0.6399,0.1761
IMG_01396,IMG_01396_annotation_000,Manhole,0.4373,0.5791,0.4382,0.2009
IMG_01397,IMG_01397_annotation_000,Manhole,0.3489,0.5227,0.3274,0.1426
IMG_01399,IMG_01399_annotation_000,Surface depression,0.6687,0.581,0.6627,0.4625
IMG_01399,IMG_01399_annotation_001,Surface depression,0.4869,0.2772,0.2133,0.0657
IMG_01400,IMG_01400_annotation_000,Pothole,0.4977,0.2703,0.2447,0.0595
IMG_01400,IMG_01400_annotation_001,Surface depression,0.5374,0.7139,0.3009,0.5722
IMG_01401,IMG_01401_annotation_000,Surface depression,0.5977,0.4973,0.4315,0.1811
IMG_01402,IMG_01402_annotation_000,Surface depression,0.6356,0.5847,0.7288,0.4229
IMG_01403,IMG_01403_annotation_000,Manhole,0.6374,0.3317,0.1835,0.0533
IMG_01403,IMG_01403_annotation_001,Manhole,0.3439,0.3373,0.1554,0.0446
IMG_01404,IMG_01404_annotation_000,Manhole,0.5539,0.5004,0.3571,0.155
IMG_01405,IMG_01405_annotation_000,Manhole,0.4828,0.4985,0.3638,0.1463
IMG_01406,IMG_01406_annotation_000,Manhole,0.5175,0.5041,0.2943,0.0955
IMG_01406,IMG_01406_annotation_001,Surface depression,0.315,0.4105,0.2232,0.057
IMG_01407,IMG_01407_annotation_000,Manhole,0.4745,0.4576,0.2447,0.0868
IMG_01408,IMG_01408_annotation_000,Manhole,0.4134,0.5246,0.3935,0.1662
IMG_01409,IMG_01409_annotation_000,Manhole,0.3985,0.354,0.2216,0.0756
IMG_01410,IMG_01410_annotation_000,Manhole,0.4415,0.3863,0.3406,0.15
IMG_01411,IMG_01411_annotation_000,Manhole,0.4679,0.3423,0.129,0.0521
IMG_01412,IMG_01412_annotation_000,Manhole,0.4721,0.4917,0.2563,0.0831
IMG_01413,IMG_01413_annotation_000,Manhole,0.644,0.4167,0.1372,0.0496
IMG_01413,IMG_01413_annotation_001,Surface depression,0.4473,0.4235,0.1174,0.0384
IMG_01414,IMG_01414_annotation_000,Manhole,0.7176,0.5252,0.2348,0.0806
IMG_01414,IMG_01414_annotation_001,Surface depression,0.3514,0.563,0.2596,0.0893
IMG_01415,IMG_01415_annotation_000,Surface depression,0.2621,0.6678,0.3687,0.1451
IMG_01415,IMG_01415_annotation_001,Manhole,0.7763,0.5996,0.3059,0.1252
IMG_01416,IMG_01416_annotation_000,Pothole,0.5597,0.5363,0.4249,0.2468
IMG_01417,IMG_01417_annotation_000,Manhole,0.4952,0.4675,0.4084,0.2356
IMG_01418,IMG_01418_annotation_000,Manhole,0.4878,0.5246,0.2745,0.1141
IMG_01419,IMG_01419_annotation_000,Manhole,0.525,0.5965,0.3456,0.1562
IMG_01420,IMG_01420_annotation_000,Road patch failure,0.4018,0.5363,0.2579,0.1252
IMG_01421,IMG_01421_annotation_000,Surface depression,0.4514,0.3819,0.5159,0.0645
IMG_01422,IMG_01422_annotation_000,Manhole,0.4679,0.4663,0.2646,0.0992
IMG_01423,IMG_01423_annotation_000,Manhole,0.4787,0.5463,0.4481,0.2071
IMG_01424,IMG_01424_annotation_000,Manhole,0.4638,0.4439,0.2662,0.0744
IMG_01425,IMG_01425_annotation_000,Manhole,0.5233,0.4954,0.4018,0.155
IMG_01426,IMG_01426_annotation_000,Manhole,0.5208,0.4402,0.4365,0.2009
IMG_01427,IMG_01427_annotation_000,Surface depression,0.4762,0.3565,0.4266,0.1674
IMG_01427,IMG_01427_annotation_001,Surface depression,0.0835,0.1947,0.167,0.0868
IMG_01428,IMG_01428_annotation_000,Surface depression,0.6068,0.3881,0.2083,0.1166
IMG_01428,IMG_01428_annotation_001,Surface depression,0.7943,0.8354,0.4114,0.3291
IMG_01429,IMG_01429_annotation_000,Surface depression,0.6209,0.426,0.3191,0.279
IMG_01430,IMG_01430_annotation_000,Manhole,0.5828,0.4117,0.2034,0.067
IMG_01431,IMG_01431_annotation_000,Manhole,0.5233,0.5053,0.3423,0.16
IMG_01432,IMG_01432_annotation_000,Manhole,0.5787,0.5041,0.3538,0.1376
IMG_01433,IMG_01433_annotation_000,Manhole,0.4696,0.5295,0.3241,0.1066
IMG_01434,IMG_01434_annotation_000,Manhole,0.4688,0.5122,0.4712,0.1562
IMG_01435,IMG_01435_annotation_000,Manhole,0.4663,0.4886,0.3142,0.1314
IMG_01436,IMG_01436_annotation_000,Manhole,0.4869,0.4229,0.1935,0.062
IMG_01437,IMG_01437_annotation_000,Manhole,0.5398,0.4793,0.3654,0.1376
IMG_01438,IMG_01438_annotation_000,Manhole,0.5572,0.5401,0.3274,0.1451
IMG_01439,IMG_01439_annotation_000,Manhole,0.5159,0.5004,0.3571,0.1277
IMG_01440,IMG_01440_annotation_000,Manhole,0.5134,0.5512,0.5043,0.2121
IMG_01441,IMG_01441_annotation_000,Manhole,0.5043,0.3057,0.205,0.0508
IMG_01441,IMG_01441_annotation_001,Manhole,0.0893,0.4743,0.1653,0.0657
IMG_01442,IMG_01442_annotation_000,Manhole,0.5737,0.4836,0.3075,0.1339
IMG_01443,IMG_01443_annotation_000,Pothole,0.4828,0.2598,0.2447,0.0756
IMG_01444,IMG_01444_annotation_000,Manhole,0.1257,0.3119,0.1257,0.0335
IMG_01444,IMG_01444_annotation_001,Manhole,0.506,0.4625,0.2712,0.0843
IMG_01445,IMG_01445_annotation_000,Surface depression,0.5506,0.5587,0.6548,0.4278
IMG_01445,IMG_01445_annotation_001,Manhole,0.5233,0.5134,0.3952,0.2083
IMG_01446,IMG_01446_annotation_000,Manhole,0.8968,0.5041,0.2063,0.0756
IMG_01446,IMG_01446_annotation_001,Manhole,0.3158,0.3057,0.1422,0.0409
IMG_01447,IMG_01447_annotation_000,Surface depression,0.4778,0.4725,0.463,0.1786
IMG_01447,IMG_01447_annotation_001,Manhole,0.4688,0.4563,0.2397,0.0868
IMG_01448,IMG_01448_annotation_000,Manhole,0.496,0.4799,0.3274,0.1587
IMG_01448,IMG_01448_annotation_001,Manhole,0.1521,0.2499,0.3009,0.1302
IMG_01449,IMG_01449_annotation_000,Manhole,0.606,0.5419,0.3687,0.1711
IMG_01450,IMG_01450_annotation_000,Manhole,0.3381,0.4588,0.2695,0.0942
IMG_01451,IMG_01451_annotation_000,Manhole,0.7482,0.4892,0.3059,0.15
IMG_01451,IMG_01451_annotation_001,Surface depression,0.896,0.7242,0.208,0.372
IMG_01452,IMG_01452_annotation_000,Road patch failure,0.515,0.4055,0.0711,0.0521
IMG_01452,IMG_01452_annotation_001,Road patch failure,0.3844,0.4985,0.124,0.0744
IMG_01453,IMG_01453_annotation_000,Road patch failure,0.6085,0.4563,0.1554,0.0843
IMG_01453,IMG_01453_annotation_001,Road patch failure,0.3538,0.687,0.2348,0.1587
IMG_01456,IMG_01456_annotation_000,Manhole,0.6308,0.3968,0.0744,0.0372
IMG_01456,IMG_01456_annotation_001,Surface depression,0.7068,0.4663,0.1207,0.0918
IMG_01457,IMG_01457_annotation_000,Manhole,0.6978,0.2375,0.334,0.1451
IMG_01458,IMG_01458_annotation_000,Manhole,0.5985,0.457,0.4266,0.222
IMG_01459,IMG_01459_annotation_000,Surface depression,0.4951,0.4708,0.2125,0.1555
IMG_01460,IMG_01460_annotation_000,Surface depression,0.525,0.4667,0.4611,0.4
IMG_01460,IMG_01460_annotation_001,Crack,0.3937,0.8465,0.7014,0.2903
IMG_01461,IMG_01461_annotation_000,Surface depression,0.5776,0.3842,0.8053,0.2105
IMG_01461,IMG_01461_annotation_001,Surface depression,0.5,0.7369,1,0.3158
IMG_01462,IMG_01462_annotation_000,Surface depression,0.5236,0.4688,0.3111,0.3097
IMG_01462,IMG_01462_annotation_001,Crack,0.2437,0.3923,0.1458,0.3264
IMG_01462,IMG_01462_annotation_002,Crack,0.3236,0.7972,0.2139,0.2222
IMG_01462,IMG_01462_annotation_003,Crack,0.8111,0.8347,0.2111,0.3306
IMG_01463,IMG_01463_annotation_000,Pothole,0.5111,0.4118,0.2306,0.1347
IMG_01463,IMG_01463_annotation_001,Surface depression,0.7465,0.2993,0.1903,0.0903
IMG_01464,IMG_01464_annotation_000,Road patch failure,0.4724,0.4408,0.2026,0.129
IMG_01465,IMG_01465_annotation_000,Pothole,0.5,0.5514,0.2222,0.3195
IMG_01465,IMG_01465_annotation_001,Surface depression,0.1993,0.418,0.2903,0.3306
IMG_01465,IMG_01465_annotation_002,Surface depression,0.9271,0.2923,0.1458,0.2236
IMG_01466,IMG_01466_annotation_000,Road patch failure,0.4381,0.5079,0.4447,0.2368
IMG_01466,IMG_01466_annotation_001,Road patch failure,0.098,0.1092,0.154,0.0947
IMG_01466,IMG_01466_annotation_002,Road patch failure,0.0954,0.2737,0.1908,0.1605
IMG_01467,IMG_01467_annotation_000,Surface depression,0.5211,0.4888,0.2631,0.1829
IMG_01467,IMG_01467_annotation_001,Surface depression,0.1414,0.7684,0.2829,0.2789
IMG_01468,IMG_01468_annotation_000,Road patch failure,0.4105,0.3974,0.2079,0.2395
IMG_01469,IMG_01469_annotation_000,Surface depression,0.5264,0.4882,0.425,0.3097
IMG_01469,IMG_01469_annotation_001,Surface depression,0.1271,0.7653,0.2542,0.4694
IMG_01470,IMG_01470_annotation_000,Road patch failure,0.4283,0.4513,0.225,0.1763
IMG_01470,IMG_01470_annotation_001,Road patch failure,0.6816,0.4678,0.1842,0.1171
IMG_01471,IMG_01471_annotation_000,Road patch failure,0.2778,0.5889,0.5555,0.3195
IMG_01472,IMG_01472_annotation_000,Pothole,0.4938,0.5653,0.2736,0.1917
IMG_01473,IMG_01473_annotation_000,Road patch failure,0.4546,0.3941,0.1697,0.154
IMG_01473,IMG_01473_annotation_001,Road patch failure,0.4849,0.5401,0.2118,0.1276
IMG_01473,IMG_01473_annotation_002,Road patch failure,0.7171,0.4138,0.2289,0.1355
IMG_01474,IMG_01474_annotation_000,Surface depression,0.534,0.5125,0.3847,0.2722
IMG_01474,IMG_01474_annotation_001,Surface depression,0.9132,0.3972,0.1736,0.2472
IMG_01475,IMG_01475_annotation_000,Road patch failure,0.4994,0.4381,0.3303,0.1895
IMG_01476,IMG_01476_annotation_000,Surface depression,0.507,0.5583,0.2944,0.275
IMG_01477,IMG_01477_annotation_000,Road patch failure,0.4026,0.4013,0.1895,0.1474
IMG_01477,IMG_01477_annotation_001,Road patch failure,0.4691,0.552,0.1592,0.0908
IMG_01478,IMG_01478_annotation_000,Road patch failure,0.3296,0.5421,0.125,0.0842
IMG_01478,IMG_01478_annotation_001,Road patch failure,0.4796,0.5013,0.1776,0.1026
IMG_01478,IMG_01478_annotation_002,Road patch failure,0.6401,0.45,0.1329,0.0921
IMG_01478,IMG_01478_annotation_003,Surface depression,0.8993,0.3612,0.1934,0.1987
IMG_01478,IMG_01478_annotation_004,Surface depression,0.8507,0.1651,0.2671,0.1224
IMG_01479,IMG_01479_annotation_000,Surface depression,0.4678,0.4822,0.1618,0.2882
IMG_01480,IMG_01480_annotation_000,Surface depression,0.4993,0.507,0.2708,0.2972
IMG_01480,IMG_01480_annotation_001,Road patch failure,0.8528,0.5674,0.2889,0.2708
IMG_01481,IMG_01481_annotation_000,Road patch failure,0.5684,0.6046,0.1632,0.2171
IMG_01481,IMG_01481_annotation_001,Road patch failure,0.4533,0.4342,0.1303,0.0842
IMG_01482,IMG_01482_annotation_000,Road patch failure,0.5243,0.5072,0.4013,0.2908
IMG_01483,IMG_01483_annotation_000,Pothole,0.45,0.3271,0.2315,0.2014
IMG_01483,IMG_01483_annotation_001,Pothole,0.6949,0.3785,0.1694,0.1347
IMG_01483,IMG_01483_annotation_002,Surface depression,0.3421,0.7083,0.575,0.2611
IMG_01484,IMG_01484_annotation_000,Pothole,0.4967,0.5566,0.6908,0.4395
IMG_01485,IMG_01485_annotation_000,Surface depression,0.5173,0.4965,0.2292,0.1875
IMG_01486,IMG_01486_annotation_000,Road patch failure,0.5191,0.404,0.1461,0.0816
IMG_01486,IMG_01486_annotation_001,Road patch failure,0.4533,0.5454,0.2092,0.1776
IMG_01487,IMG_01487_annotation_000,Road patch failure,0.5131,0.4454,0.2421,0.1961
IMG_01487,IMG_01487_annotation_001,Surface depression,0.2763,0.1743,0.471,0.2829
IMG_01488,IMG_01488_annotation_000,Surface depression,0.5605,0.5467,0.879,0.6408
IMG_01489,IMG_01489_annotation_000,Surface depression,0.5921,0.4987,0.5369,0.1789
IMG_01490,IMG_01490_annotation_000,Pothole,0.4958,0.35,0.3639,0.2667
IMG_01490,IMG_01490_annotation_001,Surface depression,0.0896,0.7022,0.1792,0.5906
IMG_01490,IMG_01490_annotation_002,Road patch failure,0.6528,0.6438,0.1028,0.1292
IMG_01491,IMG_01491_annotation_000,Road patch failure,0.498,0.4342,0.2197,0.0974
IMG_01491,IMG_01491_annotation_001,Surface depression,0.825,0.1658,0.3369,0.1684
IMG_01492,IMG_01492_annotation_000,Surface depression,0.5062,0.5333,0.3153,0.375
IMG_01493,IMG_01493_annotation_000,Road patch failure,0.523,0.3842,0.1934,0.1263
IMG_01494,IMG_01494_annotation_000,Pothole,0.498,0.4099,0.4066,0.454
IMG_01495,IMG_01495_annotation_000,Pothole,0.4901,0.4697,0.3171,0.221
IMG_01496,IMG_01496_annotation_000,Surface depression,0.516,0.4528,0.293,0.175
IMG_01496,IMG_01496_annotation_001,Surface depression,0.8389,0.6146,0.3222,0.3847
IMG_01497,IMG_01497_annotation_000,Surface depression,0.6349,0.5756,0.7303,0.6513
IMG_01498,IMG_01498_annotation_000,Road patch failure,0.4855,0.454,0.2,0.1395
IMG_01498,IMG_01498_annotation_001,Road patch failure,0.8197,0.198,0.1132,0.0803
IMG_01498,IMG_01498_annotation_002,Road patch failure,0.0947,0.1244,0.1632,0.0855
IMG_01499,IMG_01499_annotation_000,Surface depression,0.541,0.5305,0.3903,0.2167
IMG_01499,IMG_01499_annotation_001,Surface depression,0.8701,0.3215,0.2597,0.2792
IMG_01500,IMG_01500_annotation_000,Road patch failure,0.4053,0.5217,0.3158,0.1355
IMG_01500,IMG_01500_annotation_001,Road patch failure,0.6434,0.4072,0.3921,0.1145
IMG_01501,IMG_01501_annotation_000,Pothole,0.5401,0.3592,0.5724,0.2184
IMG_01501,IMG_01501_annotation_001,Surface depression,0.5072,0.8717,0.5697,0.2566
IMG_01502,IMG_01502_annotation_000,Surface depression,0.5055,0.3264,0.4972,0.1805
IMG_01503,IMG_01503_annotation_000,Surface depression,0.5111,0.5153,0.4083,0.3028
IMG_01504,IMG_01504_annotation_000,Surface depression,0.479,0.4204,0.7053,0.4197
IMG_01505,IMG_01505_annotation_000,Road patch failure,0.4915,0.6414,0.296,0.3671
IMG_01506,IMG_01506_annotation_000,Road patch failure,0.4822,0.5599,0.254,0.225
IMG_01507,IMG_01507_annotation_000,Surface depression,0.5146,0.4507,0.3458,0.2625
IMG_01508,IMG_01508_annotation_000,Surface depression,0.4577,0.4736,0.6264,0.2889
IMG_01509,IMG_01509_annotation_000,Surface depression,0.5049,0.4313,0.4347,0.2097
IMG_01510,IMG_01510_annotation_000,Surface depression,0.6342,0.5079,0.3974,0.2079
IMG_01510,IMG_01510_annotation_001,Surface depression,0.2816,0.6461,0.471,0.3895
IMG_01511,IMG_01511_annotation_000,Surface depression,0.5,0.5303,0.35,0.2737
IMG_01512,IMG_01512_annotation_000,Surface depression,0.5263,0.4645,0.4631,0.25
IMG_01513,IMG_01513_annotation_000,Surface depression,0.509,0.5055,0.3847,0.1472
IMG_01514,IMG_01514_annotation_000,Surface depression,0.5256,0.479,0.3934,0.2184
IMG_01515,IMG_01515_annotation_000,Surface depression,0.2833,0.2868,0.2722,0.1597
IMG_01515,IMG_01515_annotation_001,Surface depression,0.5889,0.5486,0.5083,0.3639
IMG_01516,IMG_01516_annotation_000,Surface depression,0.5181,0.4938,0.1972,0.1708
IMG_01517,IMG_01517_annotation_000,Surface depression,0.5472,0.6021,0.4667,0.5597
IMG_01518,IMG_01518_annotation_000,Pothole,0.5702,0.4597,0.3347,0.2472
IMG_01518,IMG_01518_annotation_001,Road patch failure,0.2285,0.7799,0.2264,0.2375
IMG_01519,IMG_01519_annotation_000,Surface depression,0.4572,0.6546,0.4355,0.5066
IMG_01520,IMG_01520_annotation_000,Pothole,0.4965,0.4326,0.3125,0.182
IMG_01520,IMG_01520_annotation_001,Surface depression,0.8535,0.5326,0.293,0.157
IMG_01521,IMG_01521_annotation_000,Pothole,0.5333,0.5604,0.5028,0.3903
IMG_01522,IMG_01522_annotation_000,Surface depression,0.4441,0.4494,0.4171,0.1776
IMG_01523,IMG_01523_annotation_000,Pothole,0.4271,0.4403,0.4708,0.2028
IMG_01524,IMG_01524_annotation_000,Surface depression,0.5229,0.55,0.3431,0.2778
IMG_01525,IMG_01525_annotation_000,Surface depression,0.5827,0.4667,0.557,0.3055
IMG_01526,IMG_01526_annotation_000,Pothole,0.5396,0.4938,0.4903,0.3042
IMG_01527,IMG_01527_annotation_000,Road patch failure,0.4881,0.4796,0.3079,0.1882
IMG_01528,IMG_01528_annotation_000,Surface depression,0.4819,0.3917,0.25,0.1778
IMG_01528,IMG_01528_annotation_001,Road patch failure,0.3555,0.6236,0.3778,0.2083
IMG_01529,IMG_01529_annotation_000,Surface depression,0.5111,0.4305,0.2972,0.3195
IMG_01530,IMG_01530_annotation_000,Surface depression,0.4447,0.4605,0.3553,0.1868
IMG_01531,IMG_01531_annotation_000,Surface depression,0.3612,0.3934,0.3671,0.2579
IMG_01532,IMG_01532_annotation_000,Pothole,0.4565,0.3778,0.6168,0.1778
IMG_01533,IMG_01533_annotation_000,Surface depression,0.5153,0.4702,0.3333,0.2264
IMG_01534,IMG_01534_annotation_000,Surface depression,0.471,0.4605,0.3631,0.1684
IMG_01535,IMG_01535_annotation_000,Surface depression,0.4375,0.5111,0.2195,0.1833
IMG_01536,IMG_01536_annotation_000,Pothole,0.4289,0.5973,0.3244,0.1627
IMG_01536,IMG_01536_annotation_001,Pothole,0.58,0.3187,0.6818,0.1973
IMG_01537,IMG_01537_annotation_000,Surface depression,0.4967,0.5112,0.3697,0.2882
IMG_01538,IMG_01538_annotation_000,Surface depression,0.5625,0.5181,0.2695,0.125
IMG_01538,IMG_01538_annotation_001,Pothole,0.4792,0.3479,0.2195,0.132
IMG_01538,IMG_01538_annotation_002,Pothole,0.0437,0.1298,0.0875,0.057
IMG_01538,IMG_01538_annotation_003,Surface depression,0.1555,0.1833,0.1639,0.05
IMG_01538,IMG_01538_annotation_004,Surface depression,0.318,0.8306,0.2778,0.3389
IMG_01539,IMG_01539_annotation_000,Road patch failure,0.5417,0.5104,0.2806,0.182
IMG_01539,IMG_01539_annotation_001,Road patch failure,0.509,0.1688,0.2153,0.1542
IMG_01539,IMG_01539_annotation_002,Road patch failure,0.0847,0.1667,0.1694,0.1972
IMG_01540,IMG_01540_annotation_000,Road patch failure,0.4691,0.4145,0.325,0.1921
IMG_01541,IMG_01541_annotation_000,Surface depression,0.4833,0.5243,0.2472,0.2375
IMG_01542,IMG_01542_annotation_000,Surface depression,0.493,0.5125,0.3278,0.3222
IMG_01543,IMG_01543_annotation_000,Surface depression,0.7153,0.6583,0.3583,0.2667
IMG_01543,IMG_01543_annotation_001,Surface depression,0.3021,0.2896,0.2653,0.1292
IMG_01544,IMG_01544_annotation_000,Surface depression,0.4673,0.4736,0.3625,0.1889
IMG_01545,IMG_01545_annotation_000,Surface depression,0.548,0.4638,0.296,0.2987
IMG_01546,IMG_01546_annotation_000,Surface depression,0.4967,0.5276,0.2566,0.1789
IMG_01547,IMG_01547_annotation_000,Surface depression,0.5408,0.4559,0.3237,0.1934
IMG_01547,IMG_01547_annotation_001,Surface depression,0.6033,0.1151,0.0592,0.0408
IMG_01548,IMG_01548_annotation_000,Surface depression,0.5,0.5283,0.3947,0.396
IMG_01548,IMG_01548_annotation_001,Surface depression,0.323,0.0783,0.1776,0.075
IMG_01549,IMG_01549_annotation_000,Surface depression,0.5139,0.4139,0.275,0.2195
IMG_01550,IMG_01550_annotation_000,Surface depression,0.4888,0.4974,0.4276,0.6026
IMG_01551,IMG_01551_annotation_000,Surface depression,0.4389,0.4313,0.3889,0.2514
IMG_01551,IMG_01551_annotation_001,Surface depression,0.3312,0.9042,0.3097,0.175
IMG_01552,IMG_01552_annotation_000,Miscellaneous abnormality,0.5139,0.4229,0.2333,0.2153
IMG_01553,IMG_01553_annotation_000,Surface depression,0.4542,0.5993,0.3361,0.1347
IMG_01553,IMG_01553_annotation_001,Road patch failure,0.8132,0.641,0.3736,0.1292
IMG_01553,IMG_01553_annotation_002,Road patch failure,0.1535,0.7271,0.2292,0.1431
IMG_01554,IMG_01554_annotation_000,Surface depression,0.4445,0.4646,0.3945,0.2264
IMG_01555,IMG_01555_annotation_000,Road patch failure,0.4816,0.4612,0.2842,0.1618
IMG_01556,IMG_01556_annotation_000,Surface depression,0.5934,0.4915,0.5579,0.1566
IMG_01557,IMG_01557_annotation_000,Surface depression,0.5361,0.5368,0.55,0.193
IMG_01558,IMG_01558_annotation_000,Surface depression,0.5085,0.5375,0.2382,0.354
IMG_01558,IMG_01558_annotation_001,Surface depression,0.2796,0.5612,0.1513,0.3619
IMG_01559,IMG_01559_annotation_000,Road patch failure,0.4513,0.4678,0.25,0.2118
IMG_01560,IMG_01560_annotation_000,Surface depression,0.5375,0.5691,0.4513,0.3776
IMG_01561,IMG_01561_annotation_000,Surface depression,0.5007,0.4694,0.2097,0.1917
IMG_01561,IMG_01561_annotation_001,Surface depression,0.8257,0.8035,0.3486,0.3931
IMG_01562,IMG_01562_annotation_000,Surface depression,0.4653,0.4639,0.3778,0.225
IMG_01563,IMG_01563_annotation_000,Surface depression,0.5278,0.4736,0.3889,0.2583
IMG_01563,IMG_01563_annotation_001,Road patch failure,0.616,0.0792,0.182,0.1028
IMG_01564,IMG_01564_annotation_000,Surface depression,0.491,0.4993,0.3208,0.2875
IMG_01565,IMG_01565_annotation_000,Road patch failure,0.5112,0.4388,0.1829,0.1066
IMG_01566,IMG_01566_annotation_000,Surface depression,0.4854,0.484,0.3931,0.1708
IMG_01567,IMG_01567_annotation_000,Surface depression,0.5104,0.4445,0.6125,0.3028
IMG_01568,IMG_01568_annotation_000,Surface depression,0.391,0.5486,0.4375,0.2889
IMG_01568,IMG_01568_annotation_001,Surface depression,0.85,0.4021,0.2389,0.1986
IMG_01569,IMG_01569_annotation_000,Surface depression,0.4965,0.4861,0.3986,0.2417
IMG_01570,IMG_01570_annotation_000,Road patch failure,0.6309,0.2895,0.1724,0.1658
IMG_01570,IMG_01570_annotation_001,Road patch failure,0.3013,0.6684,0.2737,0.2684
IMG_01571,IMG_01571_annotation_000,Surface depression,0.5278,0.5062,0.6889,0.2653
IMG_01572,IMG_01572_annotation_000,Surface depression,0.5028,0.5458,0.3667,0.2361
IMG_01573,IMG_01573_annotation_000,Surface depression,0.5092,0.4434,0.3658,0.2842
IMG_01574,IMG_01574_annotation_000,Surface depression,0.5191,0.4184,0.3566,0.2895
IMG_01575,IMG_01575_annotation_000,Surface depression,0.5035,0.4868,0.2458,0.3542
IMG_01576,IMG_01576_annotation_000,Surface depression,0.4796,0.4717,0.3671,0.2197
IMG_01577,IMG_01577_annotation_000,Surface depression,0.5546,0.5,0.4276,0.2395
IMG_01578,IMG_01578_annotation_000,Surface depression,0.5494,0.2559,0.3145,0.104
IMG_01578,IMG_01578_annotation_001,Surface depression,0.7572,0.0539,0.1276,0.0684
IMG_01578,IMG_01578_annotation_002,Surface depression,0.8974,0.0349,0.1079,0.0487
IMG_01578,IMG_01578_annotation_003,Surface depression,0.4033,0.5006,0.3434,0.1961
IMG_01579,IMG_01579_annotation_000,Road patch failure,0.4785,0.4577,0.2097,0.1986
IMG_01580,IMG_01580_annotation_000,Road patch failure,0.5236,0.516,0.2944,0.2319
IMG_01581,IMG_01581_annotation_000,Pothole,0.6213,0.7073,0.4933,0.452
IMG_01581,IMG_01581_annotation_001,Pothole,0.334,0.24,0.2485,0.1813
IMG_01581,IMG_01581_annotation_002,Pothole,0.5746,0.2407,0.1881,0.1613
IMG_01581,IMG_01581_annotation_003,Pothole,0.8276,0.1167,0.0985,0.092
IMG_01581,IMG_01581_annotation_004,Pothole,0.8828,0.1847,0.0985,0.076
IMG_01581,IMG_01581_annotation_005,Surface depression,0.1101,0.2493,0.159,0.1733
IMG_01581,IMG_01581_annotation_006,Surface depression,0.1813,0.762,0.3448,0.3773
IMG_01582,IMG_01582_annotation_000,Pothole,0.812,0.3767,0.218,0.18
IMG_01582,IMG_01582_annotation_001,Surface depression,0.634,0.156,0.132,0.112
IMG_01582,IMG_01582_annotation_002,Surface depression,0.8645,0.144,0.207,0.128
IMG_01583,IMG_01583_annotation_000,Pothole,0.5,0.4528,1,0.6167
IMG_01584,IMG_01584_annotation_000,Surface depression,0.7653,0.4882,0.2639,0.2486
IMG_01585,IMG_01585_annotation_000,Surface depression,0.55,0.4822,0.2631,0.175
IMG_01586,IMG_01586_annotation_000,Surface depression,0.5697,0.6316,0.3605,0.2684
IMG_01587,IMG_01587_annotation_000,Road patch failure,0.484,0.4702,0.1847,0.0764
IMG_01588,IMG_01588_annotation_000,Surface depression,0.425,0.5604,0.2528,0.257
IMG_01588,IMG_01588_annotation_001,Surface depression,0.6889,0.3528,0.3861,0.175
IMG_01589,IMG_01589_annotation_000,Road patch failure,0.4424,0.5354,0.182,0.2097
IMG_01589,IMG_01589_annotation_001,Road patch failure,0.9049,0.7257,0.1903,0.2292
IMG_01590,IMG_01590_annotation_000,Pothole,0.5396,0.4958,0.4625,0.2695
IMG_01591,IMG_01591_annotation_000,Surface depression,0.4639,0.3931,0.2,0.2278
IMG_01591,IMG_01591_annotation_001,Surface depression,0.3236,0.5618,0.2056,0.1875
IMG_01592,IMG_01592_annotation_000,Surface depression,0.496,0.4954,0.2579,0.2118
IMG_01593,IMG_01593_annotation_000,Road patch failure,0.5053,0.525,0.2289,0.2947
IMG_01594,IMG_01594_annotation_000,Road patch failure,0.5151,0.3954,0.254,0.2066
IMG_01595,IMG_01595_annotation_000,Surface depression,0.4847,0.459,0.3472,0.3292
IMG_01596,IMG_01596_annotation_000,Surface depression,0.5191,0.4506,0.2882,0.225
IMG_01597,IMG_01597_annotation_000,Surface depression,0.5521,0.5312,0.293,0.4403
IMG_01598,IMG_01598_annotation_000,Surface depression,0.4646,0.5375,0.5153,0.5167
IMG_01599,IMG_01599_annotation_000,Pothole,0.55,0.5694,0.376,0.5917
IMG_01600,IMG_01600_annotation_000,Pothole,0.4213,0.6181,0.8426,0.7639
IMG_01601,IMG_01601_annotation_000,Surface depression,0.4849,0.5447,0.4645,0.2447
IMG_01601,IMG_01601_annotation_001,Surface depression,0.8816,0.1566,0.2368,0.1316
IMG_01602,IMG_01602_annotation_000,Pothole,0.4259,0.7646,0.8519,0.4708
IMG_01602,IMG_01602_annotation_001,Pothole,0.5352,0.259,0.4333,0.1208
IMG_01602,IMG_01602_annotation_002,Pothole,0.487,0.1327,0.2444,0.0764
IMG_01603,IMG_01603_annotation_000,Pothole,0.6403,0.7278,0.6815,0.3583
IMG_01603,IMG_01603_annotation_001,Pothole,0.6276,0.4076,0.324,0.1458
IMG_01603,IMG_01603_annotation_002,Pothole,0.6922,0.2167,0.3739,0.0944
IMG_01603,IMG_01603_annotation_003,Pothole,0.2246,0.3611,0.4248,0.2833
IMG_01604,IMG_01604_annotation_000,Surface depression,0.5044,0.4389,0.3709,0.2944
IMG_01604,IMG_01604_annotation_001,Manhole,0.87,0.5451,0.26,0.2931
IMG_01605,IMG_01605_annotation_000,Pothole,0.5092,0.5097,0.9816,0.6528
IMG_01606,IMG_01606_annotation_000,Road patch failure,0.5125,0.4619,0.1934,0.1684
IMG_01606,IMG_01606_annotation_001,Surface depression,0.3151,0.0849,0.3829,0.1329
IMG_01607,IMG_01607_annotation_000,Surface depression,0.502,0.5401,0.3434,0.1303
IMG_01608,IMG_01608_annotation_000,Surface depression,0.5026,0.3546,0.2579,0.1987
IMG_01608,IMG_01608_annotation_001,Road patch failure,0.4579,0.848,0.1553,0.125
IMG_01609,IMG_01609_annotation_000,Surface depression,0.4901,0.4994,0.3908,0.4013
IMG_01610,IMG_01610_annotation_000,Surface depression,0.4862,0.4796,0.325,0.2908
IMG_01611,IMG_01611_annotation_000,Surface depression,0.4994,0.5566,0.396,0.2289
IMG_01612,IMG_01612_annotation_000,Road patch failure,0.4236,0.666,0.2695,0.3208
IMG_01612,IMG_01612_annotation_001,Road patch failure,0.541,0.1389,0.1708,0.1889
IMG_01613,IMG_01613_annotation_000,Pothole,0.5013,0.4335,0.3053,0.1566
IMG_01613,IMG_01613_annotation_001,Surface depression,0.3099,0.1842,0.2224,0.1868
IMG_01613,IMG_01613_annotation_002,Surface depression,0.0566,0.1743,0.1132,0.1329
IMG_01614,IMG_01614_annotation_000,Surface depression,0.5702,0.425,0.8597,0.2278
IMG_01615,IMG_01615_annotation_000,Surface depression,0.5191,0.4263,0.346,0.2158
IMG_01616,IMG_01616_annotation_000,Road patch failure,0.4556,0.3847,0.1667,0.1472
IMG_01617,IMG_01617_annotation_000,Surface depression,0.4979,0.4472,0.4375,0.2333
IMG_01618,IMG_01618_annotation_000,Surface depression,0.479,0.4263,0.2605,0.1632
IMG_01619,IMG_01619_annotation_000,Surface depression,0.4316,0.3776,0.1947,0.1632
IMG_01619,IMG_01619_annotation_001,Surface depression,0.4066,0.5947,0.2342,0.2342
IMG_01619,IMG_01619_annotation_002,Surface depression,0.727,0.8507,0.3039,0.2987
IMG_01620,IMG_01620_annotation_000,Surface depression,0.3967,0.3934,0.2408,0.2079
IMG_01620,IMG_01620_annotation_001,Surface depression,0.5467,0.5915,0.1987,0.2934
IMG_01621,IMG_01621_annotation_000,Road patch failure,0.4771,0.3889,0.157,0.1195
IMG_01621,IMG_01621_annotation_001,Crack,0.5979,0.8285,0.218,0.2736
IMG_01622,IMG_01622_annotation_000,Surface depression,0.4271,0.4486,0.4153,0.2195
IMG_01622,IMG_01622_annotation_001,Surface depression,0.7667,0.6361,0.2195,0.175
IMG_01623,IMG_01623_annotation_000,Surface depression,0.6619,0.4092,0.4447,0.3079
IMG_01624,IMG_01624_annotation_000,Road patch failure,0.3604,0.4639,0.4736,0.1555
IMG_01625,IMG_01625_annotation_000,Surface depression,0.6465,0.4486,0.3042,0.2306
IMG_01625,IMG_01625_annotation_001,Surface depression,0.3333,0.2542,0.45,0.1028
IMG_01626,IMG_01626_annotation_000,Surface depression,0.4785,0.5139,0.3903,0.2056
IMG_01626,IMG_01626_annotation_001,Road patch failure,0.8861,0.6528,0.2278,0.1889
IMG_01627,IMG_01627_annotation_000,Surface depression,0.4667,0.55,0.4305,0.2667
IMG_01628,IMG_01628_annotation_000,Surface depression,0.5347,0.4417,0.3555,0.1472
IMG_01628,IMG_01628_annotation_001,Surface depression,0.5118,0.9139,0.9764,0.1722
IMG_01628,IMG_01628_annotation_002,Surface depression,0.532,0.7,0.4694,0.1722
IMG_01629,IMG_01629_annotation_000,Surface depression,0.4132,0.4681,0.3736,0.2472
IMG_01630,IMG_01630_annotation_000,Road patch failure,0.4611,0.5153,0.5,0.4222
IMG_01631,IMG_01631_annotation_000,Surface depression,0.5592,0.4796,0.3605,0.3434
IMG_01632,IMG_01632_annotation_000,Surface depression,0.5197,0.5158,0.371,0.3026
IMG_01633,IMG_01633_annotation_000,Surface depression,0.4947,0.4704,0.429,0.354
IMG_01634,IMG_01634_annotation_000,Surface depression,0.5224,0.4599,0.3658,0.2197
IMG_01635,IMG_01635_annotation_000,Surface depression,0.4486,0.5993,0.225,0.3653
IMG_01636,IMG_01636_annotation_000,Surface depression,0.4764,0.4673,0.2361,0.2625
IMG_01637,IMG_01637_annotation_000,Surface depression,0.4965,0.5292,0.332,0.25
IMG_01638,IMG_01638_annotation_000,Surface depression,0.5033,0.5178,0.3013,0.1934
IMG_01638,IMG_01638_annotation_001,Surface depression,0.3322,0.1803,0.0776,0.05
IMG_01638,IMG_01638_annotation_002,Surface depression,0.6375,0.2066,0.1171,0.0474
IMG_01639,IMG_01639_annotation_000,Surface depression,0.4979,0.3632,0.3292,0.2319
IMG_01640,IMG_01640_annotation_000,Surface depression,0.4678,0.5592,0.3697,0.2526
IMG_01641,IMG_01641_annotation_000,Road patch failure,0.4111,0.75,0.2417,0.3361
IMG_01641,IMG_01641_annotation_001,Road patch failure,0.5083,0.2847,0.1417,0.1667
IMG_01641,IMG_01641_annotation_002,Road patch failure,0.7431,0.7465,0.3222,0.507
IMG_01642,IMG_01642_annotation_000,Surface depression,0.5329,0.5625,0.3369,0.3145
IMG_01642,IMG_01642_annotation_001,Surface depression,0.2605,0.2263,0.1789,0.1132
IMG_01643,IMG_01643_annotation_000,Surface depression,0.4868,0.4798,0.2153,0.1625
IMG_01644,IMG_01644_annotation_000,Surface depression,0.5599,0.4816,0.5171,0.6842
IMG_01645,IMG_01645_annotation_000,Surface depression,0.4729,0.5153,0.3625,0.2889
IMG_01646,IMG_01646_annotation_000,Surface depression,0.5417,0.4611,0.4445,0.1417
IMG_01647,IMG_01647_annotation_000,Surface depression,0.4764,0.5736,0.2333,0.1611
IMG_01648,IMG_01648_annotation_000,Surface depression,0.4792,0.4951,0.275,0.1431
IMG_01649,IMG_01649_annotation_000,Pothole,0.525,0.43,0.366,0.316
IMG_01649,IMG_01649_annotation_001,Pothole,0.2615,0.2767,0.129,0.1027
IMG_01649,IMG_01649_annotation_002,Pothole,0.7965,0.738,0.125,0.1507
IMG_01650,IMG_01650_annotation_000,Pothole,0.4609,0.7243,0.5781,0.5514
IMG_01651,IMG_01651_annotation_000,Pothole,0.4778,0.526,0.6533,0.4067
IMG_01652,IMG_01652_annotation_000,Pothole,0.4965,0.436,0.401,0.3173
IMG_01653,IMG_01653_annotation_000,Surface depression,0.5046,0.5131,0.2803,0.1816
IMG_01654,IMG_01654_annotation_000,Pothole,0.6349,0.584,0.5545,0.5958
IMG_01655,IMG_01655_annotation_000,Surface depression,0.5074,0.4896,0.6296,0.6569
IMG_01656,IMG_01656_annotation_000,Surface depression,0.4165,0.4638,0.5434,0.3329
IMG_01656,IMG_01656_annotation_001,Surface depression,0.4585,0.1066,0.1776,0.1421
IMG_01657,IMG_01657_annotation_000,Pothole,0.4888,0.502,0.594,0.716
IMG_01658,IMG_01658_annotation_000,Road patch failure,0.3833,0.4361,0.4667,0.375
IMG_01658,IMG_01658_annotation_001,Road patch failure,0.8583,0.8577,0.2833,0.2847
IMG_01659,IMG_01659_annotation_000,Surface depression,0.493,0.4577,0.2472,0.218
IMG_01660,IMG_01660_annotation_000,Surface depression,0.334,0.5132,0.4236,0.1958
IMG_01660,IMG_01660_annotation_001,Surface depression,0.7694,0.4486,0.3361,0.2195
IMG_01661,IMG_01661_annotation_000,Surface depression,0.4915,0.4763,0.1882,0.1447
IMG_01662,IMG_01662_annotation_000,Road patch failure,0.5342,0.4559,0.2053,0.2276
IMG_01663,IMG_01663_annotation_000,Surface depression,0.5171,0.4974,0.1684,0.1553
IMG_01663,IMG_01663_annotation_001,Surface depression,0.4645,0.3145,0.3421,0.1526
IMG_01664,IMG_01664_annotation_000,Surface depression,0.4681,0.5312,0.4778,0.2736
IMG_01665,IMG_01665_annotation_000,Surface depression,0.523,0.4204,0.2697,0.2276
IMG_01666,IMG_01666_annotation_000,Surface depression,0.5333,0.5458,0.2687,0.1917
IMG_01667,IMG_01667_annotation_000,Road patch failure,0.4722,0.3771,0.3805,0.2125
IMG_01667,IMG_01667_annotation_001,Surface depression,0.5,0.8889,1,0.2222
IMG_01668,IMG_01668_annotation_000,Pothole,0.5098,0.491,0.8151,0.8597
IMG_01669,IMG_01669_annotation_000,Pothole,0.5,0.4907,1,0.6213
IMG_01670,IMG_01670_annotation_000,Surface depression,0.4896,0.5,0.2708,0.2389
IMG_01671,IMG_01671_annotation_000,Surface depression,0.5521,0.409,0.3903,0.2542
IMG_01672,IMG_01672_annotation_000,Road patch failure,0.4951,0.4202,0.2903,0.2042
IMG_01673,IMG_01673_annotation_000,Surface depression,0.4771,0.5611,0.318,0.225
IMG_01674,IMG_01674_annotation_000,Surface depression,0.4875,0.504,0.2355,0.2
IMG_01674,IMG_01674_annotation_001,Surface depression,0.2118,0.2776,0.2553,0.221
IMG_01675,IMG_01675_annotation_000,Road patch failure,0.516,0.5077,0.1708,0.2125
IMG_01675,IMG_01675_annotation_001,Road patch failure,0.0868,0.466,0.1736,0.3708
IMG_01675,IMG_01675_annotation_002,Road patch failure,0.7354,0.4507,0.193,0.2458
IMG_01676,IMG_01676_annotation_000,Surface depression,0.4572,0.4612,0.3592,0.2408
IMG_01677,IMG_01677_annotation_000,Surface depression,0.7934,0.4783,0.4,0.2776
IMG_01678,IMG_01678_annotation_000,Surface depression,0.3533,0.4744,0.6934,0.4881
IMG_01679,IMG_01679_annotation_000,Surface depression,0.4965,0.4437,0.3542,0.2958
IMG_01679,IMG_01679_annotation_001,Surface depression,0.3139,0.2042,0.3139,0.1
IMG_01680,IMG_01680_annotation_000,Road patch failure,0.5604,0.5653,0.307,0.1917
IMG_01680,IMG_01680_annotation_001,Road patch failure,0.4118,0.1889,0.3931,0.1945
IMG_01681,IMG_01681_annotation_000,Surface depression,0.4417,0.6111,0.6472,0.5806
IMG_01682,IMG_01682_annotation_000,Surface depression,0.493,0.432,0.3278,0.1833
IMG_01683,IMG_01683_annotation_000,Surface depression,0.4744,0.4625,0.4171,0.3171
IMG_01684,IMG_01684_annotation_000,Surface depression,0.6217,0.5303,0.3013,0.1895
IMG_01684,IMG_01684_annotation_001,Surface depression,0.254,0.7697,0.4947,0.4053
IMG_01685,IMG_01685_annotation_000,Surface depression,0.5035,0.4458,0.4153,0.2389
IMG_01685,IMG_01685_annotation_001,Surface depression,0.4702,0.7014,0.3042,0.1694
IMG_01686,IMG_01686_annotation_000,Surface depression,0.5085,0.6046,0.3671,0.2197
IMG_01687,IMG_01687_annotation_000,Road patch failure,0.4921,0.5309,0.2395,0.1592
IMG_01688,IMG_01688_annotation_000,Miscellaneous abnormality,0.5555,0.7167,0.2472,0.2833
IMG_01689,IMG_01689_annotation_000,Surface depression,0.4658,0.4796,0.2711,0.3619
IMG_01690,IMG_01690_annotation_000,Road patch failure,0.5104,0.3382,0.2264,0.2319
IMG_01690,IMG_01690_annotation_001,Road patch failure,0.5736,0.6562,0.3417,0.3403
IMG_01691,IMG_01691_annotation_000,Pothole,0.4667,0.425,0.7864,0.4028
IMG_01692,IMG_01692_annotation_000,Surface depression,0.5165,0.5046,0.3092,0.1882
IMG_01693,IMG_01693_annotation_000,Surface depression,0.5526,0.5072,0.5605,0.3487
IMG_01694,IMG_01694_annotation_000,Surface depression,0.8967,0.5335,0.2066,0.3145
IMG_01694,IMG_01694_annotation_001,Surface depression,0.4776,0.4526,0.4131,0.2684
IMG_01695,IMG_01695_annotation_000,Surface depression,0.3722,0.5139,0.2889,0.2639
IMG_01695,IMG_01695_annotation_001,Surface depression,0.7521,0.3292,0.307,0.2555
IMG_01696,IMG_01696_annotation_000,Surface depression,0.5072,0.5836,0.3697,0.2776
IMG_01696,IMG_01696_annotation_001,Surface depression,0.452,0.1487,0.254,0.0816
IMG_01697,IMG_01697_annotation_000,Surface depression,0.5053,0.579,0.3684,0.2868
IMG_01698,IMG_01698_annotation_000,Surface depression,0.432,0.5382,0.3417,0.3625
IMG_01698,IMG_01698_annotation_001,Surface depression,0.2632,0.2611,0.2292,0.1389
IMG_01699,IMG_01699_annotation_000,Road patch failure,0.5035,0.4924,0.5486,0.1681
IMG_01700,IMG_01700_annotation_000,Surface depression,0.5224,0.4671,0.45,0.2158
IMG_01701,IMG_01701_annotation_000,Pothole,0.4042,0.5583,0.8083,0.8056
IMG_01702,IMG_01702_annotation_000,Pothole,0.5017,0.4267,0.517,0.456
IMG_01703,IMG_01703_annotation_000,Road patch failure,0.55,0.4993,0.358,0.2893
IMG_01703,IMG_01703_annotation_001,Road patch failure,0.2805,0.172,0.321,0.248
IMG_01704,IMG_01704_annotation_000,Road patch failure,0.5325,0.5066,0.2018,0.1237
IMG_01705,IMG_01705_annotation_000,Pothole,0.4991,0.4319,0.9981,0.725
IMG_01706,IMG_01706_annotation_000,Surface depression,0.4724,0.446,0.2842,0.1842
IMG_01707,IMG_01707_annotation_000,Road patch failure,0.4993,0.5764,0.2653,0.2806
IMG_01708,IMG_01708_annotation_000,Surface depression,0.4684,0.5092,0.4605,0.4816
IMG_01709,IMG_01709_annotation_000,Surface depression,0.529,0.4974,0.3974,0.1816
IMG_01709,IMG_01709_annotation_001,Surface depression,0.4085,0.1211,0.2145,0.1053
IMG_01710,IMG_01710_annotation_000,Surface depression,0.6434,0.5671,0.529,0.3605
IMG_01711,IMG_01711_annotation_000,Surface depression,0.4869,0.4566,0.3526,0.3842
IMG_01712,IMG_01712_annotation_000,Surface depression,0.4938,0.5021,0.3569,0.332
IMG_01713,IMG_01713_annotation_000,Surface depression,0.4479,0.491,0.182,0.1653
IMG_01713,IMG_01713_annotation_001,Road patch failure,0.3646,0.1729,0.132,0.1681
IMG_01714,IMG_01714_annotation_000,Road patch failure,0.4847,0.4424,0.2833,0.332
IMG_01715,IMG_01715_annotation_000,Surface depression,0.4803,0.3546,0.4184,0.4092
IMG_01716,IMG_01716_annotation_000,Surface depression,0.4285,0.5965,0.7371,0.6653
IMG_01717,IMG_01717_annotation_000,Pothole,0.5118,0.4805,0.2458,0.175
IMG_01718,IMG_01718_annotation_000,Surface depression,0.493,0.4945,0.45,0.1917
IMG_01719,IMG_01719_annotation_000,Surface depression,0.4915,0.496,0.3724,0.221
IMG_01720,IMG_01720_annotation_000,Road patch failure,0.4243,0.7423,0.2097,0.1542
IMG_01721,IMG_01721_annotation_000,Surface depression,0.4958,0.4486,0.5222,0.25
IMG_01721,IMG_01721_annotation_001,Surface depression,0.8569,0.2069,0.2861,0.1417
IMG_01722,IMG_01722_annotation_000,Surface depression,0.5369,0.4849,0.2526,0.1803
IMG_01722,IMG_01722_annotation_001,Surface depression,0.2053,0.6737,0.3026,0.2684
IMG_01723,IMG_01723_annotation_000,Road patch failure,0.5421,0.5204,0.1526,0.1776
IMG_01724,IMG_01724_annotation_000,Surface depression,0.4528,0.3805,0.3222,0.2778
IMG_01724,IMG_01724_annotation_001,Road patch failure,0.5528,0.7597,0.3278,0.1444
IMG_01725,IMG_01725_annotation_000,Road patch failure,0.4309,0.4855,0.1829,0.1421
IMG_01726,IMG_01726_annotation_000,Surface depression,0.5396,0.2542,0.3542,0.2472
IMG_01726,IMG_01726_annotation_001,Road patch failure,0.3361,0.8146,0.2778,0.3708
IMG_01727,IMG_01727_annotation_000,Surface depression,0.5487,0.4915,0.2658,0.2487
IMG_01728,IMG_01728_annotation_000,Surface depression,0.479,0.5197,0.371,0.2237
IMG_01729,IMG_01729_annotation_000,Surface depression,0.4829,0.3447,0.2316,0.5895
IMG_01730,IMG_01730_annotation_000,Surface depression,0.5437,0.4486,0.2958,0.15
IMG_01730,IMG_01730_annotation_001,Surface depression,0.4007,0.2111,0.2986,0.1945
IMG_01730,IMG_01730_annotation_002,Road patch failure,0.7181,0.6562,0.1639,0.1347
IMG_01731,IMG_01731_annotation_000,Surface depression,0.4908,0.5171,0.4737,0.2605
IMG_01732,IMG_01732_annotation_000,Surface depression,0.4862,0.4704,0.2382,0.1355
IMG_01733,IMG_01733_annotation_000,Surface depression,0.4322,0.475,0.2145,0.1974
IMG_01734,IMG_01734_annotation_000,Surface depression,0.5229,0.5361,0.2986,0.3083
IMG_01735,IMG_01735_annotation_000,Surface depression,0.4694,0.4805,0.275,0.175
IMG_01736,IMG_01736_annotation_000,Pothole,0.5184,0.5,0.7026,0.3658
IMG_01737,IMG_01737_annotation_000,Surface depression,0.4191,0.429,0.2197,0.2184
IMG_01738,IMG_01738_annotation_000,Pothole,0.4177,0.6285,0.7188,0.4847
IMG_01738,IMG_01738_annotation_001,Pothole,0.6219,0.2118,0.1187,0.0597
IMG_01738,IMG_01738_annotation_002,Surface depression,0.1708,0.2313,0.3417,0.1708
IMG_01738,IMG_01738_annotation_003,Surface depression,0.7297,0.3326,0.2969,0.0875
IMG_01739,IMG_01739_annotation_000,Surface depression,0.5401,0.5954,0.3487,0.1855
IMG_01740,IMG_01740_annotation_000,Surface depression,0.3472,0.6285,0.6944,0.6958
IMG_01740,IMG_01740_annotation_001,Road patch failure,0.8298,0.1521,0.3403,0.257
IMG_01741,IMG_01741_annotation_000,Surface depression,0.5201,0.5653,0.3736,0.8694
IMG_01742,IMG_01742_annotation_000,Pothole,0.2471,0.7707,0.4675,0.4587
IMG_01742,IMG_01742_annotation_001,Pothole,0.49,0.3693,0.2517,0.12
IMG_01742,IMG_01742_annotation_002,Pothole,0.4654,0.4633,0.0992,0.0627
IMG_01742,IMG_01742_annotation_003,Pothole,0.9096,0.3913,0.1725,0.076
IMG_01742,IMG_01742_annotation_004,Pothole,0.6021,0.248,0.1625,0.0587
IMG_01742,IMG_01742_annotation_005,Pothole,0.6204,0.1933,0.1008,0.032
IMG_01743,IMG_01743_annotation_000,Pothole,0.517,0.2624,0.4605,0.1295
IMG_01743,IMG_01743_annotation_001,Surface depression,0.1535,0.2095,0.1856,0.0571
IMG_01744,IMG_01744_annotation_000,Road patch failure,0.2095,0.1793,0.1108,0.1176
IMG_01744,IMG_01744_annotation_001,Road patch failure,0.375,0.2668,0.1797,0.091
IMG_01745,IMG_01745_annotation_000,Crack,0.5605,0.5468,0.6947,0.7766
IMG_01746,IMG_01746_annotation_000,Surface depression,0.1738,0.5657,0.3475,0.8651
IMG_01747,IMG_01747_annotation_000,Crack,0.7911,0.3069,0.374,0.5976
IMG_01748,IMG_01748_annotation_000,Surface depression,0.3122,0.8875,0.614,0.225
IMG_01749,IMG_01749_annotation_000,Pothole,0.4279,0.7373,0.3686,0.5185
IMG_01750,IMG_01750_annotation_000,Road patch failure,0.8944,0.696,0.2112,0.3291
IMG_01750,IMG_01750_annotation_001,Road patch failure,0.6125,0.4268,0.349,0.3415
IMG_01750,IMG_01750_annotation_002,Road patch failure,0.3107,0.1425,0.3009,0.2465
IMG_01751,IMG_01751_annotation_000,Surface depression,0.3812,0.7048,0.622,0.248
IMG_01752,IMG_01752_annotation_000,Surface depression,0.096,0.7913,0.1919,0.3991
IMG_01752,IMG_01752_annotation_001,Surface depression,0.2212,0.4872,0.2414,0.2583
IMG_01752,IMG_01752_annotation_002,Surface depression,0.3621,0.3075,0.1484,0.1503
IMG_01752,IMG_01752_annotation_003,Surface depression,0.4573,0.1845,0.096,0.1476
IMG_01752,IMG_01752_annotation_004,Surface depression,0.5691,0.1011,0.1484,0.1339
IMG_01753,IMG_01753_annotation_000,Pothole,0.7721,0.2046,0.4557,0.3185
IMG_01753,IMG_01753_annotation_001,Surface depression,0.2279,0.2838,0.4453,0.276
IMG_01754,IMG_01754_annotation_000,Manhole,0.3483,0.6915,0.587,0.4749
IMG_01755,IMG_01755_annotation_000,Manhole,0.6194,0.6548,0.6894,0.6905
IMG_01756,IMG_01756_annotation_000,Surface depression,0.6296,0.353,0.6729,0.3022
IMG_01757,IMG_01757_annotation_000,Pothole,0.5197,0.467,0.9036,0.5246
IMG_01758,IMG_01758_annotation_000,Manhole,0.3312,0.3307,0.2938,0.1254
IMG_01758,IMG_01758_annotation_001,Pothole,0.3302,0.181,0.5186,0.2252
IMG_01758,IMG_01758_annotation_002,Pothole,0.813,0.3627,0.374,0.2266
IMG_01758,IMG_01758_annotation_003,Pothole,0.3657,0.6307,0.3586,0.181
IMG_01759,IMG_01759_annotation_000,Surface depression,0.3902,0.2865,0.4045,0.2091
IMG_01760,IMG_01760_annotation_000,Road patch failure,0.3651,0.3875,0.2751,0.3462
IMG_01760,IMG_01760_annotation_001,Road patch failure,0.6684,0.7197,0.2681,0.4913
IMG_01761,IMG_01761_annotation_000,Surface depression,0.5914,0.3498,0.8172,0.6836
IMG_01762,IMG_01762_annotation_000,Surface depression,0.375,0.335,0.402,0.1695
IMG_01763,IMG_01763_annotation_000,Road patch failure,0.4167,0.3555,0.1788,0.0924
IMG_01763,IMG_01763_annotation_001,Road patch failure,0.754,0.3311,0.253,0.0686
IMG_01765,IMG_01765_annotation_000,Surface depression,0.5887,0.0688,0.7486,0.132
IMG_01765,IMG_01765_annotation_001,Surface depression,0.3963,0.6265,0.5256,0.747
IMG_01766,IMG_01766_annotation_000,Surface depression,0.4684,0.2104,0.9368,0.4208
IMG_01767,IMG_01767_annotation_000,Pothole,0.5509,0.5145,0.8983,0.4068
IMG_01768,IMG_01768_annotation_000,Surface depression,0.4621,0.2599,0.3739,0.209
IMG_01769,IMG_01769_annotation_000,Pothole,0.3004,0.7806,0.5628,0.2614
IMG_01769,IMG_01769_annotation_001,Road patch failure,0.498,0.4682,0.1474,0.1789
IMG_01769,IMG_01769_annotation_002,Road patch failure,0.6801,0.5912,0.2256,0.204
IMG_01770,IMG_01770_annotation_000,Surface depression,0.3067,0.1144,0.6133,0.2288
IMG_01771,IMG_01771_annotation_000,Pothole,0.2985,0.4096,0.5695,0.2034
IMG_01772,IMG_01772_annotation_000,Surface depression,0.4799,0.4,0.5982,0.3149
IMG_01773,IMG_01773_annotation_000,Surface depression,0.4379,0.2387,0.5826,0.3329
IMG_01774,IMG_01774_annotation_000,Pothole,0.2564,0.3439,0.3779,0.1832
IMG_01774,IMG_01774_annotation_001,Surface depression,0.6808,0.3147,0.4768,0.2496
IMG_01776,IMG_01776_annotation_000,Pothole,0.5055,0.1253,0.1878,0.0765
IMG_01777,IMG_01777_annotation_000,Pothole,0.4797,0.3965,0.388,0.4124
IMG_01778,IMG_01778_annotation_000,Pothole,0.4805,0.1526,0.2439,0.0742
IMG_01779,IMG_01779_annotation_000,Pothole,0.3139,0.246,0.4528,0.1394
IMG_01779,IMG_01779_annotation_001,Surface depression,0.6697,0.2446,0.3919,0.2897
IMG_01779,IMG_01779_annotation_002,Surface depression,0.6817,0.6824,0.6366,0.6351
IMG_01780,IMG_01780_annotation_000,Pothole,0.2752,0.1257,0.5247,0.2382
IMG_01780,IMG_01780_annotation_001,Surface depression,0.7218,0.6395,0.5563,0.7211
IMG_01780,IMG_01780_annotation_002,Surface depression,0.6858,0.1283,0.4245,0.2566
IMG_01781,IMG_01781_annotation_000,Surface depression,0.5052,0.2848,0.9896,0.2855
IMG_01782,IMG_01782_annotation_000,Surface depression,0.3556,0.5468,0.6572,0.9011
IMG_01783,IMG_01783_annotation_000,Surface depression,0.3404,0.5401,0.6808,0.9197
IMG_01784,IMG_01784_annotation_000,Pothole,0.3516,0.2829,0.5415,0.2206
IMG_01784,IMG_01784_annotation_001,Surface depression,0.7096,0.6987,0.5807,0.6027
IMG_01785,IMG_01785_annotation_000,Pothole,0.4683,0.3163,0.4496,0.1427
IMG_01786,IMG_01786_annotation_000,Pothole,0.5283,0.2028,0.6893,0.2646
IMG_01787,IMG_01787_annotation_000,Pothole,0.6101,0.6547,0.5405,0.3518
IMG_01788,IMG_01788_annotation_000,Surface depression,0.5307,0.5651,0.9386,0.8699
IMG_01789,IMG_01789_annotation_000,Surface depression,0.4156,0.2342,0.8313,0.4685
IMG_01790,IMG_01790_annotation_000,Pothole,0.6268,0.288,0.4112,0.0901
IMG_01791,IMG_01791_annotation_000,Manhole,0.1934,0.2468,0.3869,0.1116
IMG_01791,IMG_01791_annotation_001,Surface depression,0.5971,0.2992,0.3102,0.2192
IMG_01792,IMG_01792_annotation_000,Surface depression,0.5691,0.4167,0.7043,0.2123
IMG_01793,IMG_01793_annotation_000,Surface depression,0.4576,0.4315,0.8679,0.1098
IMG_01794,IMG_01794_annotation_000,Surface depression,0.5,0.585,1,0.8299
IMG_01795,IMG_01795_annotation_000,Pothole,0.7911,0.3173,0.3745,0.2289
IMG_01796,IMG_01796_annotation_000,Surface depression,0.5278,0.1819,0.8342,0.2759
IMG_01797,IMG_01797_annotation_000,Manhole,0.6528,0.1273,0.5562,0.1173
IMG_01797,IMG_01797_annotation_001,Surface depression,0.2949,0.2153,0.3087,0.1416
IMG_01797,IMG_01797_annotation_002,Surface depression,0.7976,0.2668,0.3363,0.1187
IMG_01798,IMG_01798_annotation_000,Surface depression,0.4477,0.4711,0.7598,0.4605
IMG_01799,IMG_01799_annotation_000,Surface depression,0.3084,0.1458,0.6167,0.2916
IMG_01799,IMG_01799_annotation_001,Manhole,0.7596,0.1125,0.1854,0.0326
IMG_01799,IMG_01799_annotation_002,Road patch failure,0.7397,0.3942,0.2614,0.0977
IMG_01800,IMG_01800_annotation_000,Surface depression,0.5207,0.8451,0.9586,0.3097
IMG_01801,IMG_01801_annotation_000,Surface depression,0.5647,0.5553,0.8707,0.8893
IMG_01802,IMG_01802_annotation_000,Surface depression,0.5,0.5511,1,0.8978
IMG_01803,IMG_01803_annotation_000,Surface depression,0.5018,0.7001,0.9965,0.5999
IMG_01805,IMG_01805_annotation_000,Surface depression,0.1962,0.2348,0.3924,0.3226
IMG_01805,IMG_01805_annotation_001,Surface depression,0.6887,0.2966,0.5367,0.1918
IMG_01806,IMG_01806_annotation_000,Surface depression,0.346,0.5589,0.3036,0.3039
IMG_01808,IMG_01808_annotation_000,Surface depression,0.5227,0.6344,0.9044,0.6097
IMG_01809,IMG_01809_annotation_000,Surface depression,0.8511,0.2433,0.2951,0.4867
IMG_01809,IMG_01809_annotation_001,Manhole,0.5573,0.0786,0.2166,0.0697
IMG_01809,IMG_01809_annotation_002,Surface depression,0.3059,0.1196,0.2667,0.2092
IMG_01810,IMG_01810_annotation_000,Surface depression,0.4886,0.6056,0.154,0.25
IMG_01810,IMG_01810_annotation_001,Surface depression,0.6573,0.8726,0.2968,0.2549
IMG_01810,IMG_01810_annotation_002,Surface depression,0.1872,0.1808,0.3745,0.3617
IMG_01811,IMG_01811_annotation_000,Surface depression,0.3641,0.3047,0.4127,0.1849
IMG_01811,IMG_01811_annotation_001,Surface depression,0.7968,0.364,0.4064,0.2686
IMG_01812,IMG_01812_annotation_000,Surface depression,0.7624,0.713,0.4752,0.5739
IMG_01813,IMG_01813_annotation_000,Surface depression,0.1368,0.4994,0.2736,0.9989
IMG_01813,IMG_01813_annotation_001,Surface depression,0.5829,0.4842,0.238,0.1351
IMG_01813,IMG_01813_annotation_002,Surface depression,0.7336,0.0725,0.5329,0.1422
IMG_01813,IMG_01813_annotation_003,Surface depression,0.857,0.2309,0.2859,0.1858
IMG_01814,IMG_01814_annotation_000,Surface depression,0.5,0.5649,1,0.8701
IMG_01815,IMG_01815_annotation_000,Surface depression,0.4167,0.5725,0.2841,0.3191
IMG_01815,IMG_01815_annotation_001,Manhole,0.161,0.6785,0.3056,0.1985
IMG_01815,IMG_01815_annotation_002,Pothole,0.512,0.2829,0.423,0.1904
IMG_01817,IMG_01817_annotation_000,Surface depression,0.5805,0.1952,0.351,0.1435
IMG_01817,IMG_01817_annotation_001,Surface depression,0.5825,0.5253,0.2403,0.1234
IMG_01818,IMG_01818_annotation_000,Surface depression,0.5393,0.192,0.3661,0.3293
IMG_01818,IMG_01818_annotation_001,Surface depression,0.8749,0.4185,0.2503,0.4694
IMG_01819,IMG_01819_annotation_000,Surface depression,0.4993,0.2738,0.9987,0.5475
IMG_01820,IMG_01820_annotation_000,Surface depression,0.3898,0.6598,0.2805,0.144
IMG_01820,IMG_01820_annotation_001,Surface depression,0.2104,0.4965,0.1833,0.1133
IMG_01820,IMG_01820_annotation_002,Surface depression,0.4208,0.2539,0.228,0.0706
IMG_01822,IMG_01822_annotation_000,Surface depression,0.4941,0.5516,0.244,0.2219
IMG_01823,IMG_01823_annotation_000,Crack,0.2685,0.242,0.3033,0.231
IMG_01824,IMG_01824_annotation_000,Surface depression,0.5553,0.346,0.2627,0.1187
IMG_01824,IMG_01824_annotation_001,Surface depression,0.5682,0.1713,0.1342,0.1693
IMG_01824,IMG_01824_annotation_002,Manhole,0.4365,0.0353,0.1963,0.0627
IMG_01825,IMG_01825_annotation_000,Surface depression,0.4825,0.2247,0.2129,0.091
IMG_01825,IMG_01825_annotation_001,Pothole,0.8807,0.506,0.2386,0.175
IMG_01825,IMG_01825_annotation_002,Pothole,0.6643,0.3087,0.1176,0.0882
IMG_01826,IMG_01826_annotation_000,Surface depression,0.5911,0.2569,0.4421,0.1713
IMG_01826,IMG_01826_annotation_001,Surface depression,0.178,0.3378,0.356,0.2692
IMG_01827,IMG_01827_annotation_000,Manhole,0.4852,0.2911,0.2842,0.0931
IMG_01827,IMG_01827_annotation_001,Surface depression,0.8245,0.4241,0.3511,0.8084
IMG_01828,IMG_01828_annotation_000,Surface depression,0.6076,0.2488,0.7847,0.2013
IMG_01829,IMG_01829_annotation_000,Surface depression,0.5676,0.6167,0.4426,0.22
IMG_01830,IMG_01830_annotation_000,Pothole,0.49,0.2383,0.3155,0.1322
IMG_01831,IMG_01831_annotation_000,Surface depression,0.5332,0.602,0.401,0.303
IMG_01832,IMG_01832_annotation_000,Surface depression,0.3871,0.6597,0.4935,0.4247
IMG_01833,IMG_01833_annotation_000,Surface depression,0.6729,0.5984,0.6541,0.8033
IMG_01834,IMG_01834_annotation_000,Surface depression,0.2717,0.4219,0.4061,0.2546
IMG_01835,IMG_01835_annotation_000,Surface depression,0.5964,0.364,0.5493,0.4989
IMG_01836,IMG_01836_annotation_000,Surface depression,0.1593,0.1684,0.3055,0.2986
IMG_01836,IMG_01836_annotation_001,Surface depression,0.498,0.2788,0.3276,0.2462
IMG_01836,IMG_01836_annotation_002,Surface depression,0.8544,0.5511,0.2913,0.4574
IMG_01837,IMG_01837_annotation_000,Surface depression,0.5055,0.3805,0.3218,0.3019
IMG_01837,IMG_01837_annotation_001,Surface depression,0.8459,0.5897,0.3082,0.4626
IMG_01838,IMG_01838_annotation_000,Surface depression,0.8358,0.5253,0.2813,0.1937
IMG_01838,IMG_01838_annotation_001,Surface depression,0.2485,0.5018,0.2066,0.2406
IMG_01839,IMG_01839_annotation_000,Pothole,0.5339,0.5669,0.3076,0.2258
IMG_01839,IMG_01839_annotation_001,Surface depression,0.6691,0.8095,0.194,0.1699
IMG_01839,IMG_01839_annotation_002,Surface depression,0.3011,0.2326,0.2469,0.322
IMG_01840,IMG_01840_annotation_000,Pothole,0.4814,0.428,0.213,0.1354
IMG_01840,IMG_01840_annotation_001,Pothole,0.4436,0.808,0.7593,0.1959
IMG_01840,IMG_01840_annotation_002,Pothole,0.1353,0.169,0.2535,0.1828
IMG_01841,IMG_01841_annotation_000,Surface depression,0.3487,0.5234,0.6758,0.9533
IMG_01842,IMG_01842_annotation_000,Surface depression,0.3533,0.5612,0.2017,0.232
IMG_01842,IMG_01842_annotation_001,Surface depression,0.1384,0.1306,0.2768,0.1568
IMG_01843,IMG_01843_annotation_000,Surface depression,0.7075,0.5468,0.585,0.3099
IMG_01844,IMG_01844_annotation_000,Surface depression,0.4984,0.4987,0.4952,0.1563
IMG_01845,IMG_01845_annotation_000,Surface depression,0.8513,0.559,0.2975,0.4425
IMG_01845,IMG_01845_annotation_001,Surface depression,0.4595,0.1298,0.4506,0.2596
IMG_01847,IMG_01847_annotation_000,Surface depression,0.4834,0.5945,0.9044,0.4256
IMG_01848,IMG_01848_annotation_000,Pothole,0.4571,0.3754,0.851,0.4439
IMG_01849,IMG_01849_annotation_000,Pothole,0.0619,0.1294,0.1237,0.2241
IMG_01850,IMG_01850_annotation_000,Surface depression,0.2777,0.4122,0.3444,0.15
IMG_01850,IMG_01850_annotation_001,Surface depression,0.1398,0.166,0.2466,0.1514
IMG_01851,IMG_01851_annotation_000,Surface depression,0.7689,0.4575,0.4571,0.108
IMG_01852,IMG_01852_annotation_000,Pothole,0.431,0.463,0.837,0.3566
IMG_01852,IMG_01852_annotation_001,Pothole,0.4444,0.1398,0.2774,0.1019
IMG_01852,IMG_01852_annotation_002,Surface depression,0.8644,0.1887,0.2712,0.0771
IMG_01853,IMG_01853_annotation_000,Pothole,0.317,0.3902,0.5978,0.2764
IMG_01853,IMG_01853_annotation_001,Manhole,0.2569,0.4119,0.3766,0.1897
IMG_01853,IMG_01853_annotation_002,Surface depression,0.8559,0.2812,0.2883,0.2669
IMG_01854,IMG_01854_annotation_000,Surface depression,0.6008,0.5014,0.2814,0.2115
IMG_01854,IMG_01854_annotation_001,Manhole,0.4701,0.2721,0.22,0.1566
IMG_01855,IMG_01855_annotation_000,Manhole,0.3441,0.562,0.1779,0.1022
IMG_01857,IMG_01857_annotation_000,Pothole,0.4804,0.1541,0.5479,0.2113
IMG_01857,IMG_01857_annotation_001,Pothole,0.1005,0.2436,0.2011,0.07
IMG_01857,IMG_01857_annotation_002,Surface depression,0.5439,0.5034,0.8205,0.21
IMG_01858,IMG_01858_annotation_000,Pothole,0.5637,0.3364,0.871,0.2356
IMG_01859,IMG_01859_annotation_000,Pothole,0.5461,0.4278,0.7139,0.2616
IMG_01859,IMG_01859_annotation_001,Surface depression,0.721,0.2668,0.2994,0.113
IMG_01860,IMG_01860_annotation_000,Surface depression,0.595,0.5686,0.81,0.322
IMG_01861,IMG_01861_annotation_000,Manhole,0.2628,0.5864,0.3793,0.3023
IMG_01862,IMG_01862_annotation_000,Surface depression,0.3699,0.6455,0.3781,0.7091
IMG_01863,IMG_01863_annotation_000,Surface depression,0.3429,0.6052,0.1933,0.2123
IMG_01863,IMG_01863_annotation_001,Surface depression,0.4528,0.2178,0.5856,0.4053
IMG_01864,IMG_01864_annotation_000,Surface depression,0.5464,0.5275,0.828,0.6749
IMG_01865,IMG_01865_annotation_000,Surface depression,0.6277,0.1068,0.2742,0.0685
IMG_01865,IMG_01865_annotation_001,Surface depression,0.3616,0.2034,0.3871,0.0973
IMG_01865,IMG_01865_annotation_002,Surface depression,0.1747,0.3144,0.3495,0.174
IMG_01865,IMG_01865_annotation_003,Surface depression,0.8044,0.8541,0.3911,0.2918
IMG_01866,IMG_01866_annotation_000,Surface depression,0.7072,0.1244,0.3344,0.1403
IMG_01867,IMG_01867_annotation_000,Manhole,0.4012,0.6462,0.5372,0.1524
IMG_01867,IMG_01867_annotation_001,Pothole,0.5242,0.2712,0.4343,0.1058
IMG_01867,IMG_01867_annotation_002,Pothole,0.6349,0.1003,0.3454,0.0961
IMG_01868,IMG_01868_annotation_000,Surface depression,0.474,0.2364,0.5738,0.3469
IMG_01868,IMG_01868_annotation_001,Manhole,0.0665,0.686,0.1331,0.4126
IMG_01869,IMG_01869_annotation_000,Surface depression,0.3145,0.7091,0.544,0.5263
IMG_01869,IMG_01869_annotation_001,Pothole,0.4721,0.1572,0.1261,0.0734
IMG_01869,IMG_01869_annotation_002,Pothole,0.5689,0.3151,0.2669,0.1814
IMG_01869,IMG_01869_annotation_003,Pothole,0.313,0.2036,0.1129,0.0665
IMG_01870,IMG_01870_annotation_000,Surface depression,0.3656,0.1641,0.2574,0.3026
IMG_01870,IMG_01870_annotation_001,Surface depression,0.6155,0.405,0.4875,0.179
IMG_01870,IMG_01870_annotation_002,Surface depression,0.7149,0.7749,0.2778,0.4501
IMG_01871,IMG_01871_annotation_000,Pothole,0.5012,0.2667,0.9772,0.2628
IMG_01871,IMG_01871_annotation_001,Surface depression,0.5101,0.7137,0.9797,0.5725
IMG_01872,IMG_01872_annotation_000,Pothole,0.4904,0.5561,0.6211,0.5528
IMG_01872,IMG_01872_annotation_001,Surface depression,0.7012,0.1261,0.5945,0.239
IMG_01873,IMG_01873_annotation_000,Pothole,0.6045,0.3286,0.2171,0.1104
IMG_01873,IMG_01873_annotation_001,Manhole,0.368,0.1341,0.1247,0.071
IMG_01873,IMG_01873_annotation_002,Surface depression,0.2566,0.372,0.4027,0.1735
IMG_01873,IMG_01873_annotation_003,Surface depression,0.2256,0.7867,0.4513,0.4114
IMG_01873,IMG_01873_annotation_004,Pothole,0.6964,0.1163,0.1419,0.0828
IMG_01873,IMG_01873_annotation_005,Surface depression,0.8808,0.4213,0.2384,0.2326
IMG_01874,IMG_01874_annotation_000,Surface depression,0.7512,0.1684,0.3681,0.2694
IMG_01874,IMG_01874_annotation_001,Surface depression,0.7751,0.6249,0.4498,0.5064
IMG_01875,IMG_01875_annotation_000,Manhole,0.5476,0.7586,0.4014,0.3676
IMG_01875,IMG_01875_annotation_001,Surface depression,0.6008,0.174,0.4005,0.3402
IMG_01875,IMG_01875_annotation_002,Surface depression,0.068,0.1238,0.1275,0.1616
IMG_01876,IMG_01876_annotation_000,Pothole,0.6735,0.6284,0.3053,0.2835
IMG_01876,IMG_01876_annotation_001,Pothole,0.2674,0.3664,0.1388,0.1578
IMG_01876,IMG_01876_annotation_002,Pothole,0.1966,0.1604,0.1582,0.0829
IMG_01876,IMG_01876_annotation_003,Surface depression,0.3867,0.2226,0.148,0.127
IMG_01876,IMG_01876_annotation_004,Manhole,0.8511,0.2166,0.2424,0.1524
IMG_01877,IMG_01877_annotation_000,Surface depression,0.4697,0.4595,0.9041,0.8576
IMG_01878,IMG_01878_annotation_000,Pothole,0.3013,0.832,0.6027,0.2007
IMG_01879,IMG_01879_annotation_000,Pothole,0.4009,0.6371,0.3799,0.4219
IMG_01880,IMG_01880_annotation_000,Crack,0.614,0.2919,0.5592,0.3472
IMG_01881,IMG_01881_annotation_000,Surface depression,0.4176,0.5646,0.7159,0.2949
IMG_01882,IMG_01882_annotation_000,Surface depression,0.0925,0.7289,0.1849,0.5398
IMG_01882,IMG_01882_annotation_001,Surface depression,0.2518,0.4631,0.1879,0.2493
IMG_01882,IMG_01882_annotation_002,Surface depression,0.3812,0.2795,0.1278,0.2576
IMG_01882,IMG_01882_annotation_003,Surface depression,0.5029,0.1439,0.1549,0.137
IMG_01883,IMG_01883_annotation_000,Pothole,0.7156,0.2853,0.5652,0.3934
IMG_01884,IMG_01884_annotation_000,Manhole,0.3437,0.5379,0.5952,0.3862
IMG_01885,IMG_01885_annotation_000,Pothole,0.6241,0.6211,0.7517,0.6641
IMG_01886,IMG_01886_annotation_000,Manhole,0.3216,0.3082,0.3115,0.1314
IMG_01886,IMG_01886_annotation_001,Pothole,0.8293,0.3399,0.3034,0.2757
IMG_01886,IMG_01886_annotation_002,Surface depression,0.2953,0.6171,0.5623,0.2468
IMG_01887,IMG_01887_annotation_000,Pothole,0.4991,0.4611,0.9982,0.656
IMG_01888,IMG_01888_annotation_000,Surface depression,0.6368,0.2895,0.7264,0.3037
IMG_01889,IMG_01889_annotation_000,Surface depression,0.3819,0.2652,0.4438,0.2553
IMG_01890,IMG_01890_annotation_000,Surface depression,0.6114,0.1765,0.7219,0.2951
IMG_01891,IMG_01891_annotation_000,Surface depression,0.5764,0.346,0.8472,0.6784
IMG_01892,IMG_01892_annotation_000,Surface depression,0.4283,0.3549,0.1781,0.0979
IMG_01892,IMG_01892_annotation_001,Surface depression,0.7641,0.3618,0.2866,0.0841
IMG_01894,IMG_01894_annotation_000,Surface depression,0.4991,0.1969,0.9981,0.3939
IMG_01895,IMG_01895_annotation_000,Surface depression,0.4852,0.2336,0.2126,0.137
IMG_01896,IMG_01896_annotation_000,Pothole,0.3371,0.492,0.5212,0.1702
IMG_01897,IMG_01897_annotation_000,Surface depression,0.5302,0.4445,0.5354,0.2929
IMG_01898,IMG_01898_annotation_000,Surface depression,0.7919,0.7839,0.4162,0.4322
IMG_01899,IMG_01899_annotation_000,Pothole,0.2737,0.3991,0.3598,0.1733
IMG_01899,IMG_01899_annotation_001,Pothole,0.5108,0.294,0.1825,0.1477
IMG_01901,IMG_01901_annotation_000,Pothole,0.5027,0.0938,0.1573,0.0773
IMG_01902,IMG_01902_annotation_000,Surface depression,0.2132,0.1501,0.3305,0.1583
IMG_01903,IMG_01903_annotation_000,Pothole,0.2604,0.1782,0.5207,0.186
IMG_01903,IMG_01903_annotation_001,Pothole,0.7587,0.4171,0.4827,0.3487
IMG_01903,IMG_01903_annotation_002,Pothole,0.7649,0.1717,0.4172,0.1033
IMG_01904,IMG_01904_annotation_000,Surface depression,0.4329,0.7001,0.2128,0.5998
IMG_01904,IMG_01904_annotation_001,Surface depression,0.844,0.7199,0.312,0.5602
IMG_01905,IMG_01905_annotation_000,Surface depression,0.4277,0.6871,0.3161,0.3279
IMG_01906,IMG_01906_annotation_000,Pothole,0.4592,0.2819,0.3749,0.2184
IMG_01907,IMG_01907_annotation_000,Pothole,0.4634,0.3389,0.3762,0.1393
IMG_01908,IMG_01908_annotation_000,Road patch failure,0.2258,0.5984,0.3314,0.2936
IMG_01908,IMG_01908_annotation_001,Road patch failure,0.5849,0.4852,0.1038,0.1119
IMG_01909,IMG_01909_annotation_000,Road patch failure,0.5379,0.1418,0.088,0.0611
IMG_01910,IMG_01910_annotation_000,Surface depression,0.4502,0.0925,0.1756,0.067
IMG_01911,IMG_01911_annotation_000,Manhole,0.3975,0.7038,0.3688,0.2119
IMG_01912,IMG_01912_annotation_000,Surface depression,0.8704,0.3965,0.2591,0.1828
IMG_01913,IMG_01913_annotation_000,Surface depression,0.3911,0.2963,0.4018,0.3461
IMG_01913,IMG_01913_annotation_001,Surface depression,0.7128,0.7129,0.5716,0.5722
IMG_01914,IMG_01914_annotation_000,Miscellaneous abnormality,0.3321,0.1287,0.3793,0.2333
IMG_01915,IMG_01915_annotation_000,Pothole,0.3889,0.2164,0.617,0.1555
IMG_01916,IMG_01916_annotation_000,Pothole,0.4968,0.0884,0.4343,0.1164
IMG_01916,IMG_01916_annotation_001,Surface depression,0.3093,0.3219,0.6186,0.274
IMG_01917,IMG_01917_annotation_000,Surface depression,0.1782,0.3687,0.325,0.2029
IMG_01918,IMG_01918_annotation_000,Road patch failure,0.7298,0.5258,0.3485,0.1703
IMG_01918,IMG_01918_annotation_001,Road patch failure,0.8635,0.3533,0.1494,0.0535
IMG_01919,IMG_01919_annotation_000,Pothole,0.7065,0.3838,0.4619,0.1749
IMG_01920,IMG_01920_annotation_000,Surface depression,0.4147,0.4887,0.7439,0.5218
IMG_01921,IMG_01921_annotation_000,Pothole,0.4841,0.1537,0.436,0.2161
IMG_01922,IMG_01922_annotation_000,Surface depression,0.4019,0.2852,0.5586,0.2916
IMG_01922,IMG_01922_annotation_001,Surface depression,0.5538,0.0654,0.3638,0.1309
IMG_01923,IMG_01923_annotation_000,Pothole,0.3454,0.3164,0.2767,0.1422
IMG_01924,IMG_01924_annotation_000,Pothole,0.4242,0.1512,0.2361,0.0803
IMG_01924,IMG_01924_annotation_001,Surface depression,0.5485,0.2956,0.3298,0.1766
IMG_01925,IMG_01925_annotation_000,Manhole,0.5634,0.4256,0.5069,0.4844
IMG_01926,IMG_01926_annotation_000,Pothole,0.2656,0.2561,0.2274,0.1919
IMG_01926,IMG_01926_annotation_001,Road patch failure,0.8838,0.2807,0.1283,0.1804
IMG_01927,IMG_01927_annotation_000,Surface depression,0.5,0.569,1,0.862
IMG_01928,IMG_01928_annotation_000,Surface depression,0.7051,0.1956,0.3553,0.1995
IMG_01928,IMG_01928_annotation_001,Surface depression,0.3008,0.6444,0.5538,0.4598
IMG_01929,IMG_01929_annotation_000,Manhole,0.1149,0.4648,0.2297,0.3019
IMG_01929,IMG_01929_annotation_001,Surface depression,0.6027,0.5964,0.6135,0.4508
IMG_01930,IMG_01930_annotation_000,Manhole,0.5185,0.4725,0.3963,0.363
IMG_01931,IMG_01931_annotation_000,Manhole,0.6558,0.8262,0.3374,0.3476
IMG_01931,IMG_01931_annotation_001,Manhole,0.5422,0.3117,0.2626,0.2538
IMG_01932,IMG_01932_annotation_000,Surface depression,0.5017,0.6825,0.9966,0.635
IMG_01933,IMG_01933_annotation_000,Manhole,0.4187,0.5379,0.5926,0.3352
IMG_01934,IMG_01934_annotation_000,Manhole,0.4836,0.537,0.4846,0.3126
IMG_01935,IMG_01935_annotation_000,Surface depression,0.3555,0.3766,0.4937,0.2608
IMG_01935,IMG_01935_annotation_001,Pothole,0.0898,0.2441,0.1796,0.1434
IMG_01936,IMG_01936_annotation_000,Pothole,0.5386,0.3586,0.4666,0.256
IMG_01937,IMG_01937_annotation_000,Pothole,0.3033,0.4824,0.5589,0.2558
IMG_01937,IMG_01937_annotation_001,Pothole,0.7399,0.2395,0.1595,0.0622
IMG_01937,IMG_01937_annotation_002,Manhole,0.6013,0.0474,0.1624,0.0487
IMG_01938,IMG_01938_annotation_000,Pothole,0.4904,0.5825,0.4515,0.313
IMG_01938,IMG_01938_annotation_001,Manhole,0.0792,0.5149,0.1583,0.2714
IMG_01939,IMG_01939_annotation_000,Surface depression,0.5535,0.5355,0.4783,0.3863
IMG_01940,IMG_01940_annotation_000,Pothole,0.5252,0.4927,0.2689,0.3061
IMG_01941,IMG_01941_annotation_000,Manhole,0.502,0.3826,0.3737,0.2699
IMG_01942,IMG_01942_annotation_000,Surface depression,0.4362,0.3526,0.7754,0.5973
IMG_01943,IMG_01943_annotation_000,Surface depression,0.4931,0.4676,0.8407,0.3007
IMG_01944,IMG_01944_annotation_000,Pothole,0.467,0.5366,0.3056,0.4402
IMG_01945,IMG_01945_annotation_000,Surface depression,0.516,0.4184,0.365,0.2463
IMG_01945,IMG_01945_annotation_001,Surface depression,0.2209,0.7714,0.3945,0.4571
IMG_01945,IMG_01945_annotation_002,Road patch failure,0.8935,0.1122,0.2129,0.1238
IMG_01945,IMG_01945_annotation_003,Surface depression,0.6823,0.2061,0.2096,0.151
IMG_01946,IMG_01946_annotation_000,Pothole,0.5051,0.446,0.277,0.1174
IMG_01947,IMG_01947_annotation_000,Pothole,0.5015,0.3145,0.4399,0.287
IMG_01948,IMG_01948_annotation_000,Pothole,0.7967,0.4659,0.4065,0.3727
IMG_01948,IMG_01948_annotation_001,Surface depression,0.2882,0.6269,0.5764,0.7463
IMG_01949,IMG_01949_annotation_000,Pothole,0.385,0.3007,0.7543,0.243
IMG_01949,IMG_01949_annotation_001,Pothole,0.4851,0.1479,0.1596,0.0514
IMG_01949,IMG_01949_annotation_002,Surface depression,0.2629,0.043,0.5164,0.0667
IMG_01949,IMG_01949_annotation_003,Pothole,0.8208,0.2625,0.1205,0.0667
IMG_01949,IMG_01949_annotation_004,Pothole,0.3279,0.6764,0.6275,0.4639
IMG_01949,IMG_01949_annotation_005,Pothole,0.7402,0.0472,0.2535,0.0667
IMG_01950,IMG_01950_annotation_000,Pothole,0.5461,0.3588,0.3155,0.1484
IMG_01951,IMG_01951_annotation_000,Surface depression,0.4467,0.3509,0.2951,0.1751
IMG_01951,IMG_01951_annotation_001,Pothole,0.1653,0.8965,0.3306,0.2041
IMG_01951,IMG_01951_annotation_002,Surface depression,0.388,0.0926,0.3497,0.1158
IMG_01951,IMG_01951_annotation_003,Surface depression,0.7999,0.1961,0.3374,0.1085
IMG_01952,IMG_01952_annotation_000,Manhole,0.1074,0.5465,0.2148,0.2495
IMG_01952,IMG_01952_annotation_001,Pothole,0.4626,0.5129,0.3806,0.2102
IMG_01953,IMG_01953_annotation_000,Pothole,0.5237,0.1405,0.2442,0.1331
IMG_01953,IMG_01953_annotation_001,Pothole,0.7212,0.1586,0.1886,0.0618
IMG_01954,IMG_01954_annotation_000,Pothole,0.2833,0.3777,0.4753,0.2424
IMG_01955,IMG_01955_annotation_000,Road patch failure,0.486,0.0976,0.192,0.0882
IMG_01955,IMG_01955_annotation_001,Crack,0.3772,0.7006,0.5971,0.5108
IMG_01956,IMG_01956_annotation_000,Pothole,0.409,0.5244,0.2727,0.1615
IMG_01956,IMG_01956_annotation_001,Pothole,0.777,0.834,0.4006,0.2679
IMG_01956,IMG_01956_annotation_002,Pothole,0.146,0.3038,0.2775,0.1308
IMG_01956,IMG_01956_annotation_003,Pothole,0.1255,0.1821,0.2075,0.0692
IMG_01957,IMG_01957_annotation_000,Surface depression,0.3629,0.0693,0.7258,0.1386
IMG_01957,IMG_01957_annotation_001,Surface depression,0.0966,0.2573,0.1932,0.2149
IMG_01958,IMG_01958_annotation_000,Manhole,0.3125,0.3663,0.3125,0.1303
IMG_01958,IMG_01958_annotation_001,Crack,0.4005,0.5383,0.5558,0.1694
IMG_01959,IMG_01959_annotation_000,Manhole,0.415,0.7546,0.2545,0.2394
IMG_01960,IMG_01960_annotation_000,Manhole,0.6998,0.3489,0.2445,0.1401
IMG_01960,IMG_01960_annotation_001,Surface depression,0.4146,0.5243,0.2764,0.9515
IMG_01961,IMG_01961_annotation_000,Surface depression,0.6263,0.5047,0.6753,0.376
IMG_01961,IMG_01961_annotation_001,Surface depression,0.567,0.2365,0.5206,0.1739
IMG_01962,IMG_01962_annotation_000,Pothole,0.372,0.5775,0.48,0.2151
IMG_01962,IMG_01962_annotation_001,Surface depression,0.244,0.2484,0.32,0.2382
IMG_01962,IMG_01962_annotation_002,Pothole,0.104,0.0378,0.14,0.0653
IMG_01963,IMG_01963_annotation_000,Pothole,0.4358,0.1739,0.1443,0.0922
IMG_01964,IMG_01964_annotation_000,Pothole,0.0959,0.1111,0.1918,0.1322
IMG_01964,IMG_01964_annotation_001,Pothole,0.4489,0.0968,0.4527,0.1363
IMG_01964,IMG_01964_annotation_002,Pothole,0.1788,0.3436,0.2317,0.1227
IMG_01964,IMG_01964_annotation_003,Surface depression,0.7256,0.7618,0.5488,0.4765
IMG_01965,IMG_01965_annotation_000,Pothole,0.3601,0.1582,0.1596,0.1074
IMG_01965,IMG_01965_annotation_001,Pothole,0.5248,0.3114,0.3261,0.1761
IMG_01965,IMG_01965_annotation_002,Pothole,0.901,0.1797,0.1953,0.3021
IMG_01965,IMG_01965_annotation_003,Pothole,0.5851,0.1074,0.2225,0.0745
IMG_01966,IMG_01966_annotation_000,Road patch failure,0.5833,0.4508,0.2347,0.1649
IMG_01966,IMG_01966_annotation_001,Surface depression,0.3546,0.1376,0.3997,0.262
IMG_01967,IMG_01967_annotation_000,Surface depression,0.4235,0.1429,0.2612,0.1758
IMG_01968,IMG_01968_annotation_000,Surface depression,0.2588,0.5346,0.5176,0.459
IMG_01969,IMG_01969_annotation_000,Surface depression,0.4282,0.1716,0.2834,0.1936
IMG_01969,IMG_01969_annotation_001,Surface depression,0.5533,0.5607,0.5458,0.4349
IMG_01970,IMG_01970_annotation_000,Surface depression,0.8776,0.5222,0.2447,0.18
IMG_01971,IMG_01971_annotation_000,Surface depression,0.5007,0.3384,0.9987,0.6768
IMG_01972,IMG_01972_annotation_000,Road patch failure,0.1564,0.6397,0.2135,0.2986
IMG_01972,IMG_01972_annotation_001,Road patch failure,0.5706,0.1786,0.2661,0.1464
IMG_01972,IMG_01972_annotation_002,Surface depression,0.863,0.3477,0.1383,0.1127
IMG_01972,IMG_01972_annotation_003,Surface depression,0.3639,0.0542,0.1203,0.1083
IMG_01973,IMG_01973_annotation_000,Road patch failure,0.8017,0.4235,0.3966,0.1498
IMG_01974,IMG_01974_annotation_000,Pothole,0.181,0.1921,0.2815,0.109
IMG_01977,IMG_01977_annotation_000,Surface depression,0.6517,0.4385,0.6965,0.3908
IMG_01978,IMG_01978_annotation_000,Manhole,0.2246,0.3553,0.4492,0.3133
IMG_01979,IMG_01979_annotation_000,Pothole,0.6528,0.5496,0.6574,0.3981
IMG_01980,IMG_01980_annotation_000,Surface depression,0.5714,0.3464,0.1663,0.1359
IMG_01980,IMG_01980_annotation_001,Pothole,0.39,0.1493,0.1844,0.0942
IMG_01981,IMG_01981_annotation_000,Pothole,0.3367,0.781,0.6699,0.4381
IMG_01981,IMG_01981_annotation_001,Pothole,0.3876,0.3623,0.5309,0.1359
IMG_01981,IMG_01981_annotation_002,Pothole,0.6869,0.3055,0.0984,0.0533
IMG_01982,IMG_01982_annotation_000,Pothole,0.5495,0.4179,0.5292,0.2872
IMG_01983,IMG_01983_annotation_000,Pothole,0.489,0.5486,0.4172,0.28
IMG_01984,IMG_01984_annotation_000,Pothole,0.4622,0.1972,0.4901,0.1492
IMG_01985,IMG_01985_annotation_000,Surface depression,0.4791,0.4724,0.9583,0.2938
IMG_01986,IMG_01986_annotation_000,Pothole,0.3005,0.1485,0.2379,0.1235
IMG_01986,IMG_01986_annotation_001,Pothole,0.5373,0.276,0.4432,0.3286
IMG_01986,IMG_01986_annotation_002,Manhole,0.1145,0.2077,0.1455,0.0868
IMG_01987,IMG_01987_annotation_000,Pothole,0.8735,0.1765,0.2041,0.1952
IMG_01987,IMG_01987_annotation_001,Pothole,0.9639,0.4078,0.0721,0.1765
IMG_01987,IMG_01987_annotation_002,Pothole,0.6565,0.0675,0.2299,0.1163
IMG_01987,IMG_01987_annotation_003,Pothole,0.5,0.0876,0.3497,0.1751
IMG_01987,IMG_01987_annotation_004,Pothole,0.1837,0.2086,0.3592,0.4011
IMG_01987,IMG_01987_annotation_005,Pothole,0.6347,0.3603,0.4776,0.258
IMG_01988,IMG_01988_annotation_000,Pothole,0.3991,0.3535,0.3114,0.2976
IMG_01988,IMG_01988_annotation_001,Pothole,0.0854,0.233,0.1708,0.2263
IMG_01988,IMG_01988_annotation_002,Pothole,0.0975,0.0269,0.195,0.0539
IMG_01988,IMG_01988_annotation_003,Pothole,0.4414,0.0822,0.3507,0.1643
IMG_01988,IMG_01988_annotation_004,Manhole,0.6432,0.6673,0.5367,0.3623
IMG_01988,IMG_01988_annotation_005,Pothole,0.6735,0.0397,0.1315,0.0633
IMG_01989,IMG_01989_annotation_000,Pothole,0.5419,0.2725,0.2152,0.0926
IMG_01989,IMG_01989_annotation_001,Manhole,0.1177,0.4891,0.2355,0.2316
IMG_01989,IMG_01989_annotation_002,Manhole,0.2923,0.2657,0.249,0.0981
IMG_01989,IMG_01989_annotation_003,Surface depression,0.2368,0.8127,0.4736,0.3747
IMG_01990,IMG_01990_annotation_000,Pothole,0.5351,0.2854,0.3175,0.1014
IMG_01990,IMG_01990_annotation_001,Road patch failure,0.2736,0.1375,0.1481,0.0667
IMG_01990,IMG_01990_annotation_002,Road patch failure,0.4324,0.2021,0.1361,0.068
IMG_01990,IMG_01990_annotation_003,Road patch failure,0.031,0.4062,0.062,0.0764
IMG_01991,IMG_01991_annotation_000,Pothole,0.4745,0.1907,0.3273,0.1442
IMG_01991,IMG_01991_annotation_001,Surface depression,0.7965,0.6599,0.4069,0.6801
IMG_01992,IMG_01992_annotation_000,Pothole,0.4886,0.5717,0.9623,0.7327
IMG_01992,IMG_01992_annotation_001,Manhole,0.2766,0.0362,0.2105,0.0644
IMG_01993,IMG_01993_annotation_000,Surface depression,0.8653,0.4845,0.1075,0.1638
IMG_01993,IMG_01993_annotation_001,Surface depression,0.9333,0.1719,0.1025,0.0955
IMG_01994,IMG_01994_annotation_000,Surface depression,0.7614,0.2401,0.407,0.252
IMG_01994,IMG_01994_annotation_001,Surface depression,0.5454,0.6771,0.6558,0.6379
IMG_01995,IMG_01995_annotation_000,Pothole,0.4114,0.6322,0.3299,0.2639
IMG_01996,IMG_01996_annotation_000,Surface depression,0.2578,0.6427,0.4419,0.7128
IMG_01997,IMG_01997_annotation_000,Pothole,0.3486,0.2973,0.5,0.1686
IMG_01998,IMG_01998_annotation_000,Pothole,0.6529,0.3427,0.5147,0.4044
IMG_01999,IMG_01999_annotation_000,Surface depression,0.4145,0.6789,0.292,0.3405
IMG_01999,IMG_01999_annotation_001,Surface depression,0.5911,0.2849,0.1111,0.0814
IMG_02000,IMG_02000_annotation_000,Road patch failure,0.409,0.3992,0.2908,0.1666
IMG_02000,IMG_02000_annotation_001,Surface depression,0.3198,0.0717,0.1318,0.0391
IMG_02000,IMG_02000_annotation_002,Road patch failure,0.8519,0.4788,0.2074,0.1434
IMG_02001,IMG_02001_annotation_000,Surface depression,0.4137,0.5304,0.5365,0.5304
IMG_02002,IMG_02002_annotation_000,Surface depression,0.5638,0.3996,0.7806,0.4327
IMG_02003,IMG_02003_annotation_000,Surface depression,0.472,0.6731,0.3671,0.2794
IMG_02003,IMG_02003_annotation_001,Road patch failure,0.4642,0.1312,0.1157,0.1044
IMG_02005,IMG_02005_annotation_000,Pothole,0.4804,0.3903,0.4543,0.2174
IMG_02006,IMG_02006_annotation_000,Surface depression,0.5553,0.4075,0.2074,0.1218
IMG_02007,IMG_02007_annotation_000,Surface depression,0.4321,0.3469,0.3074,0.1083
IMG_02008,IMG_02008_annotation_000,Manhole,0.4449,0.3801,0.3004,0.166
IMG_02009,IMG_02009_annotation_000,Surface depression,0.2705,0.2359,0.2102,0.1573
IMG_02009,IMG_02009_annotation_001,Surface depression,0.506,0.4376,0.362,0.2519
IMG_02010,IMG_02010_annotation_000,Manhole,0.3848,0.3486,0.3772,0.1835
IMG_02010,IMG_02010_annotation_001,Surface depression,0.3028,0.9124,0.5277,0.1751
IMG_02011,IMG_02011_annotation_000,Pothole,0.4451,0.6261,0.5094,0.3669
IMG_02011,IMG_02011_annotation_001,Manhole,0.8977,0.2591,0.2045,0.1905
IMG_02012,IMG_02012_annotation_000,Surface depression,0.5363,0.554,0.2621,0.6339
IMG_02012,IMG_02012_annotation_001,Surface depression,0.0803,0.3855,0.1607,0.5711
IMG_02013,IMG_02013_annotation_000,Surface depression,0.6126,0.6811,0.2967,0.2636
IMG_02013,IMG_02013_annotation_001,Surface depression,0.3171,0.4242,0.3278,0.2415
IMG_02013,IMG_02013_annotation_002,Surface depression,0.1017,0.2298,0.2034,0.1267
IMG_02014,IMG_02014_annotation_000,Surface depression,0.2655,0.4144,0.2848,0.2662
IMG_02014,IMG_02014_annotation_001,Manhole,0.6479,0.3801,0.2655,0.1235
IMG_02014,IMG_02014_annotation_002,Surface depression,0.8182,0.6236,0.3636,0.1935
IMG_02015,IMG_02015_annotation_000,Surface depression,0.327,0.8056,0.5756,0.3888
IMG_02015,IMG_02015_annotation_001,Surface depression,0.0519,0.0821,0.0783,0.0345
IMG_02016,IMG_02016_annotation_000,Surface depression,0.3625,0.3888,0.6678,0.4965
IMG_02017,IMG_02017_annotation_000,Surface depression,0.4056,0.298,0.3486,0.062
IMG_02017,IMG_02017_annotation_001,Manhole,0.5119,0.2218,0.2143,0.0688
IMG_02017,IMG_02017_annotation_002,Surface depression,0.5799,0.3749,0.5578,0.1187
IMG_02017,IMG_02017_annotation_003,Surface depression,0.273,0.565,0.5459,0.24
IMG_02018,IMG_02018_annotation_000,Surface depression,0.1049,0.1505,0.2098,0.1525
IMG_02018,IMG_02018_annotation_001,Surface depression,0.5266,0.5911,0.9469,0.6937
IMG_02019,IMG_02019_annotation_000,Surface depression,0.191,0.3505,0.3186,0.4451
IMG_02019,IMG_02019_annotation_001,Road patch failure,0.2166,0.7622,0.127,0.2759
IMG_02020,IMG_02020_annotation_000,Pothole,0.5079,0.3558,0.4342,0.1205
IMG_02020,IMG_02020_annotation_001,Surface depression,0.6335,0.754,0.7331,0.4921
IMG_02020,IMG_02020_annotation_002,Pothole,0.9321,0.2912,0.1195,0.1205
IMG_02021,IMG_02021_annotation_000,Surface depression,0.6164,0.6026,0.4709,0.6
IMG_02022,IMG_02022_annotation_000,Pothole,0.6808,0.4881,0.6384,0.2781
IMG_02022,IMG_02022_annotation_001,Surface depression,0.6041,0.832,0.657,0.336
IMG_02023,IMG_02023_annotation_000,Surface depression,0.5387,0.4577,0.2876,0.4095
IMG_02024,IMG_02024_annotation_000,Surface depression,0.5483,0.2658,0.2044,0.0689
IMG_02025,IMG_02025_annotation_000,Surface depression,0.481,0.458,0.652,0.2766
IMG_02026,IMG_02026_annotation_000,Road patch failure,0.4182,0.6766,0.6034,0.5059
IMG_02027,IMG_02027_annotation_000,Surface depression,0.6599,0.4963,0.6712,0.232
IMG_02027,IMG_02027_annotation_001,Manhole,0.4054,0.3138,0.4279,0.1002
IMG_02027,IMG_02027_annotation_002,Surface depression,0.2252,0.1788,0.1577,0.0532
IMG_02027,IMG_02027_annotation_003,Surface depression,0.3615,0.109,0.2635,0.0634
IMG_02027,IMG_02027_annotation_004,Manhole,0.4302,0.1908,0.2703,0.0596
IMG_02027,IMG_02027_annotation_005,Manhole,0.3052,0.0729,0.1194,0.0241
IMG_02028,IMG_02028_annotation_000,Pothole,0.3359,0.1066,0.1736,0.0617
IMG_02028,IMG_02028_annotation_001,Pothole,0.4393,0.2062,0.2808,0.0963
IMG_02028,IMG_02028_annotation_002,Pothole,0.2129,0.2646,0.2053,0.0874
IMG_02028,IMG_02028_annotation_003,Pothole,0.554,0.3398,0.2446,0.1374
IMG_02029,IMG_02029_annotation_000,Pothole,0.5368,0.3299,0.2165,0.1226
IMG_02029,IMG_02029_annotation_001,Manhole,0.309,0.4284,0.4255,0.2387
IMG_02029,IMG_02029_annotation_002,Manhole,0.0947,0.0528,0.1894,0.0717
IMG_02030,IMG_02030_annotation_000,Manhole,0.5124,0.6831,0.6033,0.3307
IMG_02030,IMG_02030_annotation_001,Pothole,0.2669,0.3386,0.5338,0.3147
IMG_02031,IMG_02031_annotation_000,Surface depression,0.2397,0.7113,0.4794,0.5774
IMG_02032,IMG_02032_annotation_000,Surface depression,0.0862,0.1447,0.1724,0.1685
IMG_02033,IMG_02033_annotation_000,Surface depression,0.5112,0.4653,0.9182,0.8345
IMG_02034,IMG_02034_annotation_000,Surface depression,0.5079,0.5048,0.9841,0.9903
IMG_02036,IMG_02036_annotation_000,Surface depression,0.219,0.3704,0.1986,0.1505
IMG_02038,IMG_02038_annotation_000,Pothole,0.2184,0.1897,0.1872,0.1986
IMG_02038,IMG_02038_annotation_001,Pothole,0.1958,0.0295,0.1664,0.0589
IMG_02039,IMG_02039_annotation_000,Road patch failure,0.8354,0.8298,0.3293,0.3403
IMG_02040,IMG_02040_annotation_000,Surface depression,0.4993,0.3763,0.9986,0.7525
IMG_02041,IMG_02041_annotation_000,Surface depression,0.4993,0.3712,0.9986,0.7423
IMG_02042,IMG_02042_annotation_000,Surface depression,0.221,0.2151,0.0992,0.0531
IMG_02042,IMG_02042_annotation_001,Surface depression,0.3699,0.2389,0.1413,0.0425
IMG_02042,IMG_02042_annotation_002,Surface depression,0.6292,0.2914,0.1729,0.0465
IMG_02043,IMG_02043_annotation_000,Surface depression,0.6758,0.4305,0.311,0.1311
IMG_02044,IMG_02044_annotation_000,Pothole,0.3518,0.5004,0.5864,0.3466
IMG_02044,IMG_02044_annotation_001,Manhole,0.4211,0.2373,0.3198,0.0793
IMG_02044,IMG_02044_annotation_002,Surface depression,0.1759,0.1872,0.1972,0.0793
IMG_02045,IMG_02045_annotation_000,Road patch failure,0.5137,0.2847,0.2381,0.0852
IMG_02046,IMG_02046_annotation_000,Manhole,0.4981,0.3156,0.1487,0.0913
IMG_02047,IMG_02047_annotation_000,Surface depression,0.4478,0.6728,0.2997,0.2502
IMG_02048,IMG_02048_annotation_000,Pothole,0.4087,0.671,0.2985,0.4055
IMG_02048,IMG_02048_annotation_001,Manhole,0.7602,0.6896,0.2833,0.2998
IMG_02049,IMG_02049_annotation_000,Manhole,0.5099,0.1132,0.1802,0.0669
IMG_02049,IMG_02049_annotation_001,Surface depression,0.7217,0.6264,0.5567,0.43
IMG_02049,IMG_02049_annotation_002,Surface depression,0.213,0.7157,0.4261,0.5686
IMG_02050,IMG_02050_annotation_000,Surface depression,0.4988,0.1836,0.9976,0.3672
IMG_02051,IMG_02051_annotation_000,Manhole,0.2912,0.2126,0.2257,0.0782
IMG_02051,IMG_02051_annotation_001,Surface depression,0.46,0.4522,0.4268,0.1536
IMG_02052,IMG_02052_annotation_000,Manhole,0.3759,0.3838,0.5798,0.4108
IMG_02053,IMG_02053_annotation_000,Pothole,0.6939,0.308,0.1633,0.0908
IMG_02053,IMG_02053_annotation_001,Surface depression,0.2696,0.3417,0.5153,0.2159
IMG_02053,IMG_02053_annotation_002,Manhole,0.0927,0.0811,0.1854,0.044
IMG_02054,IMG_02054_annotation_000,Pothole,0.5427,0.5678,0.2658,0.2527
IMG_02054,IMG_02054_annotation_001,Manhole,0.2049,0.6812,0.4098,0.4496
IMG_02055,IMG_02055_annotation_000,Surface depression,0.7096,0.3167,0.099,0.1235
IMG_02056,IMG_02056_annotation_000,Manhole,0.6113,0.3482,0.2595,0.1146
IMG_02056,IMG_02056_annotation_001,Surface depression,0.3554,0.5327,0.1946,0.2181
IMG_02056,IMG_02056_annotation_002,Surface depression,0.1925,0.7978,0.2956,0.4044
IMG_02056,IMG_02056_annotation_003,Surface depression,0.6711,0.2384,0.2119,0.1077
IMG_02057,IMG_02057_annotation_000,Surface depression,0.5263,0.238,0.3111,0.1998
IMG_02058,IMG_02058_annotation_000,Surface depression,0.2309,0.6766,0.2821,0.3625
IMG_02059,IMG_02059_annotation_000,Surface depression,0.5,0.671,1,0.6581
IMG_02061,IMG_02061_annotation_000,Surface depression,0.4146,0.5575,0.7715,0.2731
IMG_02061,IMG_02061_annotation_001,Surface depression,0.3748,0.1326,0.1536,0.0963
IMG_02062,IMG_02062_annotation_000,Surface depression,0.542,0.5465,0.283,0.2358
IMG_02063,IMG_02063_annotation_000,Surface depression,0.6058,0.4156,0.3349,0.3621
IMG_02063,IMG_02063_annotation_001,Surface depression,0.1854,0.6523,0.3709,0.4924
IMG_02063,IMG_02063_annotation_002,Surface depression,0.9038,0.3354,0.1893,0.6708
IMG_02064,IMG_02064_annotation_000,Manhole,0.1427,0.699,0.2853,0.5984
IMG_02064,IMG_02064_annotation_001,Surface depression,0.7399,0.8508,0.5203,0.2983
IMG_02065,IMG_02065_annotation_000,Pothole,0.4826,0.1935,0.3238,0.203
IMG_02065,IMG_02065_annotation_001,Road patch failure,0.7372,0.7078,0.3678,0.2869
IMG_02065,IMG_02065_annotation_002,Road patch failure,0.4545,0.3911,0.2189,0.1651
IMG_02066,IMG_02066_annotation_000,Manhole,0.1483,0.7217,0.2967,0.5532
IMG_02066,IMG_02066_annotation_001,Surface depression,0.7633,0.841,0.4734,0.318
IMG_02067,IMG_02067_annotation_000,Surface depression,0.5663,0.1815,0.2755,0.1679
IMG_02067,IMG_02067_annotation_001,Surface depression,0.8724,0.6315,0.2551,0.2325
IMG_02068,IMG_02068_annotation_000,Surface depression,0.3978,0.6216,0.2518,0.1333
IMG_02069,IMG_02069_annotation_000,Pothole,0.4617,0.5322,0.7252,0.3868
IMG_02070,IMG_02070_annotation_000,Surface depression,0.3786,0.6672,0.7572,0.6657
IMG_02071,IMG_02071_annotation_000,Surface depression,0.5047,0.471,0.9905,0.5942
IMG_02072,IMG_02072_annotation_000,Manhole,0.2921,0.16,0.2344,0.068
IMG_02072,IMG_02072_annotation_001,Surface depression,0.3906,0.4502,0.3295,0.2492
IMG_02073,IMG_02073_annotation_000,Surface depression,0.574,0.6932,0.184,0.3315
IMG_02074,IMG_02074_annotation_000,Surface depression,0.5181,0.5763,0.6977,0.4883
